datetime,XAU,XAG,XPT
2025-01-09 18:00:00-05:00,2670.05,30.09,1250.32
2025-01-09 19:00:00-05:00,2670.53,30.13,1250.32
2025-01-09 20:00:00-05:00,2671.14,30.19,1250.32
2025-01-09 21:00:00-05:00,2673.48,30.26,1250.32
2025-01-09 22:00:00-05:00,2673.81,30.27,1250.32
2025-01-09 23:00:00-05:00,2671.96,30.23,1250.32
2025-01-10 00:00:00-05:00,2675.1,30.26,1250.32
2025-01-10 01:00:00-05:00,2678.22,30.28,1250.32
2025-01-10 02:00:00-05:00,2676.32,30.24,1250.32
2025-01-10 03:00:00-05:00,2680.05,30.28,1250.32
2025-01-10 04:00:00-05:00,2678.74,30.31,1250.32
2025-01-10 05:00:00-05:00,2681.05,30.38,1250.32
2025-01-10 06:00:00-05:00,2681.38,30.4,1250.32
2025-01-10 07:00:00-05:00,2678.47,30.35,1250.32
2025-01-10 08:00:00-05:00,2682.69,30.33,1250.32
2025-01-10 09:00:00-05:00,2688.38,30.54,1250.32
2025-01-10 10:00:00-05:00,2692.69,30.34,1250.32
2025-01-10 11:00:00-05:00,2696.38,30.53,1250.32
2025-01-10 12:00:00-05:00,2696.14,30.42,1250.32
2025-01-10 13:00:00-05:00,2687.34,30.43,1250.32
2025-01-10 14:00:00-05:00,2685.82,30.4,1250.32
2025-01-10 15:00:00-05:00,2690.74,30.34,1250.32
2025-01-10 16:00:00-05:00,2689.0,30.42,1250.32
2025-01-12 18:00:00-05:00,2691.1,30.46,1250.32
2025-01-12 19:00:00-05:00,2689.67,30.41,1250.32
2025-01-12 20:00:00-05:00,2685.72,30.28,1250.32
2025-01-12 21:00:00-05:00,2688.64,30.32,1250.32
2025-01-12 22:00:00-05:00,2688.05,30.24,1250.32
2025-01-12 23:00:00-05:00,2686.18,30.23,1250.32
2025-01-13 00:00:00-05:00,2687.07,30.19,1250.32
2025-01-13 01:00:00-05:00,2690.41,30.27,1250.32
2025-01-13 02:00:00-05:00,2685.35,30.23,1250.32
2025-01-13 03:00:00-05:00,2687.28,30.3,1250.32
2025-01-13 04:00:00-05:00,2684.82,30.01,1250.32
2025-01-13 05:00:00-05:00,2679.57,30.03,1250.32
2025-01-13 06:00:00-05:00,2675.98,29.87,1250.32
2025-01-13 07:00:00-05:00,2671.33,29.84,1250.32
2025-01-13 08:00:00-05:00,2669.31,29.72,1250.32
2025-01-13 09:00:00-05:00,2671.79,29.81,1250.32
2025-01-13 10:00:00-05:00,2661.93,29.55,1250.32
2025-01-13 11:00:00-05:00,2661.45,29.62,1250.32
2025-01-13 12:00:00-05:00,2660.95,29.68,1250.32
2025-01-13 13:00:00-05:00,2659.41,29.63,1250.32
2025-01-13 14:00:00-05:00,2658.95,29.63,1250.32
2025-01-13 15:00:00-05:00,2662.32,29.6,1250.32
2025-01-13 16:00:00-05:00,2664.35,29.62,1250.32
2025-01-13 18:00:00-05:00,2668.24,29.68,1250.32
2025-01-13 19:00:00-05:00,2670.55,29.69,1250.32
2025-01-13 20:00:00-05:00,2670.78,29.64,1250.32
2025-01-13 21:00:00-05:00,2670.71,29.61,1250.32
2025-01-13 22:00:00-05:00,2669.83,29.65,1250.32
2025-01-13 23:00:00-05:00,2673.7,29.7,1250.32
2025-01-14 00:00:00-05:00,2668.78,29.63,1250.32
2025-01-14 01:00:00-05:00,2669.22,29.69,1250.32
2025-01-14 02:00:00-05:00,2669.23,29.75,1250.32
2025-01-14 03:00:00-05:00,2671.09,29.76,1250.32
2025-01-14 04:00:00-05:00,2667.35,29.7,1250.32
2025-01-14 05:00:00-05:00,2666.79,29.7,1250.32
2025-01-14 06:00:00-05:00,2669.35,29.76,1250.32
2025-01-14 07:00:00-05:00,2668.4,29.69,1250.32
2025-01-14 08:00:00-05:00,2663.02,29.77,1250.32
2025-01-14 09:00:00-05:00,2665.3,29.82,1250.32
2025-01-14 10:00:00-05:00,2671.82,29.92,1250.32
2025-01-14 11:00:00-05:00,2671.72,29.83,1250.32
2025-01-14 12:00:00-05:00,2669.09,29.8,1250.32
2025-01-14 13:00:00-05:00,2672.4,29.86,1250.32
2025-01-14 14:00:00-05:00,2674.39,29.82,1250.32
2025-01-14 15:00:00-05:00,2676.48,29.89,1250.32
2025-01-14 16:00:00-05:00,2676.15,29.89,1250.32
2025-01-14 18:00:00-05:00,2675.58,29.85,1250.32
2025-01-14 19:00:00-05:00,2672.8,29.8,1250.32
2025-01-14 20:00:00-05:00,2670.23,29.76,1250.32
2025-01-14 21:00:00-05:00,2673.61,29.84,1250.32
2025-01-14 22:00:00-05:00,2676.21,29.86,1250.32
2025-01-14 23:00:00-05:00,2675.56,29.81,1250.32
2025-01-15 00:00:00-05:00,2679.19,29.86,1250.32
2025-01-15 01:00:00-05:00,2681.11,29.95,1250.32
2025-01-15 02:00:00-05:00,2681.43,30.0,1250.32
2025-01-15 03:00:00-05:00,2684.05,30.04,1250.32
2025-01-15 04:00:00-05:00,2685.97,30.12,1250.32
2025-01-15 05:00:00-05:00,2688.49,30.07,1250.32
2025-01-15 06:00:00-05:00,2686.93,30.05,1250.32
2025-01-15 07:00:00-05:00,2684.64,29.92,1250.32
2025-01-15 08:00:00-05:00,2693.82,30.32,1250.32
2025-01-15 09:00:00-05:00,2682.18,30.29,1250.32
2025-01-15 10:00:00-05:00,2678.64,30.29,1250.32
2025-01-15 11:00:00-05:00,2689.41,30.49,1250.32
2025-01-15 12:00:00-05:00,2692.76,30.59,1250.32
2025-01-15 13:00:00-05:00,2694.17,30.62,1250.32
2025-01-15 14:00:00-05:00,2694.09,30.66,1250.32
2025-01-15 15:00:00-05:00,2696.41,30.71,1250.32
2025-01-15 16:00:00-05:00,2694.64,30.66,1250.32
2025-01-15 18:00:00-05:00,2695.08,30.67,1250.32
2025-01-15 19:00:00-05:00,2695.5,30.59,1250.32
2025-01-15 20:00:00-05:00,2696.45,30.73,1250.32
2025-01-15 21:00:00-05:00,2697.56,30.64,1250.32
2025-01-15 22:00:00-05:00,2697.1,30.66,1250.32
2025-01-15 23:00:00-05:00,2697.49,30.68,1250.32
2025-01-16 00:00:00-05:00,2694.76,30.64,1250.32
2025-01-16 01:00:00-05:00,2693.88,30.74,1250.32
2025-01-16 02:00:00-05:00,2698.35,30.87,1250.32
2025-01-16 03:00:00-05:00,2699.14,30.81,1250.32
2025-01-16 04:00:00-05:00,2705.49,30.84,1250.32
2025-01-16 05:00:00-05:00,2707.79,30.78,1250.32
2025-01-16 06:00:00-05:00,2706.47,30.78,1250.32
2025-01-16 07:00:00-05:00,2703.74,30.55,1250.32
2025-01-16 08:00:00-05:00,2715.45,30.77,1250.32
2025-01-16 09:00:00-05:00,2718.75,30.74,1250.32
2025-01-16 10:00:00-05:00,2716.94,30.79,1250.32
2025-01-16 11:00:00-05:00,2720.45,30.85,1250.32
2025-01-16 12:00:00-05:00,2721.82,30.89,1250.32
2025-01-16 13:00:00-05:00,2715.28,30.79,1250.32
2025-01-16 14:00:00-05:00,2715.29,30.86,1250.32
2025-01-16 15:00:00-05:00,2715.77,30.8,1250.32
2025-01-16 16:00:00-05:00,2715.77,30.82,1250.32
2025-01-16 18:00:00-05:00,2714.6,30.77,1250.32
2025-01-16 19:00:00-05:00,2714.85,30.84,1250.32
2025-01-16 20:00:00-05:00,2714.74,30.8,1250.32
2025-01-16 21:00:00-05:00,2715.93,30.77,1250.32
2025-01-16 22:00:00-05:00,2715.48,30.78,1250.32
2025-01-16 23:00:00-05:00,2714.82,30.74,1250.32
2025-01-17 00:00:00-05:00,2711.69,30.63,1250.32
2025-01-17 01:00:00-05:00,2712.68,30.67,1250.32
2025-01-17 02:00:00-05:00,2710.71,30.61,1250.32
2025-01-17 03:00:00-05:00,2711.72,30.58,1250.32
2025-01-17 04:00:00-05:00,2705.09,30.48,1250.32
2025-01-17 05:00:00-05:00,2704.11,30.52,1250.32
2025-01-17 06:00:00-05:00,2708.2,30.64,1250.32
2025-01-17 07:00:00-05:00,2710.99,30.47,1250.32
2025-01-17 08:00:00-05:00,2705.23,30.19,1250.32
2025-01-17 09:00:00-05:00,2711.82,30.35,1250.32
2025-01-17 10:00:00-05:00,2714.39,30.32,1250.32
2025-01-17 11:00:00-05:00,2716.14,30.44,1250.32
2025-01-17 12:00:00-05:00,2712.57,30.33,1250.32
2025-01-17 13:00:00-05:00,2705.51,30.31,1250.32
2025-01-17 14:00:00-05:00,2703.12,30.19,1250.32
2025-01-17 15:00:00-05:00,2700.82,30.32,1250.32
2025-01-17 16:00:00-05:00,2699.9,30.35,1250.32
2025-01-19 18:00:00-05:00,2696.65,30.33,1250.32
2025-01-19 19:00:00-05:00,2694.68,30.31,1250.32
2025-01-19 20:00:00-05:00,2694.02,30.2,1250.32
2025-01-19 21:00:00-05:00,2697.53,30.19,1250.32
2025-01-19 22:00:00-05:00,2703.41,30.35,1250.32
2025-01-19 23:00:00-05:00,2706.05,30.4,1250.32
2025-01-20 00:00:00-05:00,2707.42,30.39,1250.32
2025-01-20 01:00:00-05:00,2711.74,30.39,1250.32
2025-01-20 02:00:00-05:00,2703.53,30.38,1250.32
2025-01-20 03:00:00-05:00,2707.05,30.36,1250.32
2025-01-20 04:00:00-05:00,2706.12,30.27,1250.32
2025-01-20 05:00:00-05:00,2708.45,30.23,1250.32
2025-01-20 06:00:00-05:00,2708.49,30.26,1250.32
2025-01-20 07:00:00-05:00,2708.3,30.22,1250.32
2025-01-20 08:00:00-05:00,2705.19,30.24,1250.32
2025-01-20 09:00:00-05:00,2710.43,30.48,1250.32
2025-01-20 10:00:00-05:00,2706.99,30.47,1250.32
2025-01-20 11:00:00-05:00,2707.93,30.6,1250.32
2025-01-20 12:00:00-05:00,2707.41,30.48,1250.32
2025-01-20 13:00:00-05:00,2710.83,30.55,1250.32
2025-01-20 14:00:00-05:00,2707.76,30.5,1250.32
2025-01-20 15:00:00-05:00,2707.76,30.5,1250.32
2025-01-20 16:00:00-05:00,2707.74,30.48,1250.32
2025-01-20 18:00:00-05:00,2710.53,30.58,1250.32
2025-01-20 19:00:00-05:00,2705.69,30.27,1250.32
2025-01-20 20:00:00-05:00,2718.05,30.45,1250.32
2025-01-20 21:00:00-05:00,2724.61,30.65,1250.32
2025-01-20 22:00:00-05:00,2724.4,30.62,1250.32
2025-01-20 23:00:00-05:00,2727.35,30.6,1250.32
2025-01-21 00:00:00-05:00,2726.16,30.64,1250.32
2025-01-21 01:00:00-05:00,2724.3,30.57,1250.32
2025-01-21 02:00:00-05:00,2729.97,30.58,1250.32
2025-01-21 03:00:00-05:00,2723.41,30.42,1250.32
2025-01-21 04:00:00-05:00,2721.49,30.47,1250.32
2025-01-21 05:00:00-05:00,2720.05,30.47,1250.32
2025-01-21 06:00:00-05:00,2724.03,30.55,1250.32
2025-01-21 07:00:00-05:00,2726.95,30.57,1250.32
2025-01-21 08:00:00-05:00,2726.36,30.51,1250.32
2025-01-21 09:00:00-05:00,2738.22,30.72,1250.32
2025-01-21 10:00:00-05:00,2738.94,30.65,1250.32
2025-01-21 11:00:00-05:00,2743.23,30.8,1250.32
2025-01-21 12:00:00-05:00,2740.28,30.75,1250.32
2025-01-21 13:00:00-05:00,2744.65,30.83,1250.32
2025-01-21 14:00:00-05:00,2742.81,30.78,1250.32
2025-01-21 15:00:00-05:00,2742.59,30.79,1250.32
2025-01-21 16:00:00-05:00,2744.12,30.81,1250.32
2025-01-21 18:00:00-05:00,2744.59,30.75,1250.32
2025-01-21 19:00:00-05:00,2748.39,30.86,1250.32
2025-01-21 20:00:00-05:00,2747.96,30.83,1250.32
2025-01-21 21:00:00-05:00,2749.16,30.83,1250.32
2025-01-21 22:00:00-05:00,2750.53,30.9,1250.32
2025-01-21 23:00:00-05:00,2752.25,30.9,1250.32
2025-01-22 00:00:00-05:00,2758.28,30.93,1250.32
2025-01-22 01:00:00-05:00,2747.07,30.83,1250.32
2025-01-22 02:00:00-05:00,2748.95,30.82,1250.32
2025-01-22 03:00:00-05:00,2753.35,30.86,1250.32
2025-01-22 04:00:00-05:00,2758.64,30.93,1250.32
2025-01-22 05:00:00-05:00,2760.28,30.89,1250.32
2025-01-22 06:00:00-05:00,2756.65,30.84,1250.32
2025-01-22 07:00:00-05:00,2758.48,30.78,1250.32
2025-01-22 08:00:00-05:00,2757.84,30.8,1250.32
2025-01-22 09:00:00-05:00,2753.9,30.65,1250.32
2025-01-22 10:00:00-05:00,2759.35,30.71,1250.32
2025-01-22 11:00:00-05:00,2758.38,30.77,1250.32
2025-01-22 12:00:00-05:00,2756.62,30.82,1250.32
2025-01-22 13:00:00-05:00,2757.86,30.89,1250.32
2025-01-22 14:00:00-05:00,2755.38,30.86,1250.32
2025-01-22 15:00:00-05:00,2756.79,30.81,1250.32
2025-01-22 16:00:00-05:00,2755.87,30.83,1250.32
2025-01-22 18:00:00-05:00,2755.41,30.78,1250.32
2025-01-22 19:00:00-05:00,2755.56,30.84,1250.32
2025-01-22 20:00:00-05:00,2752.76,30.7,1250.32
2025-01-22 21:00:00-05:00,2752.74,30.65,1250.32
2025-01-22 22:00:00-05:00,2750.18,30.58,1250.32
2025-01-22 23:00:00-05:00,2751.61,30.64,1250.32
2025-01-23 00:00:00-05:00,2752.19,30.64,1250.32
2025-01-23 01:00:00-05:00,2753.23,30.64,1250.32
2025-01-23 02:00:00-05:00,2752.86,30.65,1250.32
2025-01-23 03:00:00-05:00,2752.76,30.54,1250.32
2025-01-23 04:00:00-05:00,2745.99,30.56,1250.32
2025-01-23 05:00:00-05:00,2751.38,30.59,1250.32
2025-01-23 06:00:00-05:00,2751.94,30.5,1250.32
2025-01-23 07:00:00-05:00,2744.85,30.41,1250.32
2025-01-23 08:00:00-05:00,2741.67,30.25,1250.32
2025-01-23 09:00:00-05:00,2746.21,30.24,1250.32
2025-01-23 10:00:00-05:00,2746.49,30.15,1250.32
2025-01-23 11:00:00-05:00,2754.07,30.32,1250.32
2025-01-23 12:00:00-05:00,2757.78,30.48,1250.32
2025-01-23 13:00:00-05:00,2755.86,30.46,1250.32
2025-01-23 14:00:00-05:00,2754.2,30.43,1250.32
2025-01-23 15:00:00-05:00,2753.94,30.49,1250.32
2025-01-23 16:00:00-05:00,2754.98,30.45,1250.32
2025-01-23 18:00:00-05:00,2754.59,30.47,1250.32
2025-01-23 19:00:00-05:00,2759.93,30.48,1250.32
2025-01-23 20:00:00-05:00,2762.42,30.67,1250.32
2025-01-23 21:00:00-05:00,2774.25,30.79,1250.32
2025-01-23 22:00:00-05:00,2772.6,30.78,1250.32
2025-01-23 23:00:00-05:00,2772.2,30.78,1250.32
2025-01-24 00:00:00-05:00,2775.36,30.82,1250.32
2025-01-24 01:00:00-05:00,2773.95,30.82,1250.32
2025-01-24 02:00:00-05:00,2772.85,30.85,1250.32
2025-01-24 03:00:00-05:00,2774.07,30.91,1250.32
2025-01-24 04:00:00-05:00,2772.91,30.85,1250.32
2025-01-24 05:00:00-05:00,2775.82,30.9,1250.32
2025-01-24 06:00:00-05:00,2776.82,30.87,1250.32
2025-01-24 07:00:00-05:00,2778.65,30.89,1250.32
2025-01-24 08:00:00-05:00,2782.52,30.93,1250.32
2025-01-24 09:00:00-05:00,2778.5,30.6,1250.32
2025-01-24 10:00:00-05:00,2775.92,30.63,1250.32
2025-01-24 11:00:00-05:00,2771.95,30.69,1250.32
2025-01-24 12:00:00-05:00,2773.34,30.69,1250.32
2025-01-24 13:00:00-05:00,2773.55,30.7,1250.32
2025-01-24 14:00:00-05:00,2774.7,30.69,1250.32
2025-01-24 15:00:00-05:00,2771.08,30.65,1250.32
2025-01-24 16:00:00-05:00,2770.7,30.58,1250.32
2025-01-26 18:00:00-05:00,2767.4,30.53,1250.32
2025-01-26 19:00:00-05:00,2769.73,30.53,1250.32
2025-01-26 20:00:00-05:00,2763.15,30.33,1250.32
2025-01-26 21:00:00-05:00,2756.4,30.23,1250.32
2025-01-26 22:00:00-05:00,2761.2,30.36,1250.32
2025-01-26 23:00:00-05:00,2758.23,30.34,1250.32
2025-01-27 00:00:00-05:00,2753.38,30.25,1250.32
2025-01-27 01:00:00-05:00,2754.77,30.27,1250.32
2025-01-27 02:00:00-05:00,2749.53,30.15,1250.32
2025-01-27 03:00:00-05:00,2757.24,30.29,1250.32
2025-01-27 04:00:00-05:00,2763.39,30.46,1250.32
2025-01-27 05:00:00-05:00,2768.2,30.49,1250.32
2025-01-27 06:00:00-05:00,2771.39,30.59,1250.32
2025-01-27 07:00:00-05:00,2761.47,30.52,1250.32
2025-01-27 08:00:00-05:00,2757.34,30.41,1250.32
2025-01-27 09:00:00-05:00,2751.5,30.37,1250.32
2025-01-27 10:00:00-05:00,2742.11,30.37,1250.32
2025-01-27 11:00:00-05:00,2734.51,29.9,1250.32
2025-01-27 12:00:00-05:00,2733.77,30.0,1250.32
2025-01-27 13:00:00-05:00,2737.06,30.09,1250.32
2025-01-27 14:00:00-05:00,2739.38,30.15,1250.32
2025-01-27 15:00:00-05:00,2741.57,30.17,1250.32
2025-01-27 16:00:00-05:00,2740.66,30.2,1250.32
2025-01-27 18:00:00-05:00,2741.86,30.19,1250.32
2025-01-27 19:00:00-05:00,2740.77,30.15,1250.32
2025-01-27 20:00:00-05:00,2741.57,30.11,1250.32
2025-01-27 21:00:00-05:00,2739.44,30.03,1250.32
2025-01-27 22:00:00-05:00,2738.84,30.02,1250.32
2025-01-27 23:00:00-05:00,2742.49,30.09,1250.32
2025-01-28 00:00:00-05:00,2741.63,30.08,1250.32
2025-01-28 01:00:00-05:00,2739.61,29.99,1250.32
2025-01-28 02:00:00-05:00,2739.09,29.96,1250.32
2025-01-28 03:00:00-05:00,2741.31,30.02,1250.32
2025-01-28 04:00:00-05:00,2743.51,30.11,1250.32
2025-01-28 05:00:00-05:00,2743.35,30.16,1250.32
2025-01-28 06:00:00-05:00,2742.74,30.15,1250.32
2025-01-28 07:00:00-05:00,2745.59,30.18,1250.32
2025-01-28 08:00:00-05:00,2748.94,30.19,1250.32
2025-01-28 09:00:00-05:00,2754.01,30.16,1250.32
2025-01-28 10:00:00-05:00,2755.35,30.33,1250.32
2025-01-28 11:00:00-05:00,2758.81,30.4,1250.32
2025-01-28 12:00:00-05:00,2759.84,30.38,1250.32
2025-01-28 13:00:00-05:00,2762.24,30.46,1250.32
2025-01-28 14:00:00-05:00,2764.9,30.44,1250.32
2025-01-28 15:00:00-05:00,2764.2,30.35,1250.32
2025-01-28 16:00:00-05:00,2763.86,30.42,1250.32
2025-01-28 18:00:00-05:00,2762.85,30.41,1250.32
2025-01-28 19:00:00-05:00,2764.02,30.45,1250.32
2025-01-28 20:00:00-05:00,2764.13,30.42,1250.32
2025-01-28 21:00:00-05:00,2764.73,30.45,1250.32
2025-01-28 22:00:00-05:00,2762.86,30.39,1250.32
2025-01-28 23:00:00-05:00,2762.92,30.42,1250.32
2025-01-29 00:00:00-05:00,2760.81,30.37,1250.32
2025-01-29 01:00:00-05:00,2759.23,30.37,1250.32
2025-01-29 02:00:00-05:00,2759.07,30.37,1250.32
2025-01-29 03:00:00-05:00,2764.1,30.49,1250.32
2025-01-29 04:00:00-05:00,2762.85,30.42,1250.32
2025-01-29 05:00:00-05:00,2758.31,30.46,1250.32
2025-01-29 06:00:00-05:00,2759.11,30.51,1250.32
2025-01-29 07:00:00-05:00,2756.57,30.54,1250.32
2025-01-29 08:00:00-05:00,2758.68,30.58,1250.32
2025-01-29 09:00:00-05:00,2759.31,30.96,1250.32
2025-01-29 10:00:00-05:00,2754.24,30.87,1250.32
2025-01-29 11:00:00-05:00,2751.53,30.8,1250.32
2025-01-29 12:00:00-05:00,2752.89,30.75,1250.32
2025-01-29 13:00:00-05:00,2751.91,30.72,1250.32
2025-01-29 14:00:00-05:00,2755.29,30.81,1250.32
2025-01-29 15:00:00-05:00,2755.25,30.76,1250.32
2025-01-29 16:00:00-05:00,2758.57,30.84,1250.32
2025-01-29 18:00:00-05:00,2760.47,30.88,1250.32
2025-01-29 19:00:00-05:00,2762.34,30.89,1250.32
2025-01-29 20:00:00-05:00,2760.49,30.85,1250.32
2025-01-29 21:00:00-05:00,2760.7,30.84,1250.32
2025-01-29 22:00:00-05:00,2761.95,30.89,1250.32
2025-01-29 23:00:00-05:00,2760.57,30.86,1250.32
2025-01-30 00:00:00-05:00,2760.72,30.84,1250.32
2025-01-30 01:00:00-05:00,2765.73,30.92,1250.32
2025-01-30 02:00:00-05:00,2769.39,31.02,1250.32
2025-01-30 03:00:00-05:00,2776.22,31.07,1250.32
2025-01-30 04:00:00-05:00,2774.27,31.05,1250.32
2025-01-30 05:00:00-05:00,2778.53,31.05,1250.32
2025-01-30 06:00:00-05:00,2777.76,31.05,1250.32
2025-01-30 07:00:00-05:00,2780.25,31.1,1250.32
2025-01-30 08:00:00-05:00,2785.87,31.38,1250.32
2025-01-30 09:00:00-05:00,2787.89,31.46,1250.32
2025-01-30 10:00:00-05:00,2795.51,31.59,1250.32
2025-01-30 11:00:00-05:00,2790.8,31.38,1250.32
2025-01-30 12:00:00-05:00,2795.76,31.58,1250.32
2025-01-30 13:00:00-05:00,2795.31,31.58,1250.32
2025-01-30 14:00:00-05:00,2793.49,31.58,1250.32
2025-01-30 15:00:00-05:00,2795.52,31.55,1250.32
2025-01-30 16:00:00-05:00,2795.77,31.68,1250.32
2025-01-30 18:00:00-05:00,2796.41,31.66,1250.32
2025-01-30 19:00:00-05:00,2795.96,31.52,1250.32
2025-01-30 20:00:00-05:00,2796.44,31.42,1250.32
2025-01-30 21:00:00-05:00,2796.31,31.22,1250.32
2025-01-30 22:00:00-05:00,2796.45,31.52,1250.32
2025-01-30 23:00:00-05:00,2795.78,31.43,1250.32
2025-01-31 00:00:00-05:00,2795.76,31.43,1250.32
2025-01-31 01:00:00-05:00,2792.87,31.43,1250.32
2025-01-31 02:00:00-05:00,2798.39,31.48,1250.32
2025-01-31 03:00:00-05:00,2793.25,31.63,1250.32
2025-01-31 04:00:00-05:00,2793.85,31.63,1250.32
2025-01-31 05:00:00-05:00,2794.25,31.6,1250.32
2025-01-31 06:00:00-05:00,2800.34,31.68,1250.32
2025-01-31 07:00:00-05:00,2805.44,31.67,1250.32
2025-01-31 08:00:00-05:00,2806.49,31.66,1250.32
2025-01-31 09:00:00-05:00,2812.41,31.58,1250.32
2025-01-31 10:00:00-05:00,2809.36,31.47,1250.32
2025-01-31 11:00:00-05:00,2807.47,31.44,1250.32
2025-01-31 12:00:00-05:00,2808.89,31.5,1250.32
2025-01-31 13:00:00-05:00,2798.94,31.3,1250.32
2025-01-31 14:00:00-05:00,2796.4,31.25,1250.32
2025-01-31 15:00:00-05:00,2801.05,31.32,1250.32
2025-01-31 16:00:00-05:00,2801.5,31.31,1250.32
2025-02-02 18:00:00-05:00,2794.6,31.06,1250.32
2025-02-02 19:00:00-05:00,2792.36,31.13,1250.32
2025-02-02 20:00:00-05:00,2782.26,30.95,1250.32
2025-02-02 21:00:00-05:00,2778.34,30.86,1250.32
2025-02-02 22:00:00-05:00,2774.53,30.85,1250.32
2025-02-02 23:00:00-05:00,2780.91,30.91,1250.32
2025-02-03 00:00:00-05:00,2783.28,30.94,1250.32
2025-02-03 01:00:00-05:00,2786.95,31.13,1250.32
2025-02-03 02:00:00-05:00,2789.34,31.08,1250.32
2025-02-03 03:00:00-05:00,2796.77,31.12,1250.32
2025-02-03 04:00:00-05:00,2796.6,31.14,1250.32
2025-02-03 05:00:00-05:00,2798.24,31.21,1250.32
2025-02-03 06:00:00-05:00,2801.3,31.29,1250.32
2025-02-03 07:00:00-05:00,2810.48,31.34,1250.32
2025-02-03 08:00:00-05:00,2811.07,31.31,1250.32
2025-02-03 09:00:00-05:00,2830.82,31.49,1250.32
2025-02-03 10:00:00-05:00,2817.47,31.41,1250.32
2025-02-03 11:00:00-05:00,2814.25,31.39,1250.32
2025-02-03 12:00:00-05:00,2817.24,31.47,1250.32
2025-02-03 13:00:00-05:00,2821.08,31.56,1250.32
2025-02-03 14:00:00-05:00,2818.35,31.6,1250.32
2025-02-03 15:00:00-05:00,2816.7,31.5,1250.32
2025-02-03 16:00:00-05:00,2816.4,31.59,1250.32
2025-02-03 18:00:00-05:00,2814.03,31.51,1250.32
2025-02-03 19:00:00-05:00,2817.41,31.54,1250.32
2025-02-03 20:00:00-05:00,2823.51,31.61,1250.32
2025-02-03 21:00:00-05:00,2821.26,31.62,1250.32
2025-02-03 22:00:00-05:00,2821.49,31.52,1250.32
2025-02-03 23:00:00-05:00,2819.06,31.45,1250.32
2025-02-04 00:00:00-05:00,2815.97,31.47,1250.32
2025-02-04 01:00:00-05:00,2813.47,31.49,1250.32
2025-02-04 02:00:00-05:00,2812.75,31.51,1250.32
2025-02-04 03:00:00-05:00,2815.2,31.65,1250.32
2025-02-04 04:00:00-05:00,2820.47,31.64,1250.32
2025-02-04 05:00:00-05:00,2814.97,31.66,1250.32
2025-02-04 06:00:00-05:00,2815.43,31.62,1250.32
2025-02-04 07:00:00-05:00,2821.88,31.69,1250.32
2025-02-04 08:00:00-05:00,2831.72,31.87,1250.32
2025-02-04 09:00:00-05:00,2839.01,32.05,1250.32
2025-02-04 10:00:00-05:00,2835.9,31.96,1250.32
2025-02-04 11:00:00-05:00,2840.48,32.29,1250.32
2025-02-04 12:00:00-05:00,2844.07,32.34,1250.32
2025-02-04 13:00:00-05:00,2842.82,32.29,1250.32
2025-02-04 14:00:00-05:00,2843.18,32.18,1250.32
2025-02-04 15:00:00-05:00,2844.4,32.1,1250.32
2025-02-04 16:00:00-05:00,2842.71,32.13,1250.32
2025-02-04 18:00:00-05:00,2841.35,32.08,1250.32
2025-02-04 19:00:00-05:00,2845.32,32.04,1250.32
2025-02-04 20:00:00-05:00,2844.47,32.06,1250.32
2025-02-04 21:00:00-05:00,2850.99,32.19,1250.32
2025-02-04 22:00:00-05:00,2852.36,32.24,1250.32
2025-02-04 23:00:00-05:00,2855.45,32.27,1250.32
2025-02-05 00:00:00-05:00,2859.4,32.3,1250.32
2025-02-05 01:00:00-05:00,2859.33,32.24,1250.32
2025-02-05 02:00:00-05:00,2864.17,32.3,1250.32
2025-02-05 03:00:00-05:00,2867.66,32.43,1250.32
2025-02-05 04:00:00-05:00,2870.41,32.47,1250.32
2025-02-05 05:00:00-05:00,2867.9,32.33,1250.32
2025-02-05 06:00:00-05:00,2868.72,32.31,1250.32
2025-02-05 07:00:00-05:00,2870.21,32.4,1250.32
2025-02-05 08:00:00-05:00,2861.85,32.13,1250.32
2025-02-05 09:00:00-05:00,2871.22,32.39,1250.32
2025-02-05 10:00:00-05:00,2880.25,32.5,1250.32
2025-02-05 11:00:00-05:00,2875.1,32.53,1250.32
2025-02-05 12:00:00-05:00,2873.07,32.53,1250.32
2025-02-05 13:00:00-05:00,2865.76,32.36,1250.32
2025-02-05 14:00:00-05:00,2863.61,32.33,1250.32
2025-02-05 15:00:00-05:00,2862.57,32.25,1250.32
2025-02-05 16:00:00-05:00,2864.84,32.31,1250.32
2025-02-05 18:00:00-05:00,2869.35,32.32,1250.32
2025-02-05 19:00:00-05:00,2869.99,32.4,1250.32
2025-02-05 20:00:00-05:00,2871.7,32.39,1250.32
2025-02-05 21:00:00-05:00,2870.76,32.29,1250.32
2025-02-05 22:00:00-05:00,2869.39,32.23,1250.32
2025-02-05 23:00:00-05:00,2868.6,32.22,1250.32
2025-02-06 00:00:00-05:00,2868.2,32.29,1250.32
2025-02-06 01:00:00-05:00,2859.39,32.21,1250.32
2025-02-06 02:00:00-05:00,2856.02,31.94,1250.32
2025-02-06 03:00:00-05:00,2856.22,32.04,1250.32
2025-02-06 04:00:00-05:00,2859.44,32.05,1250.32
2025-02-06 05:00:00-05:00,2859.32,31.96,1250.32
2025-02-06 06:00:00-05:00,2865.97,32.04,1250.32
2025-02-06 07:00:00-05:00,2864.48,32.04,1250.32
2025-02-06 08:00:00-05:00,2856.81,32.02,1250.32
2025-02-06 09:00:00-05:00,2841.97,31.83,1250.32
2025-02-06 10:00:00-05:00,2850.68,32.07,1250.32
2025-02-06 11:00:00-05:00,2848.86,32.12,1250.32
2025-02-06 12:00:00-05:00,2852.38,32.23,1250.32
2025-02-06 13:00:00-05:00,2852.71,32.25,1250.32
2025-02-06 14:00:00-05:00,2853.98,32.19,1250.32
2025-02-06 15:00:00-05:00,2856.52,32.27,1250.32
2025-02-06 16:00:00-05:00,2856.01,32.22,1250.32
2025-02-06 18:00:00-05:00,2858.14,32.23,1250.32
2025-02-06 19:00:00-05:00,2858.78,32.25,1250.32
2025-02-06 20:00:00-05:00,2866.29,32.27,1250.32
2025-02-06 21:00:00-05:00,2868.74,32.3,1250.32
2025-02-06 22:00:00-05:00,2867.33,32.26,1250.32
2025-02-06 23:00:00-05:00,2866.78,32.24,1250.32
2025-02-07 00:00:00-05:00,2862.31,32.14,1250.32
2025-02-07 01:00:00-05:00,2860.86,32.22,1250.32
2025-02-07 02:00:00-05:00,2864.12,32.26,1250.32
2025-02-07 03:00:00-05:00,2866.47,32.34,1250.32
2025-02-07 04:00:00-05:00,2869.01,32.33,1250.32
2025-02-07 05:00:00-05:00,2867.56,32.28,1250.32
2025-02-07 06:00:00-05:00,2867.66,32.29,1250.32
2025-02-07 07:00:00-05:00,2863.71,32.21,1250.32
2025-02-07 08:00:00-05:00,2862.63,32.26,1250.32
2025-02-07 09:00:00-05:00,2876.49,32.43,1250.32
2025-02-07 10:00:00-05:00,2880.55,32.45,1250.32
2025-02-07 11:00:00-05:00,2860.68,32.1,1250.32
2025-02-07 12:00:00-05:00,2860.11,32.01,1250.32
2025-02-07 13:00:00-05:00,2861.35,31.86,1250.32
2025-02-07 14:00:00-05:00,2860.24,31.9,1250.32
2025-02-07 15:00:00-05:00,2860.67,31.85,1250.32
2025-02-07 16:00:00-05:00,2861.09,31.81,1250.32
2025-02-09 18:00:00-05:00,2867.64,31.79,1250.32
2025-02-09 19:00:00-05:00,2867.87,31.93,1250.32
2025-02-09 20:00:00-05:00,2871.74,31.9,1250.32
2025-02-09 21:00:00-05:00,2873.84,31.96,1250.32
2025-02-09 22:00:00-05:00,2875.61,32.02,1250.32
2025-02-09 23:00:00-05:00,2879.28,32.05,1250.32
2025-02-10 00:00:00-05:00,2879.24,32.02,1250.32
2025-02-10 01:00:00-05:00,2888.74,32.05,1250.32
2025-02-10 02:00:00-05:00,2895.6,32.15,1250.32
2025-02-10 03:00:00-05:00,2896.62,32.2,1250.32
2025-02-10 04:00:00-05:00,2902.99,32.3,1250.32
2025-02-10 05:00:00-05:00,2902.36,32.32,1250.32
2025-02-10 06:00:00-05:00,2904.73,32.26,1250.32
2025-02-10 07:00:00-05:00,2903.12,32.19,1250.32
2025-02-10 08:00:00-05:00,2901.19,32.11,1250.32
2025-02-10 09:00:00-05:00,2908.81,32.24,1250.32
2025-02-10 10:00:00-05:00,2909.01,32.19,1250.32
2025-02-10 11:00:00-05:00,2901.1,32.09,1250.32
2025-02-10 12:00:00-05:00,2903.34,32.01,1250.32
2025-02-10 13:00:00-05:00,2905.16,32.06,1250.32
2025-02-10 14:00:00-05:00,2904.45,32.07,1250.32
2025-02-10 15:00:00-05:00,2907.36,32.07,1250.32
2025-02-10 16:00:00-05:00,2908.43,32.05,1250.32
2025-02-10 18:00:00-05:00,2917.86,32.07,1250.32
2025-02-10 19:00:00-05:00,2922.55,32.2,1250.32
2025-02-10 20:00:00-05:00,2934.22,32.1,1250.32
2025-02-10 21:00:00-05:00,2919.26,31.82,1250.32
2025-02-10 22:00:00-05:00,2920.15,31.9,1250.32
2025-02-10 23:00:00-05:00,2916.37,31.88,1250.32
2025-02-11 00:00:00-05:00,2922.93,31.97,1250.32
2025-02-11 01:00:00-05:00,2917.97,31.82,1250.32
2025-02-11 02:00:00-05:00,2913.47,31.79,1250.32
2025-02-11 03:00:00-05:00,2907.47,31.72,1250.32
2025-02-11 04:00:00-05:00,2903.18,31.75,1250.32
2025-02-11 05:00:00-05:00,2902.62,31.68,1250.32
2025-02-11 06:00:00-05:00,2903.93,31.72,1250.32
2025-02-11 07:00:00-05:00,2889.45,31.57,1250.32
2025-02-11 08:00:00-05:00,2896.57,31.54,1250.32
2025-02-11 09:00:00-05:00,2896.84,31.75,1250.32
2025-02-11 10:00:00-05:00,2904.77,31.93,1250.32
2025-02-11 11:00:00-05:00,2902.41,31.89,1250.32
2025-02-11 12:00:00-05:00,2905.66,31.92,1250.32
2025-02-11 13:00:00-05:00,2905.97,31.89,1250.32
2025-02-11 14:00:00-05:00,2900.22,31.89,1250.32
2025-02-11 15:00:00-05:00,2897.64,31.84,1250.32
2025-02-11 16:00:00-05:00,2898.18,31.83,1250.32
2025-02-11 18:00:00-05:00,2898.93,31.84,1250.32
2025-02-11 19:00:00-05:00,2892.23,31.76,1250.32
2025-02-11 20:00:00-05:00,2893.32,31.78,1250.32
2025-02-11 21:00:00-05:00,2892.48,31.86,1250.32
2025-02-11 22:00:00-05:00,2889.02,31.84,1250.32
2025-02-11 23:00:00-05:00,2885.59,31.78,1250.32
2025-02-12 00:00:00-05:00,2886.36,31.8,1250.32
2025-02-12 01:00:00-05:00,2892.68,31.89,1250.32
2025-02-12 02:00:00-05:00,2892.98,31.89,1250.32
2025-02-12 03:00:00-05:00,2891.76,31.79,1250.32
2025-02-12 04:00:00-05:00,2886.99,31.73,1250.32
2025-02-12 05:00:00-05:00,2882.85,31.74,1250.32
2025-02-12 06:00:00-05:00,2879.82,31.77,1250.32
2025-02-12 07:00:00-05:00,2885.45,31.76,1250.32
2025-02-12 08:00:00-05:00,2884.85,32.0,1250.32
2025-02-12 09:00:00-05:00,2894.71,32.08,1250.32
2025-02-12 10:00:00-05:00,2894.75,32.2,1250.32
2025-02-12 11:00:00-05:00,2902.55,32.23,1250.32
2025-02-12 12:00:00-05:00,2902.84,32.36,1250.32
2025-02-12 13:00:00-05:00,2901.07,32.24,1250.32
2025-02-12 14:00:00-05:00,2898.02,32.18,1250.32
2025-02-12 15:00:00-05:00,2901.05,32.21,1250.32
2025-02-12 16:00:00-05:00,2903.94,32.23,1250.32
2025-02-12 18:00:00-05:00,2905.98,32.28,1250.32
2025-02-12 19:00:00-05:00,2906.54,32.31,1250.32
2025-02-12 20:00:00-05:00,2906.11,32.24,1250.32
2025-02-12 21:00:00-05:00,2908.89,32.29,1250.32
2025-02-12 22:00:00-05:00,2916.57,32.28,1250.32
2025-02-12 23:00:00-05:00,2918.59,32.34,1250.32
2025-02-13 00:00:00-05:00,2918.11,32.32,1250.32
2025-02-13 01:00:00-05:00,2916.15,32.33,1250.32
2025-02-13 02:00:00-05:00,2915.09,32.33,1250.32
2025-02-13 03:00:00-05:00,2911.8,32.24,1250.32
2025-02-13 04:00:00-05:00,2915.32,32.27,1250.32
2025-02-13 05:00:00-05:00,2918.16,32.28,1250.32
2025-02-13 06:00:00-05:00,2918.08,32.27,1250.32
2025-02-13 07:00:00-05:00,2917.76,32.27,1250.32
2025-02-13 08:00:00-05:00,2908.47,32.06,1250.32
2025-02-13 09:00:00-05:00,2915.25,32.08,1250.32
2025-02-13 10:00:00-05:00,2920.28,32.22,1250.32
2025-02-13 11:00:00-05:00,2913.86,32.14,1250.32
2025-02-13 12:00:00-05:00,2919.1,32.15,1250.32
2025-02-13 13:00:00-05:00,2924.31,32.26,1250.32
2025-02-13 14:00:00-05:00,2926.93,32.33,1250.32
2025-02-13 15:00:00-05:00,2928.5,32.37,1250.32
2025-02-13 16:00:00-05:00,2928.52,32.37,1250.32
2025-02-13 18:00:00-05:00,2931.61,32.37,1250.32
2025-02-13 19:00:00-05:00,2927.98,32.3,1250.32
2025-02-13 20:00:00-05:00,2929.9,32.48,1250.32
2025-02-13 21:00:00-05:00,2927.41,32.49,1250.32
2025-02-13 22:00:00-05:00,2924.47,32.42,1250.32
2025-02-13 23:00:00-05:00,2928.66,32.54,1250.32
2025-02-14 00:00:00-05:00,2931.08,32.65,1250.32
2025-02-14 01:00:00-05:00,2934.45,32.97,1250.32
2025-02-14 02:00:00-05:00,2931.93,33.05,1250.32
2025-02-14 03:00:00-05:00,2935.26,33.2,1250.32
2025-02-14 04:00:00-05:00,2935.43,33.28,1250.32
2025-02-14 05:00:00-05:00,2935.98,33.32,1250.32
2025-02-14 06:00:00-05:00,2931.06,33.14,1250.32
2025-02-14 07:00:00-05:00,2930.84,33.2,1250.32
2025-02-14 08:00:00-05:00,2920.64,33.05,1250.32
2025-02-14 09:00:00-05:00,2921.04,33.11,1250.32
2025-02-14 10:00:00-05:00,2901.84,32.73,1250.32
2025-02-14 11:00:00-05:00,2895.98,32.41,1250.32
2025-02-14 12:00:00-05:00,2887.06,32.42,1250.32
2025-02-14 13:00:00-05:00,2883.93,32.33,1250.32
2025-02-14 14:00:00-05:00,2880.63,32.29,1250.32
2025-02-14 15:00:00-05:00,2885.59,32.18,1250.32
2025-02-14 16:00:00-05:00,2883.95,32.15,1250.32
2025-02-16 18:00:00-05:00,2879.43,32.03,1250.32
2025-02-16 19:00:00-05:00,2883.64,32.04,1250.32
2025-02-16 20:00:00-05:00,2895.69,32.33,1250.32
2025-02-16 21:00:00-05:00,2899.37,32.4,1250.32
2025-02-16 22:00:00-05:00,2903.6,32.45,1250.32
2025-02-16 23:00:00-05:00,2899.51,32.37,1250.32
2025-02-17 00:00:00-05:00,2896.28,32.17,1250.32
2025-02-17 01:00:00-05:00,2896.61,32.16,1250.32
2025-02-17 02:00:00-05:00,2902.53,32.26,1250.32
2025-02-17 03:00:00-05:00,2900.32,32.35,1250.32
2025-02-17 04:00:00-05:00,2902.68,32.44,1250.32
2025-02-17 05:00:00-05:00,2902.81,32.43,1250.32
2025-02-17 06:00:00-05:00,2901.07,32.48,1250.32
2025-02-17 07:00:00-05:00,2897.7,32.3,1250.32
2025-02-17 08:00:00-05:00,2896.89,32.23,1250.32
2025-02-17 09:00:00-05:00,2903.18,32.38,1250.32
2025-02-17 10:00:00-05:00,2899.26,32.31,1250.32
2025-02-17 11:00:00-05:00,2899.3,32.35,1250.32
2025-02-17 12:00:00-05:00,2898.51,32.36,1250.32
2025-02-17 13:00:00-05:00,2898.17,32.41,1250.32
2025-02-17 14:00:00-05:00,2900.55,32.37,1250.32
2025-02-17 15:00:00-05:00,2901.28,32.7,1250.32
2025-02-17 16:00:00-05:00,2901.28,32.17,1250.32
2025-02-17 18:00:00-05:00,2899.34,32.39,1250.32
2025-02-17 19:00:00-05:00,2899.35,32.36,1250.32
2025-02-17 20:00:00-05:00,2895.85,32.17,1250.32
2025-02-17 21:00:00-05:00,2903.11,32.3,1250.32
2025-02-17 22:00:00-05:00,2908.97,32.37,1250.32
2025-02-17 23:00:00-05:00,2910.85,32.4,1250.32
2025-02-18 00:00:00-05:00,2910.89,32.33,1250.32
2025-02-18 01:00:00-05:00,2913.66,32.43,1250.32
2025-02-18 02:00:00-05:00,2911.56,32.41,1250.32
2025-02-18 03:00:00-05:00,2912.55,32.5,1250.32
2025-02-18 04:00:00-05:00,2912.68,32.51,1250.32
2025-02-18 05:00:00-05:00,2911.34,32.48,1250.32
2025-02-18 06:00:00-05:00,2914.36,32.49,1250.32
2025-02-18 07:00:00-05:00,2918.21,32.48,1250.32
2025-02-18 08:00:00-05:00,2918.89,32.47,1250.32
2025-02-18 09:00:00-05:00,2928.09,32.61,1250.32
2025-02-18 10:00:00-05:00,2927.15,32.67,1250.32
2025-02-18 11:00:00-05:00,2933.02,32.89,1250.32
2025-02-18 12:00:00-05:00,2931.3,32.79,1250.32
2025-02-18 13:00:00-05:00,2933.42,32.86,1250.32
2025-02-18 14:00:00-05:00,2935.85,32.84,1250.32
2025-02-18 15:00:00-05:00,2933.63,32.84,1250.32
2025-02-18 16:00:00-05:00,2935.3,32.9,1250.32
2025-02-18 18:00:00-05:00,2934.02,32.9,1250.32
2025-02-18 19:00:00-05:00,2929.29,32.9,1250.32
2025-02-18 20:00:00-05:00,2938.43,32.8,1250.32
2025-02-18 21:00:00-05:00,2929.38,32.6,1250.32
2025-02-18 22:00:00-05:00,2928.97,32.64,1250.32
2025-02-18 23:00:00-05:00,2929.31,32.65,1250.32
2025-02-19 00:00:00-05:00,2932.98,32.81,1250.32
2025-02-19 01:00:00-05:00,2931.87,32.79,1250.32
2025-02-19 02:00:00-05:00,2934.31,32.86,1250.32
2025-02-19 03:00:00-05:00,2938.66,32.92,1250.32
2025-02-19 04:00:00-05:00,2945.49,32.99,1250.32
2025-02-19 05:00:00-05:00,2944.91,33.01,1250.32
2025-02-19 06:00:00-05:00,2935.23,32.91,1250.32
2025-02-19 07:00:00-05:00,2933.38,32.84,1250.32
2025-02-19 08:00:00-05:00,2936.32,32.84,1250.32
2025-02-19 09:00:00-05:00,2938.27,32.62,1250.32
2025-02-19 10:00:00-05:00,2925.74,32.48,1250.32
2025-02-19 11:00:00-05:00,2928.19,32.62,1250.32
2025-02-19 12:00:00-05:00,2923.85,32.64,1250.32
2025-02-19 13:00:00-05:00,2925.24,32.67,1250.32
2025-02-19 14:00:00-05:00,2931.88,32.75,1250.32
2025-02-19 15:00:00-05:00,2935.93,32.76,1250.32
2025-02-19 16:00:00-05:00,2933.69,32.7,1250.32
2025-02-19 18:00:00-05:00,2935.65,32.71,1250.32
2025-02-19 19:00:00-05:00,2941.19,32.79,1250.32
2025-02-19 20:00:00-05:00,2937.11,32.67,1250.32
2025-02-19 21:00:00-05:00,2940.93,32.81,1250.32
2025-02-19 22:00:00-05:00,2941.97,32.83,1250.32
2025-02-19 23:00:00-05:00,2940.14,32.81,1250.32
2025-02-20 00:00:00-05:00,2946.94,32.88,1250.32
2025-02-20 01:00:00-05:00,2947.92,32.9,1250.32
2025-02-20 02:00:00-05:00,2948.9,32.96,1250.32
2025-02-20 03:00:00-05:00,2954.63,33.04,1250.32
2025-02-20 04:00:00-05:00,2951.57,33.1,1250.32
2025-02-20 05:00:00-05:00,2952.4,33.16,1250.32
2025-02-20 06:00:00-05:00,2948.84,33.06,1250.32
2025-02-20 07:00:00-05:00,2945.52,33.1,1250.32
2025-02-20 08:00:00-05:00,2934.07,32.98,1250.32
2025-02-20 09:00:00-05:00,2935.28,32.93,1250.32
2025-02-20 10:00:00-05:00,2938.51,32.97,1250.32
2025-02-20 11:00:00-05:00,2943.2,33.0,1250.32
2025-02-20 12:00:00-05:00,2940.48,33.04,1250.32
2025-02-20 13:00:00-05:00,2941.72,33.06,1250.32
2025-02-20 14:00:00-05:00,2937.98,32.96,1250.32
2025-02-20 15:00:00-05:00,2937.9,32.9,1250.32
2025-02-20 16:00:00-05:00,2941.5,32.96,1250.32
2025-02-20 18:00:00-05:00,2941.64,32.96,1250.32
2025-02-20 19:00:00-05:00,2940.04,32.89,1250.32
2025-02-20 20:00:00-05:00,2928.72,32.89,1250.32
2025-02-20 21:00:00-05:00,2939.2,33.04,1250.32
2025-02-20 22:00:00-05:00,2931.24,32.88,1250.32
2025-02-20 23:00:00-05:00,2928.52,32.78,1250.32
2025-02-21 00:00:00-05:00,2930.26,32.86,1250.32
2025-02-21 01:00:00-05:00,2929.78,32.92,1250.32
2025-02-21 02:00:00-05:00,2930.0,32.92,1250.32
2025-02-21 03:00:00-05:00,2923.18,32.77,1250.32
2025-02-21 04:00:00-05:00,2929.47,32.91,1250.32
2025-02-21 05:00:00-05:00,2930.6,32.95,1250.32
2025-02-21 06:00:00-05:00,2928.47,32.93,1250.32
2025-02-21 07:00:00-05:00,2930.19,32.85,1250.32
2025-02-21 08:00:00-05:00,2931.05,32.92,1250.32
2025-02-21 09:00:00-05:00,2933.95,32.83,1250.32
2025-02-21 10:00:00-05:00,2928.75,32.58,1250.32
2025-02-21 11:00:00-05:00,2936.7,32.65,1250.32
2025-02-21 12:00:00-05:00,2939.88,32.66,1250.32
2025-02-21 13:00:00-05:00,2941.81,32.73,1250.32
2025-02-21 14:00:00-05:00,2933.48,32.54,1250.32
2025-02-21 15:00:00-05:00,2934.78,32.53,1250.32
2025-02-21 16:00:00-05:00,2936.0,32.61,1250.32
2025-02-23 18:00:00-05:00,2936.78,32.58,1250.32
2025-02-23 19:00:00-05:00,2930.11,32.53,1250.32
2025-02-23 20:00:00-05:00,2928.18,32.49,1250.32
2025-02-23 21:00:00-05:00,2940.81,32.71,1250.32
2025-02-23 22:00:00-05:00,2941.2,32.67,1250.32
2025-02-23 23:00:00-05:00,2940.81,32.7,1250.32
2025-02-24 00:00:00-05:00,2936.37,32.59,1250.32
2025-02-24 01:00:00-05:00,2938.81,32.64,1250.32
2025-02-24 02:00:00-05:00,2944.01,32.6,1250.32
2025-02-24 03:00:00-05:00,2946.51,32.61,1250.32
2025-02-24 04:00:00-05:00,2944.49,32.54,1250.32
2025-02-24 05:00:00-05:00,2938.41,32.45,1250.32
2025-02-24 06:00:00-05:00,2947.68,32.52,1250.32
2025-02-24 07:00:00-05:00,2946.56,32.56,1250.32
2025-02-24 08:00:00-05:00,2954.47,32.66,1250.32
2025-02-24 09:00:00-05:00,2938.61,32.34,1250.32
2025-02-24 10:00:00-05:00,2936.57,32.17,1250.32
2025-02-24 11:00:00-05:00,2943.47,32.28,1250.32
2025-02-24 12:00:00-05:00,2943.45,32.29,1250.32
2025-02-24 13:00:00-05:00,2947.44,32.33,1250.32
2025-02-24 14:00:00-05:00,2949.32,32.34,1250.32
2025-02-24 15:00:00-05:00,2950.66,32.34,1250.32
2025-02-24 16:00:00-05:00,2953.3,32.35,1250.32
2025-02-24 18:00:00-05:00,2950.11,32.27,1250.32
2025-02-24 19:00:00-05:00,2949.63,32.27,1250.32
2025-02-24 20:00:00-05:00,2949.49,32.47,1250.32
2025-02-24 21:00:00-05:00,2948.69,32.46,1250.32
2025-02-24 22:00:00-05:00,2939.56,32.41,1250.32
2025-02-24 23:00:00-05:00,2936.94,32.3,1250.32
2025-02-25 00:00:00-05:00,2938.11,32.29,1250.32
2025-02-25 01:00:00-05:00,2935.95,32.29,1250.32
2025-02-25 02:00:00-05:00,2931.73,32.04,1250.32
2025-02-25 03:00:00-05:00,2941.58,32.22,1250.32
2025-02-25 04:00:00-05:00,2939.01,32.21,1250.32
2025-02-25 05:00:00-05:00,2937.55,32.14,1250.32
2025-02-25 06:00:00-05:00,2938.76,32.18,1250.32
2025-02-25 07:00:00-05:00,2928.74,31.84,1250.32
2025-02-25 08:00:00-05:00,2937.53,31.98,1250.32
2025-02-25 09:00:00-05:00,2932.97,31.94,1250.32
2025-02-25 10:00:00-05:00,2905.99,31.51,1250.32
2025-02-25 11:00:00-05:00,2896.47,31.48,1250.32
2025-02-25 12:00:00-05:00,2907.67,31.55,1250.32
2025-02-25 13:00:00-05:00,2909.51,31.57,1250.32
2025-02-25 14:00:00-05:00,2912.11,31.63,1250.32
2025-02-25 15:00:00-05:00,2912.84,31.67,1250.32
2025-02-25 16:00:00-05:00,2915.32,31.75,1250.32
2025-02-25 18:00:00-05:00,2918.57,31.79,1250.32
2025-02-25 19:00:00-05:00,2923.53,31.73,1250.32
2025-02-25 20:00:00-05:00,2917.91,31.72,1250.32
2025-02-25 21:00:00-05:00,2921.2,31.78,1250.32
2025-02-25 22:00:00-05:00,2917.32,31.78,1250.32
2025-02-25 23:00:00-05:00,2915.03,31.71,1250.32
2025-02-26 00:00:00-05:00,2915.51,31.75,1250.32
2025-02-26 01:00:00-05:00,2906.82,31.6,1250.32
2025-02-26 02:00:00-05:00,2915.47,31.78,1250.32
2025-02-26 03:00:00-05:00,2918.03,31.91,1250.32
2025-02-26 04:00:00-05:00,2913.18,31.77,1250.32
2025-02-26 05:00:00-05:00,2912.69,31.72,1250.32
2025-02-26 06:00:00-05:00,2913.85,31.72,1250.32
2025-02-26 07:00:00-05:00,2914.04,31.79,1250.32
2025-02-26 08:00:00-05:00,2906.06,31.69,1250.32
2025-02-26 09:00:00-05:00,2901.72,31.68,1250.32
2025-02-26 10:00:00-05:00,2913.41,31.84,1250.32
2025-02-26 11:00:00-05:00,2913.16,31.89,1250.32
2025-02-26 12:00:00-05:00,2913.84,31.91,1250.32
2025-02-26 13:00:00-05:00,2914.93,31.8,1250.32
2025-02-26 14:00:00-05:00,2913.96,31.78,1250.32
2025-02-26 15:00:00-05:00,2916.29,31.81,1250.32
2025-02-26 16:00:00-05:00,2916.49,31.87,1250.32
2025-02-26 18:00:00-05:00,2919.34,31.89,1250.32
2025-02-26 19:00:00-05:00,2917.14,31.89,1250.32
2025-02-26 20:00:00-05:00,2912.68,31.88,1250.32
2025-02-26 21:00:00-05:00,2906.73,31.76,1250.32
2025-02-26 22:00:00-05:00,2905.81,31.72,1250.32
2025-02-26 23:00:00-05:00,2897.56,31.65,1250.32
2025-02-27 00:00:00-05:00,2891.03,31.62,1250.32
2025-02-27 01:00:00-05:00,2894.3,31.77,1250.32
2025-02-27 02:00:00-05:00,2891.98,31.78,1250.32
2025-02-27 03:00:00-05:00,2881.47,31.66,1250.32
2025-02-27 04:00:00-05:00,2887.44,31.78,1250.32
2025-02-27 05:00:00-05:00,2892.4,31.84,1250.32
2025-02-27 06:00:00-05:00,2884.03,31.73,1250.32
2025-02-27 07:00:00-05:00,2885.1,31.86,1250.32
2025-02-27 08:00:00-05:00,2889.12,31.78,1250.32
2025-02-27 09:00:00-05:00,2872.99,31.44,1250.32
2025-02-27 10:00:00-05:00,2872.45,31.44,1250.32
2025-02-27 11:00:00-05:00,2877.59,31.42,1250.32
2025-02-27 12:00:00-05:00,2883.36,31.47,1250.32
2025-02-27 13:00:00-05:00,2887.43,31.49,1250.32
2025-02-27 14:00:00-05:00,2879.3,31.31,1250.32
2025-02-27 15:00:00-05:00,2873.93,31.23,1250.32
2025-02-27 16:00:00-05:00,2877.49,31.28,1250.32
2025-02-27 18:00:00-05:00,2875.86,31.23,1250.32
2025-02-27 19:00:00-05:00,2877.09,31.24,1250.32
2025-02-27 20:00:00-05:00,2874.95,31.29,1250.32
2025-02-27 21:00:00-05:00,2873.39,31.32,1250.32
2025-02-27 22:00:00-05:00,2865.82,31.24,1250.32
2025-02-27 23:00:00-05:00,2863.51,31.22,1250.32
2025-02-28 00:00:00-05:00,2864.28,31.24,1250.32
2025-02-28 01:00:00-05:00,2863.82,31.21,1250.32
2025-02-28 02:00:00-05:00,2858.68,31.1,1250.32
2025-02-28 03:00:00-05:00,2856.12,31.09,1250.32
2025-02-28 04:00:00-05:00,2862.49,31.15,1250.32
2025-02-28 05:00:00-05:00,2862.89,31.14,1250.32
2025-02-28 06:00:00-05:00,2862.34,31.16,1250.32
2025-02-28 07:00:00-05:00,2856.43,31.07,1250.32
2025-02-28 08:00:00-05:00,2848.65,31.01,1250.32
2025-02-28 09:00:00-05:00,2834.02,30.86,1250.32
2025-02-28 10:00:00-05:00,2850.35,31.15,1250.32
2025-02-28 11:00:00-05:00,2848.63,31.03,1250.32
2025-02-28 12:00:00-05:00,2845.09,30.98,1250.32
2025-02-28 13:00:00-05:00,2845.43,30.97,1250.32
2025-02-28 14:00:00-05:00,2849.64,31.08,1250.32
2025-02-28 15:00:00-05:00,2854.8,31.11,1250.32
2025-02-28 16:00:00-05:00,2856.84,31.18,1250.32
2025-03-02 18:00:00-05:00,2871.18,31.26,1250.32
2025-03-02 19:00:00-05:00,2865.9,31.15,1250.32
2025-03-02 20:00:00-05:00,2870.93,31.33,1250.32
2025-03-02 21:00:00-05:00,2868.28,31.33,1250.32
2025-03-02 22:00:00-05:00,2864.97,31.3,1250.32
2025-03-02 23:00:00-05:00,2867.4,31.3,1250.32
2025-03-03 00:00:00-05:00,2863.99,31.23,1250.32
2025-03-03 01:00:00-05:00,2865.65,31.26,1250.32
2025-03-03 02:00:00-05:00,2863.28,31.19,1250.32
2025-03-03 03:00:00-05:00,2868.64,31.34,1250.32
2025-03-03 04:00:00-05:00,2867.48,31.42,1250.32
2025-03-03 05:00:00-05:00,2871.94,31.48,1250.32
2025-03-03 06:00:00-05:00,2874.42,31.48,1250.32
2025-03-03 07:00:00-05:00,2875.66,31.64,1250.32
2025-03-03 08:00:00-05:00,2872.65,31.68,1250.32
2025-03-03 09:00:00-05:00,2877.42,31.68,1250.32
2025-03-03 10:00:00-05:00,2887.97,31.77,1250.32
2025-03-03 11:00:00-05:00,2891.59,31.77,1250.32
2025-03-03 12:00:00-05:00,2890.87,31.73,1250.32
2025-03-03 13:00:00-05:00,2890.03,31.75,1250.32
2025-03-03 14:00:00-05:00,2881.64,31.55,1250.32
2025-03-03 15:00:00-05:00,2890.78,31.6,1250.32
2025-03-03 16:00:00-05:00,2893.35,31.69,1250.32
2025-03-03 18:00:00-05:00,2891.03,31.66,1250.32
2025-03-03 19:00:00-05:00,2891.93,31.71,1250.32
2025-03-03 20:00:00-05:00,2888.43,31.58,1250.32
2025-03-03 21:00:00-05:00,2885.51,31.5,1250.32
2025-03-03 22:00:00-05:00,2888.7,31.65,1250.32
2025-03-03 23:00:00-05:00,2891.39,31.67,1250.32
2025-03-04 00:00:00-05:00,2889.77,31.71,1250.32
2025-03-04 01:00:00-05:00,2887.46,31.71,1250.32
2025-03-04 02:00:00-05:00,2900.01,31.7,1250.32
2025-03-04 03:00:00-05:00,2914.07,31.76,1250.32
2025-03-04 04:00:00-05:00,2918.24,31.87,1250.32
2025-03-04 05:00:00-05:00,2914.7,31.83,1250.32
2025-03-04 06:00:00-05:00,2920.09,31.9,1250.32
2025-03-04 07:00:00-05:00,2924.94,31.97,1250.32
2025-03-04 08:00:00-05:00,2922.57,31.85,1250.32
2025-03-04 09:00:00-05:00,2903.56,31.63,1250.32
2025-03-04 10:00:00-05:00,2906.19,31.55,1250.32
2025-03-04 11:00:00-05:00,2915.28,31.74,1250.32
2025-03-04 12:00:00-05:00,2911.63,31.74,1250.32
2025-03-04 13:00:00-05:00,2911.3,31.84,1250.32
2025-03-04 14:00:00-05:00,2916.27,31.94,1250.32
2025-03-04 15:00:00-05:00,2917.34,31.86,1250.32
2025-03-04 16:00:00-05:00,2918.6,31.97,1250.32
2025-03-04 18:00:00-05:00,2914.47,31.93,1250.32
2025-03-04 19:00:00-05:00,2914.24,31.88,1250.32
2025-03-04 20:00:00-05:00,2907.2,31.79,1250.32
2025-03-04 21:00:00-05:00,2904.41,31.88,1250.32
2025-03-04 22:00:00-05:00,2908.88,31.97,1250.32
2025-03-04 23:00:00-05:00,2910.59,31.99,1250.32
2025-03-05 00:00:00-05:00,2918.86,32.12,1250.32
2025-03-05 01:00:00-05:00,2917.11,32.12,1250.32
2025-03-05 02:00:00-05:00,2918.11,32.25,1250.32
2025-03-05 03:00:00-05:00,2920.11,32.34,1250.32
2025-03-05 04:00:00-05:00,2918.92,32.33,1250.32
2025-03-05 05:00:00-05:00,2913.28,32.23,1250.32
2025-03-05 06:00:00-05:00,2913.44,32.23,1250.32
2025-03-05 07:00:00-05:00,2916.24,32.32,1250.32
2025-03-05 08:00:00-05:00,2900.01,32.11,1250.32
2025-03-05 09:00:00-05:00,2912.74,32.39,1250.32
2025-03-05 10:00:00-05:00,2917.25,32.49,1250.32
2025-03-05 11:00:00-05:00,2923.88,32.53,1250.32
2025-03-05 12:00:00-05:00,2916.16,32.59,1250.32
2025-03-05 13:00:00-05:00,2917.56,32.61,1250.32
2025-03-05 14:00:00-05:00,2920.65,32.69,1250.32
2025-03-05 15:00:00-05:00,2922.23,32.7,1250.32
2025-03-05 16:00:00-05:00,2920.64,32.67,1250.32
2025-03-05 18:00:00-05:00,2918.17,32.63,1250.32
2025-03-05 19:00:00-05:00,2916.74,32.57,1250.32
2025-03-05 20:00:00-05:00,2924.73,32.6,1250.32
2025-03-05 21:00:00-05:00,2925.75,32.62,1250.32
2025-03-05 22:00:00-05:00,2921.38,32.59,1250.32
2025-03-05 23:00:00-05:00,2917.78,32.59,1250.32
2025-03-06 00:00:00-05:00,2919.97,32.55,1250.32
2025-03-06 01:00:00-05:00,2920.7,32.61,1250.32
2025-03-06 02:00:00-05:00,2910.16,32.48,1250.32
2025-03-06 03:00:00-05:00,2904.97,32.49,1250.32
2025-03-06 04:00:00-05:00,2894.33,32.33,1250.32
2025-03-06 05:00:00-05:00,2899.45,32.32,1250.32
2025-03-06 06:00:00-05:00,2905.89,32.43,1250.32
2025-03-06 07:00:00-05:00,2903.24,32.37,1250.32
2025-03-06 08:00:00-05:00,2904.55,32.39,1250.32
2025-03-06 09:00:00-05:00,2915.24,32.63,1250.32
2025-03-06 10:00:00-05:00,2914.55,32.69,1250.32
2025-03-06 11:00:00-05:00,2917.45,32.72,1250.32
2025-03-06 12:00:00-05:00,2915.66,32.64,1250.32
2025-03-06 13:00:00-05:00,2916.22,32.68,1250.32
2025-03-06 14:00:00-05:00,2914.07,32.66,1250.32
2025-03-06 15:00:00-05:00,2908.86,32.61,1250.32
2025-03-06 16:00:00-05:00,2914.03,32.65,1250.32
2025-03-06 18:00:00-05:00,2910.54,32.63,1250.32
2025-03-06 19:00:00-05:00,2904.8,32.56,1250.32
2025-03-06 20:00:00-05:00,2906.97,32.48,1250.32
2025-03-06 21:00:00-05:00,2908.22,32.55,1250.32
2025-03-06 22:00:00-05:00,2905.44,32.58,1250.32
2025-03-06 23:00:00-05:00,2906.69,32.59,1250.32
2025-03-07 00:00:00-05:00,2909.64,32.58,1250.32
2025-03-07 01:00:00-05:00,2913.77,32.58,1250.32
2025-03-07 02:00:00-05:00,2917.3,32.61,1250.32
2025-03-07 03:00:00-05:00,2922.56,32.63,1250.32
2025-03-07 04:00:00-05:00,2921.74,32.66,1250.32
2025-03-07 05:00:00-05:00,2918.03,32.55,1250.32
2025-03-07 06:00:00-05:00,2918.85,32.5,1250.32
2025-03-07 07:00:00-05:00,2919.09,32.4,1250.32
2025-03-07 08:00:00-05:00,2913.88,32.34,1250.32
2025-03-07 09:00:00-05:00,2926.88,32.54,1250.32
2025-03-07 10:00:00-05:00,2915.81,32.33,1250.32
2025-03-07 11:00:00-05:00,2914.09,32.2,1250.32
2025-03-07 12:00:00-05:00,2908.24,32.27,1250.32
2025-03-07 13:00:00-05:00,2906.65,32.37,1250.32
2025-03-07 14:00:00-05:00,2905.27,32.39,1250.32
2025-03-07 15:00:00-05:00,2909.74,32.49,1250.32
2025-03-07 16:00:00-05:00,2912.0,32.54,1250.32
2025-03-09 18:00:00-04:00,2911.95,32.54,1250.32
2025-03-09 19:00:00-04:00,2916.36,32.59,1250.32
2025-03-09 20:00:00-04:00,2913.85,32.57,1250.32
2025-03-09 21:00:00-04:00,2912.15,32.47,1250.32
2025-03-09 22:00:00-04:00,2911.54,32.39,1250.32
2025-03-09 23:00:00-04:00,2911.09,32.42,1250.32
2025-03-10 00:00:00-04:00,2911.06,32.42,1250.32
2025-03-10 01:00:00-04:00,2909.99,32.42,1250.32
2025-03-10 02:00:00-04:00,2914.49,32.48,1250.32
2025-03-10 03:00:00-04:00,2908.55,32.55,1250.32
2025-03-10 04:00:00-04:00,2897.94,32.37,1250.32
2025-03-10 05:00:00-04:00,2911.41,32.57,1250.32
2025-03-10 06:00:00-04:00,2903.16,32.47,1250.32
2025-03-10 07:00:00-04:00,2904.1,32.49,1250.32
2025-03-10 08:00:00-04:00,2906.78,32.55,1250.32
2025-03-10 09:00:00-04:00,2903.72,32.34,1250.32
2025-03-10 10:00:00-04:00,2908.07,32.25,1250.32
2025-03-10 11:00:00-04:00,2904.58,32.23,1250.32
2025-03-10 12:00:00-04:00,2896.01,32.13,1250.32
2025-03-10 13:00:00-04:00,2886.16,32.02,1250.32
2025-03-10 14:00:00-04:00,2885.56,32.01,1250.32
2025-03-10 15:00:00-04:00,2885.49,32.0,1250.32
2025-03-10 16:00:00-04:00,2888.06,32.11,1250.32
2025-03-10 18:00:00-04:00,2884.7,32.04,1250.32
2025-03-10 19:00:00-04:00,2884.78,32.02,1250.32
2025-03-10 20:00:00-04:00,2887.4,31.94,1250.32
2025-03-10 21:00:00-04:00,2890.69,32.05,1250.32
2025-03-10 22:00:00-04:00,2899.19,32.17,1250.32
2025-03-10 23:00:00-04:00,2896.96,32.16,1250.32
2025-03-11 00:00:00-04:00,2897.78,32.2,1250.32
2025-03-11 01:00:00-04:00,2895.87,32.09,1250.32
2025-03-11 02:00:00-04:00,2902.43,32.25,1250.32
2025-03-11 03:00:00-04:00,2901.22,32.27,1250.32
2025-03-11 04:00:00-04:00,2909.9,32.41,1250.32
2025-03-11 05:00:00-04:00,2911.84,32.5,1250.32
2025-03-11 06:00:00-04:00,2912.14,32.54,1250.32
2025-03-11 07:00:00-04:00,2913.7,32.55,1250.32
2025-03-11 08:00:00-04:00,2913.1,32.53,1250.32
2025-03-11 09:00:00-04:00,2918.16,32.73,1250.32
2025-03-11 10:00:00-04:00,2914.18,32.73,1250.32
2025-03-11 11:00:00-04:00,2916.92,32.71,1250.32
2025-03-11 12:00:00-04:00,2917.14,32.75,1250.32
2025-03-11 13:00:00-04:00,2917.9,32.78,1250.32
2025-03-11 14:00:00-04:00,2918.4,32.9,1250.32
2025-03-11 15:00:00-04:00,2918.41,32.92,1250.32
2025-03-11 16:00:00-04:00,2916.03,32.94,1250.32
2025-03-11 18:00:00-04:00,2917.64,32.94,1250.32
2025-03-11 19:00:00-04:00,2915.62,32.86,1250.32
2025-03-11 20:00:00-04:00,2914.31,32.79,1250.32
2025-03-11 21:00:00-04:00,2914.98,32.8,1250.32
2025-03-11 22:00:00-04:00,2916.4,32.76,1250.32
2025-03-11 23:00:00-04:00,2914.97,32.77,1250.32
2025-03-12 00:00:00-04:00,2915.03,32.76,1250.32
2025-03-12 01:00:00-04:00,2916.1,32.79,1250.32
2025-03-12 02:00:00-04:00,2911.95,32.73,1250.32
2025-03-12 03:00:00-04:00,2914.59,32.94,1250.32
2025-03-12 04:00:00-04:00,2922.16,33.04,1250.32
2025-03-12 05:00:00-04:00,2914.84,33.02,1250.32
2025-03-12 06:00:00-04:00,2914.36,33.03,1250.32
2025-03-12 07:00:00-04:00,2915.43,33.05,1250.32
2025-03-12 08:00:00-04:00,2917.61,33.14,1250.32
2025-03-12 09:00:00-04:00,2915.68,33.04,1250.32
2025-03-12 10:00:00-04:00,2921.95,33.12,1250.32
2025-03-12 11:00:00-04:00,2928.42,33.17,1250.32
2025-03-12 12:00:00-04:00,2936.35,33.21,1250.32
2025-03-12 13:00:00-04:00,2936.18,33.23,1250.32
2025-03-12 14:00:00-04:00,2935.26,33.28,1250.32
2025-03-12 15:00:00-04:00,2931.3,33.21,1250.32
2025-03-12 16:00:00-04:00,2933.61,33.24,1250.32
2025-03-12 18:00:00-04:00,2938.21,33.26,1250.32
2025-03-12 19:00:00-04:00,2938.23,33.28,1250.32
2025-03-12 20:00:00-04:00,2938.7,33.31,1250.32
2025-03-12 21:00:00-04:00,2937.99,33.23,1250.32
2025-03-12 22:00:00-04:00,2944.41,33.28,1250.32
2025-03-12 23:00:00-04:00,2945.81,33.2,1250.32
2025-03-13 00:00:00-04:00,2944.76,33.14,1250.32
2025-03-13 01:00:00-04:00,2940.13,33.07,1250.32
2025-03-13 02:00:00-04:00,2937.04,33.07,1250.32
2025-03-13 03:00:00-04:00,2935.35,32.97,1250.32
2025-03-13 04:00:00-04:00,2941.57,33.04,1250.32
2025-03-13 05:00:00-04:00,2947.88,33.13,1250.32
2025-03-13 06:00:00-04:00,2944.15,33.18,1250.32
2025-03-13 07:00:00-04:00,2946.37,33.16,1250.32
2025-03-13 08:00:00-04:00,2942.57,33.05,1250.32
2025-03-13 09:00:00-04:00,2950.48,33.16,1250.32
2025-03-13 10:00:00-04:00,2970.07,33.42,1250.32
2025-03-13 11:00:00-04:00,2977.87,33.93,1250.32
2025-03-13 12:00:00-04:00,2980.14,33.75,1250.32
2025-03-13 13:00:00-04:00,2979.61,33.66,1250.32
2025-03-13 14:00:00-04:00,2983.42,33.81,1250.32
2025-03-13 15:00:00-04:00,2982.95,33.77,1250.32
2025-03-13 16:00:00-04:00,2987.46,33.87,1250.32
2025-03-13 18:00:00-04:00,2987.28,33.88,1250.32
2025-03-13 19:00:00-04:00,2986.5,33.86,1250.32
2025-03-13 20:00:00-04:00,2986.74,33.69,1250.32
2025-03-13 21:00:00-04:00,2988.03,33.85,1250.32
2025-03-13 22:00:00-04:00,2984.16,33.79,1250.32
2025-03-13 23:00:00-04:00,2992.62,33.92,1250.32
2025-03-14 00:00:00-04:00,2985.57,33.85,1250.32
2025-03-14 01:00:00-04:00,2986.51,33.86,1250.32
2025-03-14 02:00:00-04:00,2985.74,33.87,1250.32
2025-03-14 03:00:00-04:00,2986.93,33.96,1250.32
2025-03-14 04:00:00-04:00,2993.14,33.98,1250.32
2025-03-14 05:00:00-04:00,2998.82,33.98,1250.32
2025-03-14 06:00:00-04:00,2993.41,33.84,1250.32
2025-03-14 07:00:00-04:00,2993.6,33.89,1250.32
2025-03-14 08:00:00-04:00,2993.98,34.03,1250.32
2025-03-14 09:00:00-04:00,2985.7,33.72,1250.32
2025-03-14 10:00:00-04:00,2985.5,33.64,1250.32
2025-03-14 11:00:00-04:00,2984.63,33.61,1250.32
2025-03-14 12:00:00-04:00,2989.88,33.76,1250.32
2025-03-14 13:00:00-04:00,2986.69,33.78,1250.32
2025-03-14 14:00:00-04:00,2983.49,33.72,1250.32
2025-03-14 15:00:00-04:00,2984.08,33.74,1250.32
2025-03-14 16:00:00-04:00,2980.26,33.78,1250.32
2025-03-16 18:00:00-04:00,2989.28,33.81,1250.32
2025-03-16 19:00:00-04:00,2990.01,33.79,1250.32
2025-03-16 20:00:00-04:00,2990.85,33.85,1250.32
2025-03-16 21:00:00-04:00,2990.86,33.84,1250.32
2025-03-16 22:00:00-04:00,2988.2,33.82,1250.32
2025-03-16 23:00:00-04:00,2986.99,33.8,1250.32
2025-03-17 00:00:00-04:00,2982.7,33.71,1250.32
2025-03-17 01:00:00-04:00,2986.2,33.8,1250.32
2025-03-17 02:00:00-04:00,2989.97,33.83,1250.32
2025-03-17 03:00:00-04:00,2985.54,33.73,1250.32
2025-03-17 04:00:00-04:00,2988.47,33.75,1250.32
2025-03-17 05:00:00-04:00,2995.73,33.81,1250.32
2025-03-17 06:00:00-04:00,2999.06,33.79,1250.32
2025-03-17 07:00:00-04:00,2997.61,33.77,1250.32
2025-03-17 08:00:00-04:00,2987.27,33.58,1250.32
2025-03-17 09:00:00-04:00,2988.4,33.61,1250.32
2025-03-17 10:00:00-04:00,2998.74,33.69,1250.32
2025-03-17 11:00:00-04:00,2997.26,33.68,1250.32
2025-03-17 12:00:00-04:00,2994.53,33.69,1250.32
2025-03-17 13:00:00-04:00,2997.89,33.81,1250.32
2025-03-17 14:00:00-04:00,2999.6,33.84,1250.32
2025-03-17 15:00:00-04:00,3000.33,33.87,1250.32
2025-03-17 16:00:00-04:00,3001.47,33.86,1250.32
2025-03-17 18:00:00-04:00,3000.32,33.84,1250.32
2025-03-17 19:00:00-04:00,2999.9,33.76,1250.32
2025-03-17 20:00:00-04:00,3001.61,33.88,1250.32
2025-03-17 21:00:00-04:00,3005.81,33.85,1250.32
2025-03-17 22:00:00-04:00,3011.01,33.87,1250.32
2025-03-17 23:00:00-04:00,3011.51,33.91,1250.32
2025-03-18 00:00:00-04:00,3014.54,33.92,1250.32
2025-03-18 01:00:00-04:00,3012.01,33.92,1250.32
2025-03-18 02:00:00-04:00,3015.82,33.88,1250.32
2025-03-18 03:00:00-04:00,3016.61,33.9,1250.32
2025-03-18 04:00:00-04:00,3026.64,34.11,1250.32
2025-03-18 05:00:00-04:00,3020.28,34.08,1250.32
2025-03-18 06:00:00-04:00,3024.11,34.06,1250.32
2025-03-18 07:00:00-04:00,3026.89,34.1,1250.32
2025-03-18 08:00:00-04:00,3034.41,34.2,1250.32
2025-03-18 09:00:00-04:00,3033.33,34.11,1250.32
2025-03-18 10:00:00-04:00,3028.03,33.9,1250.32
2025-03-18 11:00:00-04:00,3031.76,34.02,1250.32
2025-03-18 12:00:00-04:00,3036.06,34.12,1250.32
2025-03-18 13:00:00-04:00,3032.69,34.0,1250.32
2025-03-18 14:00:00-04:00,3035.91,34.06,1250.32
2025-03-18 15:00:00-04:00,3035.66,33.92,1250.32
2025-03-18 16:00:00-04:00,3034.7,34.0,1250.32
2025-03-18 18:00:00-04:00,3034.5,34.0,1250.32
2025-03-18 19:00:00-04:00,3031.91,33.96,1250.32
2025-03-18 20:00:00-04:00,3031.57,33.97,1250.32
2025-03-18 21:00:00-04:00,3029.57,33.92,1250.32
2025-03-18 22:00:00-04:00,3033.45,34.03,1250.32
2025-03-18 23:00:00-04:00,3036.39,34.04,1250.32
2025-03-19 00:00:00-04:00,3036.38,34.01,1250.32
2025-03-19 01:00:00-04:00,3044.6,34.07,1250.32
2025-03-19 02:00:00-04:00,3042.31,33.98,1250.32
2025-03-19 03:00:00-04:00,3036.0,33.84,1250.32
2025-03-19 04:00:00-04:00,3025.3,33.7,1250.32
2025-03-19 05:00:00-04:00,3030.53,33.71,1250.32
2025-03-19 06:00:00-04:00,3034.65,33.8,1250.32
2025-03-19 07:00:00-04:00,3038.98,33.93,1250.32
2025-03-19 08:00:00-04:00,3037.27,33.76,1250.32
2025-03-19 09:00:00-04:00,3033.39,33.66,1250.32
2025-03-19 10:00:00-04:00,3027.62,33.52,1250.32
2025-03-19 11:00:00-04:00,3031.55,33.49,1250.32
2025-03-19 12:00:00-04:00,3033.1,33.55,1250.32
2025-03-19 13:00:00-04:00,3030.68,33.51,1250.32
2025-03-19 14:00:00-04:00,3046.94,33.8,1250.32
2025-03-19 15:00:00-04:00,3048.03,33.8,1250.32
2025-03-19 16:00:00-04:00,3045.41,33.8,1250.32
2025-03-19 18:00:00-04:00,3050.31,33.85,1250.32
2025-03-19 19:00:00-04:00,3050.16,33.91,1250.32
2025-03-19 20:00:00-04:00,3053.3,33.87,1250.32
2025-03-19 21:00:00-04:00,3049.77,33.78,1250.32
2025-03-19 22:00:00-04:00,3045.78,33.8,1250.32
2025-03-19 23:00:00-04:00,3050.04,33.88,1250.32
2025-03-20 00:00:00-04:00,3052.44,33.86,1250.32
2025-03-20 01:00:00-04:00,3046.93,33.81,1250.32
2025-03-20 02:00:00-04:00,3049.07,33.81,1250.32
2025-03-20 03:00:00-04:00,3042.33,33.66,1250.32
2025-03-20 04:00:00-04:00,3042.06,33.56,1250.32
2025-03-20 05:00:00-04:00,3041.52,33.55,1250.32
2025-03-20 06:00:00-04:00,3034.28,33.27,1250.32
2025-03-20 07:00:00-04:00,3034.56,33.38,1250.32
2025-03-20 08:00:00-04:00,3040.89,33.44,1250.32
2025-03-20 09:00:00-04:00,3032.69,33.33,1250.32
2025-03-20 10:00:00-04:00,3040.32,33.51,1250.32
2025-03-20 11:00:00-04:00,3040.81,33.44,1250.32
2025-03-20 12:00:00-04:00,3038.38,33.43,1250.32
2025-03-20 13:00:00-04:00,3041.72,33.42,1250.32
2025-03-20 14:00:00-04:00,3043.36,33.46,1250.32
2025-03-20 15:00:00-04:00,3044.7,33.53,1250.32
2025-03-20 16:00:00-04:00,3044.82,33.59,1250.32
2025-03-20 18:00:00-04:00,3045.84,33.55,1250.32
2025-03-20 19:00:00-04:00,3046.58,33.54,1250.32
2025-03-20 20:00:00-04:00,3042.92,33.46,1250.32
2025-03-20 21:00:00-04:00,3035.99,33.37,1250.32
2025-03-20 22:00:00-04:00,3034.81,33.26,1250.32
2025-03-20 23:00:00-04:00,3030.68,33.14,1250.32
2025-03-21 00:00:00-04:00,3029.87,33.15,1250.32
2025-03-21 01:00:00-04:00,3028.12,33.03,1250.32
2025-03-21 02:00:00-04:00,3029.93,33.12,1250.32
2025-03-21 03:00:00-04:00,3032.08,33.05,1250.32
2025-03-21 04:00:00-04:00,3032.95,33.06,1250.32
2025-03-21 05:00:00-04:00,3029.73,33.02,1250.32
2025-03-21 06:00:00-04:00,3030.93,33.12,1250.32
2025-03-21 07:00:00-04:00,3034.43,33.19,1250.32
2025-03-21 08:00:00-04:00,3034.15,33.09,1250.32
2025-03-21 09:00:00-04:00,3006.6,32.87,1250.32
2025-03-21 10:00:00-04:00,3016.03,32.92,1250.32
2025-03-21 11:00:00-04:00,3011.15,32.88,1250.32
2025-03-21 12:00:00-04:00,3015.23,33.02,1250.32
2025-03-21 13:00:00-04:00,3013.79,32.96,1250.32
2025-03-21 14:00:00-04:00,3017.52,32.93,1250.32
2025-03-21 15:00:00-04:00,3019.93,32.97,1250.32
2025-03-21 16:00:00-04:00,3024.64,33.03,1250.32
2025-03-23 18:00:00-04:00,3025.61,33.05,1250.32
2025-03-23 19:00:00-04:00,3024.89,33.06,1250.32
2025-03-23 20:00:00-04:00,3018.65,32.98,1250.32
2025-03-23 21:00:00-04:00,3020.98,33.12,1250.32
2025-03-23 22:00:00-04:00,3016.38,33.06,1250.32
2025-03-23 23:00:00-04:00,3016.93,33.1,1250.32
2025-03-24 00:00:00-04:00,3019.58,33.17,1250.32
2025-03-24 01:00:00-04:00,3022.14,33.18,1250.32
2025-03-24 02:00:00-04:00,3025.1,33.2,1250.32
2025-03-24 03:00:00-04:00,3022.57,33.09,1250.32
2025-03-24 04:00:00-04:00,3028.89,33.25,1250.32
2025-03-24 05:00:00-04:00,3023.85,33.14,1250.32
2025-03-24 06:00:00-04:00,3028.41,33.19,1250.32
2025-03-24 07:00:00-04:00,3024.66,33.1,1250.32
2025-03-24 08:00:00-04:00,3024.21,33.09,1250.32
2025-03-24 09:00:00-04:00,3022.61,33.16,1250.32
2025-03-24 10:00:00-04:00,3012.15,33.04,1250.32
2025-03-24 11:00:00-04:00,3014.13,33.01,1250.32
2025-03-24 12:00:00-04:00,3009.82,32.96,1250.32
2025-03-24 13:00:00-04:00,3007.1,32.96,1250.32
2025-03-24 14:00:00-04:00,3006.88,32.98,1250.32
2025-03-24 15:00:00-04:00,3006.18,32.96,1250.32
2025-03-24 16:00:00-04:00,3010.55,33.02,1250.32
2025-03-24 18:00:00-04:00,3011.53,32.95,1250.32
2025-03-24 19:00:00-04:00,3009.86,32.94,1250.32
2025-03-24 20:00:00-04:00,3014.31,33.03,1250.32
2025-03-24 21:00:00-04:00,3011.88,33.07,1250.32
2025-03-24 22:00:00-04:00,3008.99,33.05,1250.32
2025-03-24 23:00:00-04:00,3015.34,33.11,1250.32
2025-03-25 00:00:00-04:00,3015.28,33.13,1250.32
2025-03-25 01:00:00-04:00,3018.45,33.14,1250.32
2025-03-25 02:00:00-04:00,3017.89,33.17,1250.32
2025-03-25 03:00:00-04:00,3011.16,33.1,1250.32
2025-03-25 04:00:00-04:00,3021.39,33.29,1250.32
2025-03-25 05:00:00-04:00,3023.35,33.27,1250.32
2025-03-25 06:00:00-04:00,3023.63,33.37,1250.32
2025-03-25 07:00:00-04:00,3020.81,33.44,1250.32
2025-03-25 08:00:00-04:00,3021.93,33.49,1250.32
2025-03-25 09:00:00-04:00,3029.04,33.71,1250.32
2025-03-25 10:00:00-04:00,3025.14,33.69,1250.32
2025-03-25 11:00:00-04:00,3021.57,33.65,1250.32
2025-03-25 12:00:00-04:00,3023.24,33.61,1250.32
2025-03-25 13:00:00-04:00,3022.76,33.64,1250.32
2025-03-25 14:00:00-04:00,3018.61,33.67,1250.32
2025-03-25 15:00:00-04:00,3019.73,33.63,1250.32
2025-03-25 16:00:00-04:00,3020.63,33.73,1250.32
2025-03-25 18:00:00-04:00,3021.36,33.74,1250.32
2025-03-25 19:00:00-04:00,3021.09,33.68,1250.32
2025-03-25 20:00:00-04:00,3018.19,33.65,1250.32
2025-03-25 21:00:00-04:00,3024.92,33.78,1250.32
2025-03-25 22:00:00-04:00,3024.35,33.81,1250.32
2025-03-25 23:00:00-04:00,3017.64,33.65,1250.32
2025-03-26 00:00:00-04:00,3015.27,33.61,1250.32
2025-03-26 01:00:00-04:00,3022.82,33.63,1250.32
2025-03-26 02:00:00-04:00,3026.4,33.79,1250.32
2025-03-26 03:00:00-04:00,3030.59,33.75,1250.32
2025-03-26 04:00:00-04:00,3024.1,33.64,1250.32
2025-03-26 05:00:00-04:00,3018.78,33.73,1250.32
2025-03-26 06:00:00-04:00,3023.3,33.76,1250.32
2025-03-26 07:00:00-04:00,3027.64,33.78,1250.32
2025-03-26 08:00:00-04:00,3027.2,33.86,1250.32
2025-03-26 09:00:00-04:00,3016.74,33.55,1250.32
2025-03-26 10:00:00-04:00,3017.61,33.69,1250.32
2025-03-26 11:00:00-04:00,3015.94,33.6,1250.32
2025-03-26 12:00:00-04:00,3015.7,33.68,1250.32
2025-03-26 13:00:00-04:00,3018.84,33.66,1250.32
2025-03-26 14:00:00-04:00,3018.35,33.6,1250.32
2025-03-26 15:00:00-04:00,3017.4,33.56,1250.32
2025-03-26 16:00:00-04:00,3019.39,33.64,1250.32
2025-03-26 18:00:00-04:00,3019.45,33.63,1250.32
2025-03-26 19:00:00-04:00,3021.65,33.66,1250.32
2025-03-26 20:00:00-04:00,3025.44,33.7,1250.32
2025-03-26 21:00:00-04:00,3023.69,33.63,1250.32
2025-03-26 22:00:00-04:00,3031.68,33.71,1250.32
2025-03-26 23:00:00-04:00,3033.72,33.73,1250.32
2025-03-27 00:00:00-04:00,3034.19,33.69,1250.32
2025-03-27 01:00:00-04:00,3029.81,33.64,1250.32
2025-03-27 02:00:00-04:00,3030.14,33.76,1250.32
2025-03-27 03:00:00-04:00,3035.95,33.74,1250.32
2025-03-27 04:00:00-04:00,3036.22,33.74,1250.32
2025-03-27 05:00:00-04:00,3040.18,33.77,1250.32
2025-03-27 06:00:00-04:00,3051.63,34.04,1250.32
2025-03-27 07:00:00-04:00,3054.69,34.09,1250.32
2025-03-27 08:00:00-04:00,3050.1,34.06,1250.32
2025-03-27 09:00:00-04:00,3040.45,33.9,1250.32
2025-03-27 10:00:00-04:00,3057.77,34.24,1250.32
2025-03-27 11:00:00-04:00,3052.28,34.29,1250.32
2025-03-27 12:00:00-04:00,3048.43,34.28,1250.32
2025-03-27 13:00:00-04:00,3052.94,34.31,1250.32
2025-03-27 14:00:00-04:00,3055.88,34.4,1250.32
2025-03-27 15:00:00-04:00,3057.52,34.41,1250.32
2025-03-27 16:00:00-04:00,3056.46,34.41,1250.32
2025-03-27 18:00:00-04:00,3055.19,34.44,1250.32
2025-03-27 19:00:00-04:00,3055.82,34.42,1250.32
2025-03-27 20:00:00-04:00,3062.02,34.41,1250.32
2025-03-27 21:00:00-04:00,3073.93,34.42,1250.32
2025-03-27 22:00:00-04:00,3071.93,34.27,1250.32
2025-03-27 23:00:00-04:00,3075.36,34.3,1250.32
2025-03-28 00:00:00-04:00,3073.97,34.31,1250.32
2025-03-28 01:00:00-04:00,3077.89,34.3,1250.32
2025-03-28 02:00:00-04:00,3084.7,34.46,1250.32
2025-03-28 03:00:00-04:00,3079.36,34.41,1250.32
2025-03-28 04:00:00-04:00,3073.07,34.5,1250.32
2025-03-28 05:00:00-04:00,3072.94,34.41,1250.32
2025-03-28 06:00:00-04:00,3074.41,34.45,1250.32
2025-03-28 07:00:00-04:00,3076.38,34.42,1250.32
2025-03-28 08:00:00-04:00,3077.53,34.53,1250.32
2025-03-28 09:00:00-04:00,3083.49,34.51,1250.32
2025-03-28 10:00:00-04:00,3070.08,34.02,1250.32
2025-03-28 11:00:00-04:00,3083.85,34.15,1250.32
2025-03-28 12:00:00-04:00,3083.92,34.03,1250.32
2025-03-28 13:00:00-04:00,3077.53,34.05,1250.32
2025-03-28 14:00:00-04:00,3079.86,34.01,1250.32
2025-03-28 15:00:00-04:00,3080.78,34.06,1250.32
2025-03-28 16:00:00-04:00,3086.36,34.1,1250.32
2025-03-30 18:00:00-04:00,3090.07,34.22,1250.32
2025-03-30 19:00:00-04:00,3089.18,34.22,1250.32
2025-03-30 20:00:00-04:00,3079.03,33.96,1250.32
2025-03-30 21:00:00-04:00,3094.86,34.15,1250.32
2025-03-30 22:00:00-04:00,3106.82,34.3,1250.32
2025-03-30 23:00:00-04:00,3107.21,34.25,1250.32
2025-03-31 00:00:00-04:00,3113.43,34.35,1250.32
2025-03-31 01:00:00-04:00,3116.68,34.37,1250.32
2025-03-31 02:00:00-04:00,3119.37,34.41,1250.32
2025-03-31 03:00:00-04:00,3124.55,34.44,1250.32
2025-03-31 04:00:00-04:00,3122.35,34.24,1250.32
2025-03-31 05:00:00-04:00,3115.07,34.12,1250.32
2025-03-31 06:00:00-04:00,3118.45,34.06,1250.32
2025-03-31 07:00:00-04:00,3119.62,34.15,1250.32
2025-03-31 08:00:00-04:00,3124.63,34.13,1250.32
2025-03-31 09:00:00-04:00,3113.56,33.81,1250.32
2025-03-31 10:00:00-04:00,3123.26,33.91,1250.32
2025-03-31 11:00:00-04:00,3113.88,33.81,1250.32
2025-03-31 12:00:00-04:00,3117.7,33.91,1250.32
2025-03-31 13:00:00-04:00,3118.01,33.93,1250.32
2025-03-31 14:00:00-04:00,3121.5,34.0,1250.32
2025-03-31 15:00:00-04:00,3124.55,34.06,1250.32
2025-03-31 16:00:00-04:00,3123.74,34.07,1250.32
2025-03-31 18:00:00-04:00,3122.86,34.0,1250.32
2025-03-31 19:00:00-04:00,3120.58,34.05,1250.32
2025-03-31 20:00:00-04:00,3127.31,34.09,1250.32
2025-03-31 21:00:00-04:00,3135.42,33.99,1250.32
2025-03-31 22:00:00-04:00,3145.26,34.16,1250.32
2025-03-31 23:00:00-04:00,3146.14,34.17,1250.32
2025-04-01 00:00:00-04:00,3144.72,34.15,1250.32
2025-04-01 01:00:00-04:00,3132.17,34.0,1250.32
2025-04-01 02:00:00-04:00,3133.84,34.03,1250.32
2025-04-01 03:00:00-04:00,3127.6,33.91,1250.32
2025-04-01 04:00:00-04:00,3130.91,34.02,1250.32
2025-04-01 05:00:00-04:00,3132.45,34.0,1250.32
2025-04-01 06:00:00-04:00,3132.57,33.92,1250.32
2025-04-01 07:00:00-04:00,3130.6,33.86,1250.32
2025-04-01 08:00:00-04:00,3133.43,33.96,1250.32
2025-04-01 09:00:00-04:00,3133.69,33.82,1250.32
2025-04-01 10:00:00-04:00,3128.74,33.93,1250.32
2025-04-01 11:00:00-04:00,3113.84,33.65,1250.32
2025-04-01 12:00:00-04:00,3106.72,33.58,1250.32
2025-04-01 13:00:00-04:00,3113.76,33.64,1250.32
2025-04-01 14:00:00-04:00,3114.23,33.57,1250.32
2025-04-01 15:00:00-04:00,3118.82,33.67,1250.32
2025-04-01 16:00:00-04:00,3113.85,33.69,1250.32
2025-04-01 18:00:00-04:00,3111.38,33.69,1250.32
2025-04-01 19:00:00-04:00,3115.4,33.67,1250.32
2025-04-01 20:00:00-04:00,3123.07,33.68,1250.32
2025-04-01 21:00:00-04:00,3133.14,33.8,1250.32
2025-04-01 22:00:00-04:00,3128.66,33.82,1250.32
2025-04-01 23:00:00-04:00,3125.57,33.82,1250.32
2025-04-02 00:00:00-04:00,3116.23,33.83,1250.32
2025-04-02 01:00:00-04:00,3118.1,33.86,1250.32
2025-04-02 02:00:00-04:00,3116.59,33.73,1250.32
2025-04-02 03:00:00-04:00,3125.27,33.81,1250.32
2025-04-02 04:00:00-04:00,3131.32,33.97,1250.32
2025-04-02 05:00:00-04:00,3131.23,34.04,1250.32
2025-04-02 06:00:00-04:00,3114.65,33.88,1250.32
2025-04-02 07:00:00-04:00,3121.45,33.84,1250.32
2025-04-02 08:00:00-04:00,3122.44,33.78,1250.32
2025-04-02 09:00:00-04:00,3122.63,33.8,1250.32
2025-04-02 10:00:00-04:00,3124.94,33.96,1250.32
2025-04-02 11:00:00-04:00,3125.97,33.82,1250.32
2025-04-02 12:00:00-04:00,3131.49,33.91,1250.32
2025-04-02 13:00:00-04:00,3123.62,33.79,1250.32
2025-04-02 14:00:00-04:00,3121.95,33.73,1250.32
2025-04-02 15:00:00-04:00,3124.2,33.81,1250.32
2025-04-02 16:00:00-04:00,3133.29,33.91,1250.32
2025-04-02 18:00:00-04:00,3146.02,33.63,1250.32
2025-04-02 19:00:00-04:00,3162.74,33.8,1250.32
2025-04-02 20:00:00-04:00,3151.38,33.51,1250.32
2025-04-02 21:00:00-04:00,3153.51,33.84,1250.32
2025-04-02 22:00:00-04:00,3145.22,33.55,1250.32
2025-04-02 23:00:00-04:00,3148.16,33.41,1250.32
2025-04-03 00:00:00-04:00,3140.4,33.24,1250.32
2025-04-03 01:00:00-04:00,3131.95,33.25,1250.32
2025-04-03 02:00:00-04:00,3127.91,33.22,1250.32
2025-04-03 03:00:00-04:00,3129.12,33.19,1250.32
2025-04-03 04:00:00-04:00,3129.13,33.07,1250.32
2025-04-03 05:00:00-04:00,3121.7,32.54,1250.32
2025-04-03 06:00:00-04:00,3095.6,32.46,1250.32
2025-04-03 07:00:00-04:00,3093.15,32.46,1250.32
2025-04-03 08:00:00-04:00,3076.32,32.05,1250.32
2025-04-03 09:00:00-04:00,3086.08,31.96,1250.32
2025-04-03 10:00:00-04:00,3129.09,32.37,1250.32
2025-04-03 11:00:00-04:00,3110.64,31.94,1250.32
2025-04-03 12:00:00-04:00,3107.68,31.94,1250.32
2025-04-03 13:00:00-04:00,3109.61,32.03,1250.32
2025-04-03 14:00:00-04:00,3111.61,31.93,1250.32
2025-04-03 15:00:00-04:00,3107.68,31.76,1250.32
2025-04-03 16:00:00-04:00,3115.24,31.85,1250.32
2025-04-03 18:00:00-04:00,3115.4,31.9,1250.32
2025-04-03 19:00:00-04:00,3112.97,31.91,1250.32
2025-04-03 20:00:00-04:00,3110.82,31.88,1250.32
2025-04-03 21:00:00-04:00,3109.86,31.79,1250.32
2025-04-03 22:00:00-04:00,3096.86,31.56,1250.32
2025-04-03 23:00:00-04:00,3098.53,31.49,1250.32
2025-04-04 00:00:00-04:00,3100.23,31.46,1250.32
2025-04-04 01:00:00-04:00,3108.97,31.63,1250.32
2025-04-04 02:00:00-04:00,3101.15,31.48,1250.32
2025-04-04 03:00:00-04:00,3092.88,31.26,1250.32
2025-04-04 04:00:00-04:00,3084.26,31.39,1250.32
2025-04-04 05:00:00-04:00,3090.85,31.42,1250.32
2025-04-04 06:00:00-04:00,3110.03,31.32,1250.32
2025-04-04 07:00:00-04:00,3110.47,31.22,1250.32
2025-04-04 08:00:00-04:00,3071.18,30.87,1250.32
2025-04-04 09:00:00-04:00,3061.98,30.43,1250.32
2025-04-04 10:00:00-04:00,3038.57,29.67,1250.32
2025-04-04 11:00:00-04:00,3021.87,29.71,1250.32
2025-04-04 12:00:00-04:00,3031.1,29.59,1250.32
2025-04-04 13:00:00-04:00,3025.95,29.6,1250.32
2025-04-04 14:00:00-04:00,3025.67,29.47,1250.32
2025-04-04 15:00:00-04:00,3036.54,29.74,1250.32
2025-04-04 16:00:00-04:00,3036.41,29.58,1250.32
2025-04-06 18:00:00-04:00,3009.81,28.92,1250.32
2025-04-06 19:00:00-04:00,3000.07,28.67,1250.32
2025-04-06 20:00:00-04:00,2979.13,28.92,1250.32
2025-04-06 21:00:00-04:00,3038.39,30.51,1250.32
2025-04-06 22:00:00-04:00,3026.02,30.36,1250.32
2025-04-06 23:00:00-04:00,3018.99,29.95,1250.32
2025-04-07 00:00:00-04:00,3035.58,30.25,1250.32
2025-04-07 01:00:00-04:00,3032.09,30.01,1250.32
2025-04-07 02:00:00-04:00,3029.85,30.01,1250.32
2025-04-07 03:00:00-04:00,3018.68,29.94,1250.32
2025-04-07 04:00:00-04:00,3031.56,30.29,1250.32
2025-04-07 05:00:00-04:00,3025.24,30.23,1250.32
2025-04-07 06:00:00-04:00,3031.28,30.28,1250.32
2025-04-07 07:00:00-04:00,3031.32,30.15,1250.32
2025-04-07 08:00:00-04:00,3031.27,30.21,1250.32
2025-04-07 09:00:00-04:00,3015.62,30.33,1250.32
2025-04-07 10:00:00-04:00,2999.45,30.11,1250.32
2025-04-07 11:00:00-04:00,2987.76,29.95,1250.32
2025-04-07 12:00:00-04:00,2970.77,29.74,1250.32
2025-04-07 13:00:00-04:00,2970.18,29.87,1250.32
2025-04-07 14:00:00-04:00,2965.86,29.73,1250.32
2025-04-07 15:00:00-04:00,2976.85,29.89,1250.32
2025-04-07 16:00:00-04:00,2983.43,30.11,1250.32
2025-04-07 18:00:00-04:00,2986.84,30.09,1250.32
2025-04-07 19:00:00-04:00,2981.36,30.02,1250.32
2025-04-07 20:00:00-04:00,2985.45,29.87,1250.32
2025-04-07 21:00:00-04:00,2999.9,30.12,1250.32
2025-04-07 22:00:00-04:00,3001.02,30.12,1250.32
2025-04-07 23:00:00-04:00,2994.85,30.07,1250.32
2025-04-08 00:00:00-04:00,3002.24,30.16,1250.32
2025-04-08 01:00:00-04:00,3005.74,30.11,1250.32
2025-04-08 02:00:00-04:00,3013.36,30.12,1250.32
2025-04-08 03:00:00-04:00,3003.66,30.14,1250.32
2025-04-08 04:00:00-04:00,3007.61,30.27,1250.32
2025-04-08 05:00:00-04:00,3006.93,30.26,1250.32
2025-04-08 06:00:00-04:00,3009.03,30.22,1250.32
2025-04-08 07:00:00-04:00,3017.56,30.41,1250.32
2025-04-08 08:00:00-04:00,3002.71,30.22,1250.32
2025-04-08 09:00:00-04:00,3010.51,30.47,1250.32
2025-04-08 10:00:00-04:00,3006.2,30.17,1250.32
2025-04-08 11:00:00-04:00,3001.55,30.05,1250.32
2025-04-08 12:00:00-04:00,2986.04,29.84,1250.32
2025-04-08 13:00:00-04:00,2985.26,29.92,1250.32
2025-04-08 14:00:00-04:00,2983.67,29.81,1250.32
2025-04-08 15:00:00-04:00,2985.12,29.85,1250.32
2025-04-08 16:00:00-04:00,2982.48,29.82,1250.32
2025-04-08 18:00:00-04:00,2981.99,29.77,1250.32
2025-04-08 19:00:00-04:00,2978.53,29.6,1250.32
2025-04-08 20:00:00-04:00,2980.45,29.58,1250.32
2025-04-08 21:00:00-04:00,3008.71,29.87,1250.32
2025-04-08 22:00:00-04:00,3003.15,29.88,1250.32
2025-04-08 23:00:00-04:00,3004.52,29.82,1250.32
2025-04-09 00:00:00-04:00,3012.49,29.9,1250.32
2025-04-09 01:00:00-04:00,3015.69,29.94,1250.32
2025-04-09 02:00:00-04:00,3039.05,30.26,1250.32
2025-04-09 03:00:00-04:00,3040.98,30.34,1250.32
2025-04-09 04:00:00-04:00,3044.23,30.39,1250.32
2025-04-09 05:00:00-04:00,3045.17,30.36,1250.32
2025-04-09 06:00:00-04:00,3042.99,30.32,1250.32
2025-04-09 07:00:00-04:00,3066.7,30.61,1250.32
2025-04-09 08:00:00-04:00,3047.47,30.28,1250.32
2025-04-09 09:00:00-04:00,3075.24,30.47,1250.32
2025-04-09 10:00:00-04:00,3070.56,30.21,1250.32
2025-04-09 11:00:00-04:00,3086.32,30.31,1250.32
2025-04-09 12:00:00-04:00,3092.51,30.45,1250.32
2025-04-09 13:00:00-04:00,3060.24,30.86,1250.32
2025-04-09 14:00:00-04:00,3067.38,30.7,1250.32
2025-04-09 15:00:00-04:00,3093.41,30.86,1250.32
2025-04-09 16:00:00-04:00,3082.7,31.02,1250.32
2025-04-09 18:00:00-04:00,3080.13,30.89,1250.32
2025-04-09 19:00:00-04:00,3086.9,30.92,1250.32
2025-04-09 20:00:00-04:00,3097.2,31.06,1250.32
2025-04-09 21:00:00-04:00,3094.24,30.95,1250.32
2025-04-09 22:00:00-04:00,3119.49,31.1,1250.32
2025-04-09 23:00:00-04:00,3125.45,31.17,1250.32
2025-04-10 00:00:00-04:00,3125.44,31.18,1250.32
2025-04-10 01:00:00-04:00,3122.44,31.25,1250.32
2025-04-10 02:00:00-04:00,3122.24,31.3,1250.32
2025-04-10 03:00:00-04:00,3108.82,30.98,1250.32
2025-04-10 04:00:00-04:00,3105.15,30.91,1250.32
2025-04-10 05:00:00-04:00,3116.68,30.96,1250.32
2025-04-10 06:00:00-04:00,3120.18,30.89,1250.32
2025-04-10 07:00:00-04:00,3124.93,30.92,1250.32
2025-04-10 08:00:00-04:00,3123.18,30.87,1250.32
2025-04-10 09:00:00-04:00,3117.11,30.61,1250.32
2025-04-10 10:00:00-04:00,3154.61,31.05,1250.32
2025-04-10 11:00:00-04:00,3158.09,30.82,1250.32
2025-04-10 12:00:00-04:00,3158.48,30.91,1250.32
2025-04-10 13:00:00-04:00,3162.83,30.94,1250.32
2025-04-10 14:00:00-04:00,3173.38,31.15,1250.32
2025-04-10 15:00:00-04:00,3170.91,31.11,1250.32
2025-04-10 16:00:00-04:00,3176.0,31.19,1250.32
2025-04-10 18:00:00-04:00,3189.07,31.29,1250.32
2025-04-10 19:00:00-04:00,3189.14,31.18,1250.32
2025-04-10 20:00:00-04:00,3205.61,31.18,1250.32
2025-04-10 21:00:00-04:00,3207.35,31.08,1250.32
2025-04-10 22:00:00-04:00,3217.75,31.17,1250.32
2025-04-10 23:00:00-04:00,3217.86,31.33,1250.32
2025-04-11 00:00:00-04:00,3208.57,31.31,1250.32
2025-04-11 01:00:00-04:00,3196.01,31.26,1250.32
2025-04-11 02:00:00-04:00,3197.32,31.25,1250.32
2025-04-11 03:00:00-04:00,3212.45,31.33,1250.32
2025-04-11 04:00:00-04:00,3216.14,31.35,1250.32
2025-04-11 05:00:00-04:00,3227.84,31.49,1250.32
2025-04-11 06:00:00-04:00,3212.75,31.26,1250.32
2025-04-11 07:00:00-04:00,3213.98,31.48,1250.32
2025-04-11 08:00:00-04:00,3233.7,31.52,1250.32
2025-04-11 09:00:00-04:00,3224.16,31.64,1250.32
2025-04-11 10:00:00-04:00,3230.27,32.04,1250.32
2025-04-11 11:00:00-04:00,3240.59,32.18,1250.32
2025-04-11 12:00:00-04:00,3223.35,31.95,1250.32
2025-04-11 13:00:00-04:00,3234.03,32.12,1250.32
2025-04-11 14:00:00-04:00,3235.84,32.24,1250.32
2025-04-11 15:00:00-04:00,3231.08,32.11,1250.32
2025-04-11 16:00:00-04:00,3236.43,32.27,1250.32
2025-04-13 18:00:00-04:00,3221.45,32.08,1250.32
2025-04-13 19:00:00-04:00,3223.85,32.08,1250.32
2025-04-13 20:00:00-04:00,3221.03,31.94,1250.32
2025-04-13 21:00:00-04:00,3239.86,32.0,1250.32
2025-04-13 22:00:00-04:00,3232.09,31.87,1250.32
2025-04-13 23:00:00-04:00,3232.49,31.88,1250.32
2025-04-14 00:00:00-04:00,3227.49,31.93,1250.32
2025-04-14 01:00:00-04:00,3234.53,32.02,1250.32
2025-04-14 02:00:00-04:00,3231.11,32.04,1250.32
2025-04-14 03:00:00-04:00,3228.02,32.19,1250.32
2025-04-14 04:00:00-04:00,3227.03,32.31,1250.32
2025-04-14 05:00:00-04:00,3223.99,32.33,1250.32
2025-04-14 06:00:00-04:00,3215.47,32.18,1250.32
2025-04-14 07:00:00-04:00,3223.51,32.27,1250.32
2025-04-14 08:00:00-04:00,3206.82,32.14,1250.32
2025-04-14 09:00:00-04:00,3204.76,32.0,1250.32
2025-04-14 10:00:00-04:00,3211.15,32.11,1250.32
2025-04-14 11:00:00-04:00,3198.1,31.96,1250.32
2025-04-14 12:00:00-04:00,3207.63,32.03,1250.32
2025-04-14 13:00:00-04:00,3214.11,32.28,1250.32
2025-04-14 14:00:00-04:00,3208.21,32.31,1250.32
2025-04-14 15:00:00-04:00,3212.76,32.29,1250.32
2025-04-14 16:00:00-04:00,3210.95,32.34,1250.32
2025-04-14 18:00:00-04:00,3212.28,32.32,1250.32
2025-04-14 19:00:00-04:00,3212.66,32.3,1250.32
2025-04-14 20:00:00-04:00,3211.99,32.21,1250.32
2025-04-14 21:00:00-04:00,3223.78,32.26,1250.32
2025-04-14 22:00:00-04:00,3224.41,32.24,1250.32
2025-04-14 23:00:00-04:00,3228.47,32.28,1250.32
2025-04-15 00:00:00-04:00,3231.94,32.35,1250.32
2025-04-15 01:00:00-04:00,3224.71,32.29,1250.32
2025-04-15 02:00:00-04:00,3225.2,32.31,1250.32
2025-04-15 03:00:00-04:00,3225.69,32.36,1250.32
2025-04-15 04:00:00-04:00,3227.88,32.31,1250.32
2025-04-15 05:00:00-04:00,3222.68,32.32,1250.32
2025-04-15 06:00:00-04:00,3220.23,32.27,1250.32
2025-04-15 07:00:00-04:00,3220.08,32.27,1250.32
2025-04-15 08:00:00-04:00,3221.72,32.36,1250.32
2025-04-15 09:00:00-04:00,3213.14,32.23,1250.32
2025-04-15 10:00:00-04:00,3222.72,32.18,1250.32
2025-04-15 11:00:00-04:00,3221.39,32.22,1250.32
2025-04-15 12:00:00-04:00,3221.49,32.25,1250.32
2025-04-15 13:00:00-04:00,3227.99,32.32,1250.32
2025-04-15 14:00:00-04:00,3229.22,32.36,1250.32
2025-04-15 15:00:00-04:00,3229.96,32.32,1250.32
2025-04-15 16:00:00-04:00,3231.22,32.31,1250.32
2025-04-15 18:00:00-04:00,3241.53,32.33,1250.32
2025-04-15 19:00:00-04:00,3251.86,32.4,1250.32
2025-04-15 20:00:00-04:00,3264.58,32.45,1250.32
2025-04-15 21:00:00-04:00,3270.24,32.4,1250.32
2025-04-15 22:00:00-04:00,3267.83,32.3,1250.32
2025-04-15 23:00:00-04:00,3281.55,32.4,1250.32
2025-04-16 00:00:00-04:00,3283.8,32.46,1250.32
2025-04-16 01:00:00-04:00,3289.81,32.49,1250.32
2025-04-16 02:00:00-04:00,3291.9,32.63,1250.32
2025-04-16 03:00:00-04:00,3300.51,32.84,1250.32
2025-04-16 04:00:00-04:00,3307.14,32.92,1250.32
2025-04-16 05:00:00-04:00,3303.56,32.97,1250.32
2025-04-16 06:00:00-04:00,3304.16,32.95,1250.32
2025-04-16 07:00:00-04:00,3306.95,32.95,1250.32
2025-04-16 08:00:00-04:00,3307.43,32.87,1250.32
2025-04-16 09:00:00-04:00,3311.63,32.89,1250.32
2025-04-16 10:00:00-04:00,3308.59,32.73,1250.32
2025-04-16 11:00:00-04:00,3325.43,32.9,1250.32
2025-04-16 12:00:00-04:00,3327.37,32.97,1250.32
2025-04-16 13:00:00-04:00,3328.22,32.79,1250.32
2025-04-16 14:00:00-04:00,3338.45,32.87,1250.32
2025-04-16 15:00:00-04:00,3336.78,32.74,1250.32
2025-04-16 16:00:00-04:00,3343.11,32.76,1250.32
2025-04-16 18:00:00-04:00,3351.18,32.9,1250.32
2025-04-16 19:00:00-04:00,3350.14,32.83,1250.32
2025-04-16 20:00:00-04:00,3345.68,32.9,1250.32
2025-04-16 21:00:00-04:00,3324.1,32.2,1250.32
2025-04-16 22:00:00-04:00,3340.47,32.37,1250.32
2025-04-16 23:00:00-04:00,3344.6,32.65,1250.32
2025-04-17 00:00:00-04:00,3341.65,32.61,1250.32
2025-04-17 01:00:00-04:00,3329.5,32.49,1250.32
2025-04-17 02:00:00-04:00,3329.0,32.48,1250.32
2025-04-17 03:00:00-04:00,3323.52,32.45,1250.32
2025-04-17 04:00:00-04:00,3324.3,32.43,1250.32
2025-04-17 05:00:00-04:00,3321.64,32.34,1250.32
2025-04-17 06:00:00-04:00,3327.64,32.33,1250.32
2025-04-17 07:00:00-04:00,3327.55,32.37,1250.32
2025-04-17 08:00:00-04:00,3328.27,32.53,1250.32
2025-04-17 09:00:00-04:00,3315.17,32.5,1250.32
2025-04-17 10:00:00-04:00,3291.4,32.14,1250.32
2025-04-17 11:00:00-04:00,3296.41,32.27,1250.32
2025-04-17 12:00:00-04:00,3316.18,32.49,1250.32
2025-04-17 13:00:00-04:00,3319.1,32.49,1250.32
2025-04-17 14:00:00-04:00,3316.45,32.45,1250.32
2025-04-17 15:00:00-04:00,3320.82,32.47,1250.32
2025-04-17 16:00:00-04:00,3327.06,32.54,1250.32
2025-04-20 18:00:00-04:00,3346.1,32.5,1250.32
2025-04-20 19:00:00-04:00,3348.21,32.56,1250.32
2025-04-20 20:00:00-04:00,3368.82,32.61,1250.32
2025-04-20 21:00:00-04:00,3377.64,32.7,1250.32
2025-04-20 22:00:00-04:00,3384.88,32.72,1250.32
2025-04-20 23:00:00-04:00,3382.53,32.79,1250.32
2025-04-21 00:00:00-04:00,3376.49,32.76,1250.32
2025-04-21 01:00:00-04:00,3385.6,32.94,1250.32
2025-04-21 02:00:00-04:00,3392.31,32.87,1250.32
2025-04-21 03:00:00-04:00,3385.32,32.74,1250.32
2025-04-21 04:00:00-04:00,3392.82,32.84,1250.32
2025-04-21 05:00:00-04:00,3395.06,32.88,1250.32
2025-04-21 06:00:00-04:00,3395.09,32.94,1250.32
2025-04-21 07:00:00-04:00,3404.53,32.97,1250.32
2025-04-21 08:00:00-04:00,3415.05,33.03,1250.32
2025-04-21 09:00:00-04:00,3420.53,32.81,1250.32
2025-04-21 10:00:00-04:00,3416.91,32.69,1250.32
2025-04-21 11:00:00-04:00,3423.03,32.76,1250.32
2025-04-21 12:00:00-04:00,3414.65,32.64,1250.32
2025-04-21 13:00:00-04:00,3422.64,32.65,1250.32
2025-04-21 14:00:00-04:00,3426.47,32.67,1250.32
2025-04-21 15:00:00-04:00,3423.57,32.73,1250.32
2025-04-21 16:00:00-04:00,3424.07,32.68,1250.32
2025-04-21 18:00:00-04:00,3431.18,32.72,1250.32
2025-04-21 19:00:00-04:00,3434.6,32.74,1250.32
2025-04-21 20:00:00-04:00,3425.53,32.65,1250.32
2025-04-21 21:00:00-04:00,3453.07,32.64,1250.32
2025-04-21 22:00:00-04:00,3473.07,32.63,1250.32
2025-04-21 23:00:00-04:00,3487.91,32.83,1250.32
2025-04-22 00:00:00-04:00,3484.45,32.87,1250.32
2025-04-22 01:00:00-04:00,3494.39,32.86,1250.32
2025-04-22 02:00:00-04:00,3479.89,32.65,1250.32
2025-04-22 03:00:00-04:00,3468.73,32.56,1250.32
2025-04-22 04:00:00-04:00,3444.26,32.35,1250.32
2025-04-22 05:00:00-04:00,3454.66,32.62,1250.32
2025-04-22 06:00:00-04:00,3452.49,32.61,1250.32
2025-04-22 07:00:00-04:00,3456.81,32.71,1250.32
2025-04-22 08:00:00-04:00,3431.61,32.61,1250.32
2025-04-22 09:00:00-04:00,3418.83,32.67,1250.32
2025-04-22 10:00:00-04:00,3430.04,32.96,1250.32
2025-04-22 11:00:00-04:00,3417.68,32.96,1250.32
2025-04-22 12:00:00-04:00,3393.08,32.8,1250.32
2025-04-22 13:00:00-04:00,3401.95,32.93,1250.32
2025-04-22 14:00:00-04:00,3381.54,32.76,1250.32
2025-04-22 15:00:00-04:00,3374.85,32.46,1250.32
2025-04-22 16:00:00-04:00,3380.1,32.5,1250.32
2025-04-22 18:00:00-04:00,3327.95,32.54,1250.32
2025-04-22 19:00:00-04:00,3336.68,32.52,1250.32
2025-04-22 20:00:00-04:00,3367.99,32.69,1250.32
2025-04-22 21:00:00-04:00,3379.27,32.82,1250.32
2025-04-22 22:00:00-04:00,3354.18,32.65,1250.32
2025-04-22 23:00:00-04:00,3339.05,32.71,1250.32
2025-04-23 00:00:00-04:00,3346.83,32.77,1250.32
2025-04-23 01:00:00-04:00,3319.18,32.69,1250.32
2025-04-23 02:00:00-04:00,3301.15,32.79,1250.32
2025-04-23 03:00:00-04:00,3319.2,32.88,1250.32
2025-04-23 04:00:00-04:00,3321.61,32.92,1250.32
2025-04-23 05:00:00-04:00,3317.74,32.82,1250.32
2025-04-23 06:00:00-04:00,3330.09,32.99,1250.32
2025-04-23 07:00:00-04:00,3324.78,32.87,1250.32
2025-04-23 08:00:00-04:00,3310.86,32.87,1250.32
2025-04-23 09:00:00-04:00,3277.09,32.9,1250.32
2025-04-23 10:00:00-04:00,3287.49,33.59,1250.32
2025-04-23 11:00:00-04:00,3280.44,33.53,1250.32
2025-04-23 12:00:00-04:00,3295.11,33.57,1250.32
2025-04-23 13:00:00-04:00,3281.42,33.57,1250.32
2025-04-23 14:00:00-04:00,3282.85,33.64,1250.32
2025-04-23 15:00:00-04:00,3294.04,33.62,1250.32
2025-04-23 16:00:00-04:00,3289.44,33.57,1250.32
2025-04-23 18:00:00-04:00,3309.2,33.58,1250.32
2025-04-23 19:00:00-04:00,3316.44,33.63,1250.32
2025-04-23 20:00:00-04:00,3331.78,33.65,1250.32
2025-04-23 21:00:00-04:00,3357.45,33.5,1250.32
2025-04-23 22:00:00-04:00,3342.16,33.39,1250.32
2025-04-23 23:00:00-04:00,3327.08,33.31,1250.32
2025-04-24 00:00:00-04:00,3326.19,33.39,1250.32
2025-04-24 01:00:00-04:00,3323.81,33.4,1250.32
2025-04-24 02:00:00-04:00,3324.65,33.34,1250.32
2025-04-24 03:00:00-04:00,3333.75,33.35,1250.32
2025-04-24 04:00:00-04:00,3336.23,33.36,1250.32
2025-04-24 05:00:00-04:00,3335.68,33.4,1250.32
2025-04-24 06:00:00-04:00,3330.08,33.39,1250.32
2025-04-24 07:00:00-04:00,3337.14,33.45,1250.32
2025-04-24 08:00:00-04:00,3335.95,33.36,1250.32
2025-04-24 09:00:00-04:00,3315.57,33.3,1250.32
2025-04-24 10:00:00-04:00,3327.68,33.41,1250.32
2025-04-24 11:00:00-04:00,3329.52,33.46,1250.32
2025-04-24 12:00:00-04:00,3331.7,33.53,1250.32
2025-04-24 13:00:00-04:00,3336.86,33.54,1250.32
2025-04-24 14:00:00-04:00,3334.86,33.51,1250.32
2025-04-24 15:00:00-04:00,3342.43,33.59,1250.32
2025-04-24 16:00:00-04:00,3350.03,33.58,1250.32
2025-04-24 18:00:00-04:00,3367.14,33.67,1250.32
2025-04-24 19:00:00-04:00,3348.85,33.62,1250.32
2025-04-24 20:00:00-04:00,3357.71,33.61,1250.32
2025-04-24 21:00:00-04:00,3345.76,33.47,1250.32
2025-04-24 22:00:00-04:00,3348.76,33.49,1250.32
2025-04-24 23:00:00-04:00,3323.75,33.41,1250.32
2025-04-25 00:00:00-04:00,3324.85,33.47,1250.32
2025-04-25 01:00:00-04:00,3294.26,33.35,1250.32
2025-04-25 02:00:00-04:00,3304.6,33.42,1250.32
2025-04-25 03:00:00-04:00,3307.29,33.37,1250.32
2025-04-25 04:00:00-04:00,3303.97,33.42,1250.32
2025-04-25 05:00:00-04:00,3292.27,33.37,1250.32
2025-04-25 06:00:00-04:00,3297.93,33.36,1250.32
2025-04-25 07:00:00-04:00,3293.55,33.25,1250.32
2025-04-25 08:00:00-04:00,3292.76,33.27,1250.32
2025-04-25 09:00:00-04:00,3281.07,32.92,1250.32
2025-04-25 10:00:00-04:00,3278.14,32.91,1250.32
2025-04-25 11:00:00-04:00,3283.06,32.97,1250.32
2025-04-25 12:00:00-04:00,3285.51,33.04,1250.32
2025-04-25 13:00:00-04:00,3293.32,32.97,1250.32
2025-04-25 14:00:00-04:00,3288.4,32.94,1250.32
2025-04-25 15:00:00-04:00,3304.81,33.04,1250.32
2025-04-25 16:00:00-04:00,3319.98,33.09,1250.32
2025-04-27 18:00:00-04:00,3310.74,33.01,1250.32
2025-04-27 19:00:00-04:00,3302.72,32.9,1250.32
2025-04-27 20:00:00-04:00,3314.18,32.98,1250.32
2025-04-27 21:00:00-04:00,3280.95,32.76,1250.32
2025-04-27 22:00:00-04:00,3280.93,32.77,1250.32
2025-04-27 23:00:00-04:00,3290.99,32.84,1250.32
2025-04-28 00:00:00-04:00,3298.97,32.87,1250.32
2025-04-28 01:00:00-04:00,3295.15,32.91,1250.32
2025-04-28 02:00:00-04:00,3283.32,32.8,1250.32
2025-04-28 03:00:00-04:00,3287.47,32.97,1250.32
2025-04-28 04:00:00-04:00,3282.81,32.93,1250.32
2025-04-28 05:00:00-04:00,3274.59,32.83,1250.32
2025-04-28 06:00:00-04:00,3289.68,33.0,1250.32
2025-04-28 07:00:00-04:00,3294.27,33.05,1250.32
2025-04-28 08:00:00-04:00,3296.16,32.94,1250.32
2025-04-28 09:00:00-04:00,3293.26,32.84,1250.32
2025-04-28 10:00:00-04:00,3328.63,33.06,1250.32
2025-04-28 11:00:00-04:00,3325.2,33.04,1250.32
2025-04-28 12:00:00-04:00,3336.72,33.12,1250.32
2025-04-28 13:00:00-04:00,3335.41,33.05,1250.32
2025-04-28 14:00:00-04:00,3349.2,33.14,1250.32
2025-04-28 15:00:00-04:00,3352.24,33.19,1250.32
2025-04-28 16:00:00-04:00,3344.47,33.15,1250.32
2025-04-28 18:00:00-04:00,3338.08,33.1,1250.32
2025-04-28 19:00:00-04:00,3337.69,33.12,1250.32
2025-04-28 20:00:00-04:00,3330.03,33.13,1250.32
2025-04-28 21:00:00-04:00,3326.57,33.16,1250.32
2025-04-28 22:00:00-04:00,3320.74,33.09,1250.32
2025-04-28 23:00:00-04:00,3316.15,32.98,1250.32
2025-04-29 00:00:00-04:00,3309.42,32.94,1250.32
2025-04-29 01:00:00-04:00,3310.28,32.95,1250.32
2025-04-29 02:00:00-04:00,3318.81,33.07,1250.32
2025-04-29 03:00:00-04:00,3323.05,33.23,1250.32
2025-04-29 04:00:00-04:00,3311.86,33.24,1250.32
2025-04-29 05:00:00-04:00,3309.13,33.33,1250.32
2025-04-29 06:00:00-04:00,3312.94,33.22,1250.32
2025-04-29 07:00:00-04:00,3309.36,33.22,1250.32
2025-04-29 08:00:00-04:00,3312.93,33.39,1250.32
2025-04-29 09:00:00-04:00,3307.09,33.31,1250.32
2025-04-29 10:00:00-04:00,3314.59,33.34,1250.32
2025-04-29 11:00:00-04:00,3312.47,33.21,1250.32
2025-04-29 12:00:00-04:00,3328.77,33.29,1250.32
2025-04-29 13:00:00-04:00,3314.45,33.13,1250.32
2025-04-29 14:00:00-04:00,3319.98,33.03,1250.32
2025-04-29 15:00:00-04:00,3320.57,32.83,1250.32
2025-04-29 16:00:00-04:00,3317.45,32.93,1250.32
2025-04-29 18:00:00-04:00,3319.17,32.93,1250.32
2025-04-29 19:00:00-04:00,3317.1,32.94,1250.32
2025-04-29 20:00:00-04:00,3313.23,33.04,1250.32
2025-04-29 21:00:00-04:00,3308.23,32.98,1250.32
2025-04-29 22:00:00-04:00,3306.82,32.95,1250.32
2025-04-29 23:00:00-04:00,3304.8,32.88,1250.32
2025-04-30 00:00:00-04:00,3308.0,32.84,1250.32
2025-04-30 01:00:00-04:00,3309.61,32.88,1250.32
2025-04-30 02:00:00-04:00,3305.95,32.85,1250.32
2025-04-30 03:00:00-04:00,3307.28,32.68,1250.32
2025-04-30 04:00:00-04:00,3284.59,32.41,1250.32
2025-04-30 05:00:00-04:00,3275.95,32.23,1250.32
2025-04-30 06:00:00-04:00,3272.65,32.26,1250.32
2025-04-30 07:00:00-04:00,3272.46,32.22,1250.32
2025-04-30 08:00:00-04:00,3298.71,32.58,1250.32
2025-04-30 09:00:00-04:00,3309.41,32.46,1250.32
2025-04-30 10:00:00-04:00,3309.94,32.68,1250.32
2025-04-30 11:00:00-04:00,3308.15,32.71,1250.32
2025-04-30 12:00:00-04:00,3310.8,32.67,1250.32
2025-04-30 13:00:00-04:00,3305.28,32.63,1250.32
2025-04-30 14:00:00-04:00,3301.79,32.62,1250.32
2025-04-30 15:00:00-04:00,3295.86,32.55,1250.32
2025-04-30 16:00:00-04:00,3289.18,32.6,1250.32
2025-04-30 18:00:00-04:00,3274.11,32.64,1250.32
2025-04-30 19:00:00-04:00,3272.85,32.62,1250.32
2025-04-30 20:00:00-04:00,3246.68,32.33,1250.32
2025-04-30 21:00:00-04:00,3239.02,32.35,1250.32
2025-04-30 22:00:00-04:00,3241.63,32.28,1250.32
2025-04-30 23:00:00-04:00,3229.54,32.03,1250.32
2025-05-01 00:00:00-04:00,3226.74,32.03,1250.32
2025-05-01 01:00:00-04:00,3236.91,32.08,1250.32
2025-05-01 02:00:00-04:00,3235.77,32.12,1250.32
2025-05-01 03:00:00-04:00,3230.19,32.14,1250.32
2025-05-01 04:00:00-04:00,3235.25,32.27,1250.32
2025-05-01 05:00:00-04:00,3218.6,32.1,1250.32
2025-05-01 06:00:00-04:00,3223.05,32.15,1250.32
2025-05-01 07:00:00-04:00,3205.69,31.72,1250.32
2025-05-01 08:00:00-04:00,3226.89,32.32,1250.32
2025-05-01 09:00:00-04:00,3224.91,32.35,1250.32
2025-05-01 10:00:00-04:00,3219.19,32.3,1250.32
2025-05-01 11:00:00-04:00,3216.6,32.25,1250.32
2025-05-01 12:00:00-04:00,3219.65,32.27,1250.32
2025-05-01 13:00:00-04:00,3214.63,32.26,1250.32
2025-05-01 14:00:00-04:00,3224.01,32.34,1250.32
2025-05-01 15:00:00-04:00,3228.39,32.34,1250.32
2025-05-01 16:00:00-04:00,3239.13,32.42,1250.32
2025-05-01 18:00:00-04:00,3238.03,32.42,1250.32
2025-05-01 19:00:00-04:00,3237.37,32.44,1250.32
2025-05-01 20:00:00-04:00,3231.35,32.46,1250.32
2025-05-01 21:00:00-04:00,3236.53,32.55,1250.32
2025-05-01 22:00:00-04:00,3248.15,32.6,1250.32
2025-05-01 23:00:00-04:00,3255.02,32.69,1250.32
2025-05-02 00:00:00-04:00,3251.85,32.67,1250.32
2025-05-02 01:00:00-04:00,3251.94,32.59,1250.32
2025-05-02 02:00:00-04:00,3252.93,32.61,1250.32
2025-05-02 03:00:00-04:00,3259.06,32.55,1250.32
2025-05-02 04:00:00-04:00,3258.25,32.49,1250.32
2025-05-02 05:00:00-04:00,3265.44,32.51,1250.32
2025-05-02 06:00:00-04:00,3259.54,32.36,1250.32
2025-05-02 07:00:00-04:00,3262.71,32.29,1250.32
2025-05-02 08:00:00-04:00,3250.39,32.44,1250.32
2025-05-02 09:00:00-04:00,3250.52,32.27,1250.32
2025-05-02 10:00:00-04:00,3262.91,32.33,1250.32
2025-05-02 11:00:00-04:00,3231.62,32.01,1250.32
2025-05-02 12:00:00-04:00,3225.01,32.01,1250.32
2025-05-02 13:00:00-04:00,3231.44,32.02,1250.32
2025-05-02 14:00:00-04:00,3226.44,31.98,1250.32
2025-05-02 15:00:00-04:00,3233.76,32.02,1250.32
2025-05-02 16:00:00-04:00,3238.5,32.01,1250.32
2025-05-04 18:00:00-04:00,3239.64,32.04,1250.32
2025-05-04 19:00:00-04:00,3248.18,32.06,1250.32
2025-05-04 20:00:00-04:00,3246.77,32.01,1250.32
2025-05-04 21:00:00-04:00,3264.98,32.05,1250.32
2025-05-04 22:00:00-04:00,3270.2,32.16,1250.32
2025-05-04 23:00:00-04:00,3254.62,32.15,1250.32
2025-05-05 00:00:00-04:00,3256.59,32.21,1250.32
2025-05-05 01:00:00-04:00,3259.73,32.29,1250.32
2025-05-05 02:00:00-04:00,3262.07,32.43,1250.32
2025-05-05 03:00:00-04:00,3264.92,32.32,1250.32
2025-05-05 04:00:00-04:00,3282.76,32.41,1250.32
2025-05-05 05:00:00-04:00,3308.83,32.42,1250.32
2025-05-05 06:00:00-04:00,3313.4,32.42,1250.32
2025-05-05 07:00:00-04:00,3312.95,32.39,1250.32
2025-05-05 08:00:00-04:00,3319.71,32.61,1250.32
2025-05-05 09:00:00-04:00,3315.8,32.37,1250.32
2025-05-05 10:00:00-04:00,3312.74,32.28,1250.32
2025-05-05 11:00:00-04:00,3312.1,32.27,1250.32
2025-05-05 12:00:00-04:00,3309.78,32.28,1250.32
2025-05-05 13:00:00-04:00,3317.23,32.32,1250.32
2025-05-05 14:00:00-04:00,3323.3,32.34,1250.32
2025-05-05 15:00:00-04:00,3328.91,32.41,1250.32
2025-05-05 16:00:00-04:00,3335.35,32.49,1250.32
2025-05-05 18:00:00-04:00,3330.66,32.48,1250.32
2025-05-05 19:00:00-04:00,3334.16,32.52,1250.32
2025-05-05 20:00:00-04:00,3329.69,32.66,1250.32
2025-05-05 21:00:00-04:00,3379.69,33.02,1250.32
2025-05-05 22:00:00-04:00,3358.48,33.02,1250.32
2025-05-05 23:00:00-04:00,3360.51,33.07,1250.32
2025-05-06 00:00:00-04:00,3363.28,33.08,1250.32
2025-05-06 01:00:00-04:00,3362.12,33.0,1250.32
2025-05-06 02:00:00-04:00,3364.83,33.0,1250.32
2025-05-06 03:00:00-04:00,3371.34,33.05,1250.32
2025-05-06 04:00:00-04:00,3377.27,33.02,1250.32
2025-05-06 05:00:00-04:00,3383.35,33.09,1250.32
2025-05-06 06:00:00-04:00,3383.72,33.02,1250.32
2025-05-06 07:00:00-04:00,3379.27,33.09,1250.32
2025-05-06 08:00:00-04:00,3391.16,33.09,1250.32
2025-05-06 09:00:00-04:00,3391.83,33.14,1250.32
2025-05-06 10:00:00-04:00,3386.35,33.11,1250.32
2025-05-06 11:00:00-04:00,3395.17,33.04,1250.32
2025-05-06 12:00:00-04:00,3408.89,33.16,1250.32
2025-05-06 13:00:00-04:00,3414.08,33.16,1250.32
2025-05-06 14:00:00-04:00,3415.72,33.18,1250.32
2025-05-06 15:00:00-04:00,3423.45,33.23,1250.32
2025-05-06 16:00:00-04:00,3431.79,33.22,1250.32
2025-05-06 18:00:00-04:00,3381.9,33.05,1250.32
2025-05-06 19:00:00-04:00,3400.88,33.16,1250.32
2025-05-06 20:00:00-04:00,3379.61,33.05,1250.32
2025-05-06 21:00:00-04:00,3374.74,32.92,1250.32
2025-05-06 22:00:00-04:00,3390.69,33.07,1250.32
2025-05-06 23:00:00-04:00,3375.65,32.97,1250.32
2025-05-07 00:00:00-04:00,3382.22,33.0,1250.32
2025-05-07 01:00:00-04:00,3388.14,33.05,1250.32
2025-05-07 02:00:00-04:00,3392.59,33.08,1250.32
2025-05-07 03:00:00-04:00,3388.06,33.01,1250.32
2025-05-07 04:00:00-04:00,3382.88,32.88,1250.32
2025-05-07 05:00:00-04:00,3370.09,32.8,1250.32
2025-05-07 06:00:00-04:00,3391.41,32.89,1250.32
2025-05-07 07:00:00-04:00,3387.1,32.89,1250.32
2025-05-07 08:00:00-04:00,3390.93,32.93,1250.32
2025-05-07 09:00:00-04:00,3394.52,32.82,1250.32
2025-05-07 10:00:00-04:00,3385.92,32.64,1250.32
2025-05-07 11:00:00-04:00,3385.27,32.63,1250.32
2025-05-07 12:00:00-04:00,3386.93,32.65,1250.32
2025-05-07 13:00:00-04:00,3385.22,32.59,1250.32
2025-05-07 14:00:00-04:00,3384.66,32.56,1250.32
2025-05-07 15:00:00-04:00,3371.99,32.42,1250.32
2025-05-07 16:00:00-04:00,3364.91,32.45,1250.32
2025-05-07 18:00:00-04:00,3369.99,32.41,1250.32
2025-05-07 19:00:00-04:00,3376.47,32.46,1250.32
2025-05-07 20:00:00-04:00,3380.62,32.49,1250.32
2025-05-07 21:00:00-04:00,3408.77,32.86,1250.32
2025-05-07 22:00:00-04:00,3402.25,32.79,1250.32
2025-05-07 23:00:00-04:00,3396.94,32.86,1250.32
2025-05-08 00:00:00-04:00,3382.11,32.83,1250.32
2025-05-08 01:00:00-04:00,3355.47,32.58,1250.32
2025-05-08 02:00:00-04:00,3329.99,32.37,1250.32
2025-05-08 03:00:00-04:00,3343.01,32.38,1250.32
2025-05-08 04:00:00-04:00,3339.34,32.35,1250.32
2025-05-08 05:00:00-04:00,3332.04,32.38,1250.32
2025-05-08 06:00:00-04:00,3342.6,32.43,1250.32
2025-05-08 07:00:00-04:00,3344.49,32.4,1250.32
2025-05-08 08:00:00-04:00,3356.23,32.47,1250.32
2025-05-08 09:00:00-04:00,3356.15,32.66,1250.32
2025-05-08 10:00:00-04:00,3356.57,32.63,1250.32
2025-05-08 11:00:00-04:00,3330.49,32.63,1250.32
2025-05-08 12:00:00-04:00,3310.39,32.51,1250.32
2025-05-08 13:00:00-04:00,3308.39,32.5,1250.32
2025-05-08 14:00:00-04:00,3308.57,32.48,1250.32
2025-05-08 15:00:00-04:00,3306.45,32.38,1250.32
2025-05-08 16:00:00-04:00,3305.56,32.46,1250.32
2025-05-08 18:00:00-04:00,3323.83,32.52,1250.32
2025-05-08 19:00:00-04:00,3316.49,32.44,1250.32
2025-05-08 20:00:00-04:00,3322.2,32.5,1250.32
2025-05-08 21:00:00-04:00,3291.35,32.33,1250.32
2025-05-08 22:00:00-04:00,3308.39,32.43,1250.32
2025-05-08 23:00:00-04:00,3308.22,32.44,1250.32
2025-05-09 00:00:00-04:00,3324.66,32.55,1250.32
2025-05-09 01:00:00-04:00,3321.69,32.48,1250.32
2025-05-09 02:00:00-04:00,3325.54,32.54,1250.32
2025-05-09 03:00:00-04:00,3327.33,32.66,1250.32
2025-05-09 04:00:00-04:00,3328.61,32.59,1250.32
2025-05-09 05:00:00-04:00,3325.17,32.6,1250.32
2025-05-09 06:00:00-04:00,3323.35,32.57,1250.32
2025-05-09 07:00:00-04:00,3333.1,32.55,1250.32
2025-05-09 08:00:00-04:00,3333.65,32.59,1250.32
2025-05-09 09:00:00-04:00,3330.8,32.7,1250.32
2025-05-09 10:00:00-04:00,3337.24,32.7,1250.32
2025-05-09 11:00:00-04:00,3345.12,32.82,1250.32
2025-05-09 12:00:00-04:00,3336.93,32.71,1250.32
2025-05-09 13:00:00-04:00,3341.03,32.78,1250.32
2025-05-09 14:00:00-04:00,3338.86,32.8,1250.32
2025-05-09 15:00:00-04:00,3328.86,32.76,1250.32
2025-05-09 16:00:00-04:00,3324.62,32.73,1250.32
2025-05-11 18:00:00-04:00,3272.74,32.62,1250.32
2025-05-11 19:00:00-04:00,3287.7,32.67,1250.32
2025-05-11 20:00:00-04:00,3279.23,32.66,1250.32
2025-05-11 21:00:00-04:00,3272.03,32.53,1250.32
2025-05-11 22:00:00-04:00,3272.16,32.64,1250.32
2025-05-11 23:00:00-04:00,3283.41,32.83,1250.32
2025-05-12 00:00:00-04:00,3278.93,32.89,1250.32
2025-05-12 01:00:00-04:00,3276.2,32.92,1250.32
2025-05-12 02:00:00-04:00,3277.57,32.97,1250.32
2025-05-12 03:00:00-04:00,3222.7,32.06,1250.32
2025-05-12 04:00:00-04:00,3231.58,32.27,1250.32
2025-05-12 05:00:00-04:00,3215.28,32.14,1250.32
2025-05-12 06:00:00-04:00,3208.22,32.04,1250.32
2025-05-12 07:00:00-04:00,3224.86,32.33,1250.32
2025-05-12 08:00:00-04:00,3233.63,32.5,1250.32
2025-05-12 09:00:00-04:00,3240.82,32.57,1250.32
2025-05-12 10:00:00-04:00,3237.72,32.6,1250.32
2025-05-12 11:00:00-04:00,3239.27,32.56,1250.32
2025-05-12 12:00:00-04:00,3224.23,32.48,1250.32
2025-05-12 13:00:00-04:00,3223.27,32.42,1250.32
2025-05-12 14:00:00-04:00,3229.74,32.5,1250.32
2025-05-12 15:00:00-04:00,3235.41,32.57,1250.32
2025-05-12 16:00:00-04:00,3236.12,32.6,1250.32
2025-05-12 18:00:00-04:00,3233.99,32.58,1250.32
2025-05-12 19:00:00-04:00,3236.98,32.58,1250.32
2025-05-12 20:00:00-04:00,3240.02,32.56,1250.32
2025-05-12 21:00:00-04:00,3225.29,32.7,1250.32
2025-05-12 22:00:00-04:00,3228.95,32.75,1250.32
2025-05-12 23:00:00-04:00,3236.73,33.03,1250.32
2025-05-13 00:00:00-04:00,3252.61,33.05,1250.32
2025-05-13 01:00:00-04:00,3256.64,33.05,1250.32
2025-05-13 02:00:00-04:00,3262.31,33.15,1250.32
2025-05-13 03:00:00-04:00,3259.21,33.19,1250.32
2025-05-13 04:00:00-04:00,3255.62,33.14,1250.32
2025-05-13 05:00:00-04:00,3253.47,33.01,1250.32
2025-05-13 06:00:00-04:00,3253.02,33.03,1250.32
2025-05-13 07:00:00-04:00,3249.28,32.86,1250.32
2025-05-13 08:00:00-04:00,3241.86,32.74,1250.32
2025-05-13 09:00:00-04:00,3227.64,32.63,1250.32
2025-05-13 10:00:00-04:00,3242.77,32.9,1250.32
2025-05-13 11:00:00-04:00,3253.43,32.95,1250.32
2025-05-13 12:00:00-04:00,3251.07,32.98,1250.32
2025-05-13 13:00:00-04:00,3247.14,32.89,1250.32
2025-05-13 14:00:00-04:00,3248.84,32.88,1250.32
2025-05-13 15:00:00-04:00,3249.48,32.95,1250.32
2025-05-13 16:00:00-04:00,3250.31,32.92,1250.32
2025-05-13 18:00:00-04:00,3254.64,32.95,1250.32
2025-05-13 19:00:00-04:00,3254.48,32.95,1250.32
2025-05-13 20:00:00-04:00,3243.84,32.8,1250.32
2025-05-13 21:00:00-04:00,3239.04,32.77,1250.32
2025-05-13 22:00:00-04:00,3232.91,32.64,1250.32
2025-05-13 23:00:00-04:00,3228.5,32.63,1250.32
2025-05-14 00:00:00-04:00,3223.99,32.59,1250.32
2025-05-14 01:00:00-04:00,3233.9,32.73,1250.32
2025-05-14 02:00:00-04:00,3228.77,32.74,1250.32
2025-05-14 03:00:00-04:00,3238.09,32.91,1250.32
2025-05-14 04:00:00-04:00,3232.61,32.84,1250.32
2025-05-14 05:00:00-04:00,3232.43,32.79,1250.32
2025-05-14 06:00:00-04:00,3235.69,32.89,1250.32
2025-05-14 07:00:00-04:00,3220.17,32.87,1250.32
2025-05-14 08:00:00-04:00,3184.74,32.23,1250.32
2025-05-14 09:00:00-04:00,3191.49,32.36,1250.32
2025-05-14 10:00:00-04:00,3181.93,32.2,1250.32
2025-05-14 11:00:00-04:00,3182.63,32.29,1250.32
2025-05-14 12:00:00-04:00,3188.6,32.3,1250.32
2025-05-14 13:00:00-04:00,3181.95,32.26,1250.32
2025-05-14 14:00:00-04:00,3171.98,32.14,1250.32
2025-05-14 15:00:00-04:00,3180.67,32.16,1250.32
2025-05-14 16:00:00-04:00,3177.44,32.23,1250.32
2025-05-14 18:00:00-04:00,3182.76,32.21,1250.32
2025-05-14 19:00:00-04:00,3186.11,32.22,1250.32
2025-05-14 20:00:00-04:00,3187.85,32.23,1250.32
2025-05-14 21:00:00-04:00,3172.48,32.14,1250.32
2025-05-14 22:00:00-04:00,3154.23,32.0,1250.32
2025-05-14 23:00:00-04:00,3150.64,31.87,1250.32
2025-05-15 00:00:00-04:00,3138.72,31.77,1250.32
2025-05-15 01:00:00-04:00,3129.11,31.81,1250.32
2025-05-15 02:00:00-04:00,3149.97,31.94,1250.32
2025-05-15 03:00:00-04:00,3142.42,31.8,1250.32
2025-05-15 04:00:00-04:00,3162.64,31.92,1250.32
2025-05-15 05:00:00-04:00,3165.38,31.97,1250.32
2025-05-15 06:00:00-04:00,3178.41,32.09,1250.32
2025-05-15 07:00:00-04:00,3179.28,32.19,1250.32
2025-05-15 08:00:00-04:00,3188.96,32.17,1250.32
2025-05-15 09:00:00-04:00,3192.35,32.23,1250.32
2025-05-15 10:00:00-04:00,3205.44,32.36,1250.32
2025-05-15 11:00:00-04:00,3219.85,32.53,1250.32
2025-05-15 12:00:00-04:00,3222.6,32.52,1250.32
2025-05-15 13:00:00-04:00,3221.2,32.49,1250.32
2025-05-15 14:00:00-04:00,3223.36,32.46,1250.32
2025-05-15 15:00:00-04:00,3232.07,32.57,1250.32
2025-05-15 16:00:00-04:00,3240.28,32.64,1250.32
2025-05-15 18:00:00-04:00,3251.15,32.68,1250.32
2025-05-15 19:00:00-04:00,3237.16,32.64,1250.32
2025-05-15 20:00:00-04:00,3243.25,32.6,1250.32
2025-05-15 21:00:00-04:00,3222.4,32.52,1250.32
2025-05-15 22:00:00-04:00,3215.54,32.47,1250.32
2025-05-15 23:00:00-04:00,3211.95,32.37,1250.32
2025-05-16 00:00:00-04:00,3219.68,32.41,1250.32
2025-05-16 01:00:00-04:00,3218.7,32.44,1250.32
2025-05-16 02:00:00-04:00,3214.89,32.38,1250.32
2025-05-16 03:00:00-04:00,3207.7,32.3,1250.32
2025-05-16 04:00:00-04:00,3207.48,32.26,1250.32
2025-05-16 05:00:00-04:00,3209.27,32.3,1250.32
2025-05-16 06:00:00-04:00,3175.93,32.14,1250.32
2025-05-16 07:00:00-04:00,3163.28,31.97,1250.32
2025-05-16 08:00:00-04:00,3177.49,31.96,1250.32
2025-05-16 09:00:00-04:00,3180.94,32.26,1250.32
2025-05-16 10:00:00-04:00,3173.41,32.03,1250.32
2025-05-16 11:00:00-04:00,3183.57,32.2,1250.32
2025-05-16 12:00:00-04:00,3189.43,32.21,1250.32
2025-05-16 13:00:00-04:00,3189.44,32.21,1250.32
2025-05-16 14:00:00-04:00,3187.61,32.24,1250.32
2025-05-16 15:00:00-04:00,3192.69,32.24,1250.32
2025-05-16 16:00:00-04:00,3202.75,32.29,1250.32
2025-05-18 18:00:00-04:00,3239.27,32.46,1250.32
2025-05-18 19:00:00-04:00,3234.88,32.47,1250.32
2025-05-18 20:00:00-04:00,3246.53,32.55,1250.32
2025-05-18 21:00:00-04:00,3218.52,32.41,1250.32
2025-05-18 22:00:00-04:00,3228.68,32.41,1250.32
2025-05-18 23:00:00-04:00,3212.31,32.29,1250.32
2025-05-19 00:00:00-04:00,3216.01,32.35,1250.32
2025-05-19 01:00:00-04:00,3224.2,32.4,1250.32
2025-05-19 02:00:00-04:00,3224.31,32.43,1250.32
2025-05-19 03:00:00-04:00,3232.43,32.46,1250.32
2025-05-19 04:00:00-04:00,3244.56,32.6,1250.32
2025-05-19 05:00:00-04:00,3242.09,32.55,1250.32
2025-05-19 06:00:00-04:00,3241.83,32.56,1250.32
2025-05-19 07:00:00-04:00,3243.73,32.61,1250.32
2025-05-19 08:00:00-04:00,3229.45,32.39,1250.32
2025-05-19 09:00:00-04:00,3230.09,32.32,1250.32
2025-05-19 10:00:00-04:00,3233.97,32.37,1250.32
2025-05-19 11:00:00-04:00,3231.7,32.41,1250.32
2025-05-19 12:00:00-04:00,3231.85,32.4,1250.32
2025-05-19 13:00:00-04:00,3226.47,32.31,1250.32
2025-05-19 14:00:00-04:00,3233.55,32.38,1250.32
2025-05-19 15:00:00-04:00,3233.19,32.36,1250.32
2025-05-19 16:00:00-04:00,3229.51,32.35,1250.32
2025-05-19 18:00:00-04:00,3226.86,32.35,1250.32
2025-05-19 19:00:00-04:00,3222.64,32.36,1250.32
2025-05-19 20:00:00-04:00,3222.91,32.33,1250.32
2025-05-19 21:00:00-04:00,3221.11,32.31,1250.32
2025-05-19 22:00:00-04:00,3206.79,32.23,1250.32
2025-05-19 23:00:00-04:00,3211.53,32.19,1250.32
2025-05-20 00:00:00-04:00,3217.34,32.23,1250.32
2025-05-20 01:00:00-04:00,3213.95,32.27,1250.32
2025-05-20 02:00:00-04:00,3210.02,32.17,1250.32
2025-05-20 03:00:00-04:00,3222.91,32.29,1250.32
2025-05-20 04:00:00-04:00,3235.97,32.39,1250.32
2025-05-20 05:00:00-04:00,3236.47,32.41,1250.32
2025-05-20 06:00:00-04:00,3235.41,32.5,1250.32
2025-05-20 07:00:00-04:00,3241.32,32.54,1250.32
2025-05-20 08:00:00-04:00,3242.9,32.61,1250.32
2025-05-20 09:00:00-04:00,3261.44,32.62,1250.32
2025-05-20 10:00:00-04:00,3282.53,32.87,1250.32
2025-05-20 11:00:00-04:00,3277.2,32.87,1250.32
2025-05-20 12:00:00-04:00,3278.97,32.99,1250.32
2025-05-20 13:00:00-04:00,3286.53,33.03,1250.32
2025-05-20 14:00:00-04:00,3287.84,33.02,1250.32
2025-05-20 15:00:00-04:00,3294.18,33.13,1250.32
2025-05-20 16:00:00-04:00,3290.06,33.1,1250.32
2025-05-20 18:00:00-04:00,3296.94,33.14,1250.32
2025-05-20 19:00:00-04:00,3290.8,33.1,1250.32
2025-05-20 20:00:00-04:00,3303.57,33.15,1250.32
2025-05-20 21:00:00-04:00,3294.67,33.0,1250.32
2025-05-20 22:00:00-04:00,3301.85,33.0,1250.32
2025-05-20 23:00:00-04:00,3307.64,33.05,1250.32
2025-05-21 00:00:00-04:00,3302.16,33.08,1250.32
2025-05-21 01:00:00-04:00,3316.49,33.17,1250.32
2025-05-21 02:00:00-04:00,3320.12,33.16,1250.32
2025-05-21 03:00:00-04:00,3309.91,33.19,1250.32
2025-05-21 04:00:00-04:00,3308.46,33.15,1250.32
2025-05-21 05:00:00-04:00,3313.7,33.16,1250.32
2025-05-21 06:00:00-04:00,3311.92,33.15,1250.32
2025-05-21 07:00:00-04:00,3311.32,33.12,1250.32
2025-05-21 08:00:00-04:00,3302.73,33.16,1250.32
2025-05-21 09:00:00-04:00,3303.7,33.18,1250.32
2025-05-21 10:00:00-04:00,3304.43,33.35,1250.32
2025-05-21 11:00:00-04:00,3311.93,33.4,1250.32
2025-05-21 12:00:00-04:00,3303.22,33.43,1250.32
2025-05-21 13:00:00-04:00,3316.53,33.39,1250.32
2025-05-21 14:00:00-04:00,3314.45,33.41,1250.32
2025-05-21 15:00:00-04:00,3318.38,33.55,1250.32
2025-05-21 16:00:00-04:00,3315.74,33.39,1250.32
2025-05-21 18:00:00-04:00,3318.07,33.47,1250.32
2025-05-21 19:00:00-04:00,3320.24,33.45,1250.32
2025-05-21 20:00:00-04:00,3323.82,33.51,1250.32
2025-05-21 21:00:00-04:00,3338.19,33.52,1250.32
2025-05-21 22:00:00-04:00,3341.2,33.56,1250.32
2025-05-21 23:00:00-04:00,3335.5,33.58,1250.32
2025-05-22 00:00:00-04:00,3338.7,33.68,1250.32
2025-05-22 01:00:00-04:00,3332.51,33.61,1250.32
2025-05-22 02:00:00-04:00,3326.53,33.48,1250.32
2025-05-22 03:00:00-04:00,3327.67,33.47,1250.32
2025-05-22 04:00:00-04:00,3311.34,33.35,1250.32
2025-05-22 05:00:00-04:00,3304.86,33.21,1250.32
2025-05-22 06:00:00-04:00,3289.72,32.75,1250.32
2025-05-22 07:00:00-04:00,3314.37,32.85,1250.32
2025-05-22 08:00:00-04:00,3304.12,33.09,1250.32
2025-05-22 09:00:00-04:00,3287.8,32.83,1250.32
2025-05-22 10:00:00-04:00,3297.05,32.96,1250.32
2025-05-22 11:00:00-04:00,3294.85,33.02,1250.32
2025-05-22 12:00:00-04:00,3301.66,33.08,1250.32
2025-05-22 13:00:00-04:00,3296.6,33.11,1250.32
2025-05-22 14:00:00-04:00,3293.93,33.11,1250.32
2025-05-22 15:00:00-04:00,3290.32,33.04,1250.32
2025-05-22 16:00:00-04:00,3295.15,33.05,1250.32
2025-05-22 18:00:00-04:00,3297.93,33.07,1250.32
2025-05-22 19:00:00-04:00,3300.13,33.05,1250.32
2025-05-22 20:00:00-04:00,3301.0,33.06,1250.32
2025-05-22 21:00:00-04:00,3305.2,33.14,1250.32
2025-05-22 22:00:00-04:00,3296.98,33.09,1250.32
2025-05-22 23:00:00-04:00,3302.15,33.14,1250.32
2025-05-23 00:00:00-04:00,3313.72,33.18,1250.32
2025-05-23 01:00:00-04:00,3323.87,33.19,1250.32
2025-05-23 02:00:00-04:00,3331.28,33.19,1250.32
2025-05-23 03:00:00-04:00,3329.29,33.23,1250.32
2025-05-23 04:00:00-04:00,3326.45,33.21,1250.32
2025-05-23 05:00:00-04:00,3328.81,33.16,1250.32
2025-05-23 06:00:00-04:00,3328.68,33.11,1250.32
2025-05-23 07:00:00-04:00,3348.13,33.09,1250.32
2025-05-23 08:00:00-04:00,3357.06,33.18,1250.32
2025-05-23 09:00:00-04:00,3340.09,33.06,1250.32
2025-05-23 10:00:00-04:00,3359.35,33.3,1250.32
2025-05-23 11:00:00-04:00,3361.69,33.31,1250.32
2025-05-23 12:00:00-04:00,3359.06,33.39,1250.32
2025-05-23 13:00:00-04:00,3362.76,33.45,1250.32
2025-05-23 14:00:00-04:00,3362.1,33.5,1250.32
2025-05-23 15:00:00-04:00,3361.06,33.48,1250.32
2025-05-23 16:00:00-04:00,3359.39,33.49,1250.32
2025-05-25 18:00:00-04:00,3344.36,33.47,1250.32
2025-05-25 19:00:00-04:00,3342.65,33.44,1250.32
2025-05-25 20:00:00-04:00,3342.04,33.44,1250.32
2025-05-25 21:00:00-04:00,3345.07,33.52,1250.32
2025-05-25 22:00:00-04:00,3348.2,33.51,1250.32
2025-05-25 23:00:00-04:00,3347.68,33.47,1250.32
2025-05-26 00:00:00-04:00,3349.99,33.51,1250.32
2025-05-26 01:00:00-04:00,3347.43,33.55,1250.32
2025-05-26 02:00:00-04:00,3337.28,33.48,1250.32
2025-05-26 03:00:00-04:00,3337.51,33.51,1250.32
2025-05-26 04:00:00-04:00,3334.78,33.46,1250.32
2025-05-26 05:00:00-04:00,3328.63,33.32,1250.32
2025-05-26 06:00:00-04:00,3331.65,33.36,1250.32
2025-05-26 07:00:00-04:00,3333.17,33.36,1250.32
2025-05-26 08:00:00-04:00,3334.45,33.4,1250.32
2025-05-26 09:00:00-04:00,3338.49,33.31,1250.32
2025-05-26 10:00:00-04:00,3337.35,33.33,1250.32
2025-05-26 11:00:00-04:00,3338.05,33.37,1250.32
2025-05-26 12:00:00-04:00,3342.19,33.45,1250.32
2025-05-26 13:00:00-04:00,3341.34,33.47,1250.32
2025-05-26 14:00:00-04:00,3341.53,33.47,1250.32
2025-05-26 18:00:00-04:00,3347.74,33.45,1250.32
2025-05-26 19:00:00-04:00,3346.2,33.42,1250.32
2025-05-26 20:00:00-04:00,3345.16,33.52,1250.32
2025-05-26 21:00:00-04:00,3336.07,33.34,1250.32
2025-05-26 22:00:00-04:00,3342.99,33.4,1250.32
2025-05-26 23:00:00-04:00,3341.22,33.32,1250.32
2025-05-27 00:00:00-04:00,3331.0,33.27,1250.32
2025-05-27 01:00:00-04:00,3323.6,33.23,1250.32
2025-05-27 02:00:00-04:00,3308.6,33.13,1250.32
2025-05-27 03:00:00-04:00,3296.45,32.99,1250.32
2025-05-27 04:00:00-04:00,3298.68,33.06,1250.32
2025-05-27 05:00:00-04:00,3296.29,33.02,1250.32
2025-05-27 06:00:00-04:00,3293.35,32.89,1250.32
2025-05-27 07:00:00-04:00,3288.45,32.85,1250.32
2025-05-27 08:00:00-04:00,3293.82,32.87,1250.32
2025-05-27 09:00:00-04:00,3295.33,33.04,1250.32
2025-05-27 10:00:00-04:00,3299.91,33.03,1250.32
2025-05-27 11:00:00-04:00,3293.62,33.1,1250.32
2025-05-27 12:00:00-04:00,3297.93,33.17,1250.32
2025-05-27 13:00:00-04:00,3301.35,33.2,1250.32
2025-05-27 14:00:00-04:00,3303.22,33.24,1250.32
2025-05-27 15:00:00-04:00,3304.45,33.25,1250.32
2025-05-27 16:00:00-04:00,3300.95,33.27,1250.32
2025-05-27 18:00:00-04:00,3303.26,33.27,1250.32
2025-05-27 19:00:00-04:00,3309.46,33.28,1250.32
2025-05-27 20:00:00-04:00,3308.63,33.26,1250.32
2025-05-27 21:00:00-04:00,3301.83,33.24,1250.32
2025-05-27 22:00:00-04:00,3302.45,33.32,1250.32
2025-05-27 23:00:00-04:00,3297.91,33.28,1250.32
2025-05-28 00:00:00-04:00,3296.47,33.27,1250.32
2025-05-28 01:00:00-04:00,3307.3,33.29,1250.32
2025-05-28 02:00:00-04:00,3308.43,33.19,1250.32
2025-05-28 03:00:00-04:00,3319.24,33.36,1250.32
2025-05-28 04:00:00-04:00,3321.72,33.37,1250.32
2025-05-28 05:00:00-04:00,3324.22,33.43,1250.32
2025-05-28 06:00:00-04:00,3313.47,33.3,1250.32
2025-05-28 07:00:00-04:00,3311.22,33.26,1250.32
2025-05-28 08:00:00-04:00,3312.32,33.24,1250.32
2025-05-28 09:00:00-04:00,3305.25,33.14,1250.32
2025-05-28 10:00:00-04:00,3302.68,33.11,1250.32
2025-05-28 11:00:00-04:00,3296.13,33.0,1250.32
2025-05-28 12:00:00-04:00,3293.56,33.0,1250.32
2025-05-28 13:00:00-04:00,3297.12,33.02,1250.32
2025-05-28 14:00:00-04:00,3302.28,33.03,1250.32
2025-05-28 15:00:00-04:00,3297.04,32.96,1250.32
2025-05-28 16:00:00-04:00,3286.31,32.97,1250.32
2025-05-28 18:00:00-04:00,3286.66,32.98,1250.32
2025-05-28 19:00:00-04:00,3259.91,32.88,1250.32
2025-05-28 20:00:00-04:00,3265.1,32.97,1250.32
2025-05-28 21:00:00-04:00,3263.61,33.13,1250.32
2025-05-28 22:00:00-04:00,3270.09,33.15,1250.32
2025-05-28 23:00:00-04:00,3274.72,33.2,1250.32
2025-05-29 00:00:00-04:00,3269.2,33.21,1250.32
2025-05-29 01:00:00-04:00,3272.61,33.24,1250.32
2025-05-29 02:00:00-04:00,3271.8,33.15,1250.32
2025-05-29 03:00:00-04:00,3286.59,33.33,1250.32
2025-05-29 04:00:00-04:00,3281.82,33.33,1250.32
2025-05-29 05:00:00-04:00,3282.14,33.3,1250.32
2025-05-29 06:00:00-04:00,3296.74,33.4,1250.32
2025-05-29 07:00:00-04:00,3299.82,33.42,1250.32
2025-05-29 08:00:00-04:00,3316.57,33.37,1250.32
2025-05-29 09:00:00-04:00,3312.79,33.14,1250.32
2025-05-29 10:00:00-04:00,3310.35,33.15,1250.32
2025-05-29 11:00:00-04:00,3321.78,33.27,1250.32
2025-05-29 12:00:00-04:00,3322.36,33.32,1250.32
2025-05-29 13:00:00-04:00,3324.27,33.31,1250.32
2025-05-29 14:00:00-04:00,3321.35,33.32,1250.32
2025-05-29 15:00:00-04:00,3316.72,33.35,1250.32
2025-05-29 16:00:00-04:00,3318.27,33.32,1250.32
2025-05-29 18:00:00-04:00,3314.44,33.27,1250.32
2025-05-29 19:00:00-04:00,3315.64,33.27,1250.32
2025-05-29 20:00:00-04:00,3312.64,33.23,1250.32
2025-05-29 21:00:00-04:00,3310.03,33.18,1250.32
2025-05-29 22:00:00-04:00,3297.37,33.01,1250.32
2025-05-29 23:00:00-04:00,3294.57,32.97,1250.32
2025-05-30 00:00:00-04:00,3296.4,32.99,1250.32
2025-05-30 01:00:00-04:00,3303.9,33.12,1250.32
2025-05-30 02:00:00-04:00,3301.88,33.15,1250.32
2025-05-30 03:00:00-04:00,3295.11,33.15,1250.32
2025-05-30 04:00:00-04:00,3295.85,33.18,1250.32
2025-05-30 05:00:00-04:00,3295.7,33.13,1250.32
2025-05-30 06:00:00-04:00,3295.3,33.09,1250.32
2025-05-30 07:00:00-04:00,3294.12,33.11,1250.32
2025-05-30 08:00:00-04:00,3304.13,33.26,1250.32
2025-05-30 09:00:00-04:00,3276.76,32.96,1250.32
2025-05-30 10:00:00-04:00,3282.8,32.97,1250.32
2025-05-30 11:00:00-04:00,3288.68,32.95,1250.32
2025-05-30 12:00:00-04:00,3293.39,32.88,1250.32
2025-05-30 13:00:00-04:00,3291.14,32.88,1250.32
2025-05-30 14:00:00-04:00,3293.93,32.98,1250.32
2025-05-30 15:00:00-04:00,3294.99,32.99,1250.32
2025-05-30 16:00:00-04:00,3289.32,32.99,1250.32
2025-06-01 18:00:00-04:00,3313.22,33.09,1250.32
2025-06-01 19:00:00-04:00,3310.21,33.07,1250.32
2025-06-01 20:00:00-04:00,3311.44,33.08,1250.32
2025-06-01 21:00:00-04:00,3303.68,32.97,1250.32
2025-06-01 22:00:00-04:00,3307.37,33.03,1250.32
2025-06-01 23:00:00-04:00,3308.72,33.03,1250.32
2025-06-02 00:00:00-04:00,3313.88,33.1,1250.32
2025-06-02 01:00:00-04:00,3323.81,33.17,1250.32
2025-06-02 02:00:00-04:00,3344.58,33.21,1250.32
2025-06-02 03:00:00-04:00,3352.73,33.43,1250.32
2025-06-02 04:00:00-04:00,3352.15,33.41,1250.32
2025-06-02 05:00:00-04:00,3348.4,33.31,1250.32
2025-06-02 06:00:00-04:00,3348.7,33.3,1250.32
2025-06-02 07:00:00-04:00,3356.41,33.29,1250.32
2025-06-02 08:00:00-04:00,3355.49,33.69,1250.32
2025-06-02 09:00:00-04:00,3370.82,34.16,1250.32
2025-06-02 10:00:00-04:00,3376.11,34.3,1250.32
2025-06-02 11:00:00-04:00,3374.36,34.44,1250.32
2025-06-02 12:00:00-04:00,3371.84,34.51,1250.32
2025-06-02 13:00:00-04:00,3374.45,34.56,1250.32
2025-06-02 14:00:00-04:00,3379.28,34.63,1250.32
2025-06-02 15:00:00-04:00,3381.65,34.75,1250.32
2025-06-02 16:00:00-04:00,3381.7,34.76,1250.32
2025-06-02 18:00:00-04:00,3390.03,34.74,1250.32
2025-06-02 19:00:00-04:00,3387.6,34.73,1250.32
2025-06-02 20:00:00-04:00,3375.9,34.59,1250.32
2025-06-02 21:00:00-04:00,3372.79,34.2,1250.32
2025-06-02 22:00:00-04:00,3368.97,34.03,1250.32
2025-06-02 23:00:00-04:00,3361.21,34.04,1250.32
2025-06-03 00:00:00-04:00,3362.78,34.18,1250.32
2025-06-03 01:00:00-04:00,3365.06,34.22,1250.32
2025-06-03 02:00:00-04:00,3358.97,34.19,1250.32
2025-06-03 03:00:00-04:00,3359.74,34.23,1250.32
2025-06-03 04:00:00-04:00,3361.32,34.25,1250.32
2025-06-03 05:00:00-04:00,3356.94,34.23,1250.32
2025-06-03 06:00:00-04:00,3355.59,34.24,1250.32
2025-06-03 07:00:00-04:00,3359.41,34.3,1250.32
2025-06-03 08:00:00-04:00,3359.47,34.4,1250.32
2025-06-03 09:00:00-04:00,3345.89,34.29,1250.32
2025-06-03 10:00:00-04:00,3346.55,34.51,1250.32
2025-06-03 11:00:00-04:00,3350.36,34.44,1250.32
2025-06-03 12:00:00-04:00,3348.53,34.44,1250.32
2025-06-03 13:00:00-04:00,3353.21,34.54,1250.32
2025-06-03 14:00:00-04:00,3353.63,34.58,1250.32
2025-06-03 15:00:00-04:00,3352.66,34.58,1250.32
2025-06-03 16:00:00-04:00,3353.54,34.52,1250.32
2025-06-03 18:00:00-04:00,3357.15,34.55,1250.32
2025-06-03 19:00:00-04:00,3360.04,34.59,1250.32
2025-06-03 20:00:00-04:00,3350.39,34.53,1250.32
2025-06-03 21:00:00-04:00,3370.87,34.64,1250.32
2025-06-03 22:00:00-04:00,3365.53,34.56,1250.32
2025-06-03 23:00:00-04:00,3359.24,34.48,1250.32
2025-06-04 00:00:00-04:00,3354.89,34.46,1250.32
2025-06-04 01:00:00-04:00,3351.17,34.44,1250.32
2025-06-04 02:00:00-04:00,3355.72,34.43,1250.32
2025-06-04 03:00:00-04:00,3354.68,34.43,1250.32
2025-06-04 04:00:00-04:00,3362.88,34.55,1250.32
2025-06-04 05:00:00-04:00,3363.11,34.53,1250.32
2025-06-04 06:00:00-04:00,3350.99,34.36,1250.32
2025-06-04 07:00:00-04:00,3346.65,34.37,1250.32
2025-06-04 08:00:00-04:00,3358.91,34.34,1250.32
2025-06-04 09:00:00-04:00,3352.81,34.43,1250.32
2025-06-04 10:00:00-04:00,3377.5,34.5,1250.32
2025-06-04 11:00:00-04:00,3371.79,34.42,1250.32
2025-06-04 12:00:00-04:00,3375.14,34.45,1250.32
2025-06-04 13:00:00-04:00,3379.23,34.49,1250.32
2025-06-04 14:00:00-04:00,3376.27,34.49,1250.32
2025-06-04 15:00:00-04:00,3373.67,34.48,1250.32
2025-06-04 16:00:00-04:00,3372.84,34.5,1250.32
2025-06-04 18:00:00-04:00,3373.58,34.49,1250.32
2025-06-04 19:00:00-04:00,3378.19,34.51,1250.32
2025-06-04 20:00:00-04:00,3380.38,34.54,1250.32
2025-06-04 21:00:00-04:00,3373.86,34.52,1250.32
2025-06-04 22:00:00-04:00,3370.93,34.54,1250.32
2025-06-04 23:00:00-04:00,3369.81,34.5,1250.32
2025-06-05 00:00:00-04:00,3368.54,34.47,1250.32
2025-06-05 01:00:00-04:00,3364.37,34.48,1250.32
2025-06-05 02:00:00-04:00,3366.11,34.49,1250.32
2025-06-05 03:00:00-04:00,3371.28,34.62,1250.32
2025-06-05 04:00:00-04:00,3375.28,34.85,1250.32
2025-06-05 05:00:00-04:00,3389.6,35.56,1250.32
2025-06-05 06:00:00-04:00,3400.03,35.8,1250.32
2025-06-05 07:00:00-04:00,3392.34,35.71,1250.32
2025-06-05 08:00:00-04:00,3383.18,35.76,1250.32
2025-06-05 09:00:00-04:00,3378.28,35.78,1250.32
2025-06-05 10:00:00-04:00,3367.75,35.8,1250.32
2025-06-05 11:00:00-04:00,3344.86,35.4,1250.32
2025-06-05 12:00:00-04:00,3354.14,35.59,1250.32
2025-06-05 13:00:00-04:00,3354.01,35.67,1250.32
2025-06-05 14:00:00-04:00,3353.66,35.62,1250.32
2025-06-05 15:00:00-04:00,3356.84,35.69,1250.32
2025-06-05 16:00:00-04:00,3352.82,35.66,1250.32
2025-06-05 18:00:00-04:00,3359.16,35.7,1250.32
2025-06-05 19:00:00-04:00,3361.95,35.72,1250.32
2025-06-05 20:00:00-04:00,3359.47,35.75,1250.32
2025-06-05 21:00:00-04:00,3363.91,35.9,1250.32
2025-06-05 22:00:00-04:00,3363.99,36.0,1250.32
2025-06-05 23:00:00-04:00,3369.77,36.04,1250.32
2025-06-06 00:00:00-04:00,3373.74,36.15,1250.32
2025-06-06 01:00:00-04:00,3366.11,36.04,1250.32
2025-06-06 02:00:00-04:00,3360.76,36.16,1250.32
2025-06-06 03:00:00-04:00,3359.56,36.16,1250.32
2025-06-06 04:00:00-04:00,3365.41,36.22,1250.32
2025-06-06 05:00:00-04:00,3356.77,36.11,1250.32
2025-06-06 06:00:00-04:00,3360.67,36.24,1250.32
2025-06-06 07:00:00-04:00,3358.44,36.1,1250.32
2025-06-06 08:00:00-04:00,3353.41,36.19,1250.32
2025-06-06 09:00:00-04:00,3343.33,36.11,1250.32
2025-06-06 10:00:00-04:00,3326.24,35.86,1250.32
2025-06-06 11:00:00-04:00,3332.26,36.07,1250.32
2025-06-06 12:00:00-04:00,3322.82,35.92,1250.32
2025-06-06 13:00:00-04:00,3323.66,36.04,1250.32
2025-06-06 14:00:00-04:00,3317.52,36.0,1250.32
2025-06-06 15:00:00-04:00,3312.41,35.96,1250.32
2025-06-06 16:00:00-04:00,3311.67,35.98,1250.32
2025-06-08 18:00:00-04:00,3314.91,36.03,1250.32
2025-06-08 19:00:00-04:00,3318.14,36.05,1250.32
2025-06-08 20:00:00-04:00,3305.67,35.95,1250.32
2025-06-08 21:00:00-04:00,3296.18,35.95,1250.32
2025-06-08 22:00:00-04:00,3305.54,36.02,1250.32
2025-06-08 23:00:00-04:00,3310.83,36.0,1250.32
2025-06-09 00:00:00-04:00,3311.8,36.05,1250.32
2025-06-09 01:00:00-04:00,3314.77,36.09,1250.32
2025-06-09 02:00:00-04:00,3324.45,36.29,1250.32
2025-06-09 03:00:00-04:00,3324.24,36.29,1250.32
2025-06-09 04:00:00-04:00,3320.01,36.29,1250.32
2025-06-09 05:00:00-04:00,3318.76,36.26,1250.32
2025-06-09 06:00:00-04:00,3314.76,36.26,1250.32
2025-06-09 07:00:00-04:00,3317.5,36.36,1250.32
2025-06-09 08:00:00-04:00,3320.11,36.34,1250.32
2025-06-09 09:00:00-04:00,3319.39,36.43,1250.32
2025-06-09 10:00:00-04:00,3320.91,36.59,1250.32
2025-06-09 11:00:00-04:00,3328.72,36.63,1250.32
2025-06-09 12:00:00-04:00,3337.78,36.63,1250.32
2025-06-09 13:00:00-04:00,3333.69,36.73,1250.32
2025-06-09 14:00:00-04:00,3333.26,36.86,1250.32
2025-06-09 15:00:00-04:00,3327.41,36.72,1250.32
2025-06-09 16:00:00-04:00,3325.72,36.76,1250.32
2025-06-09 18:00:00-04:00,3323.61,36.79,1250.32
2025-06-09 19:00:00-04:00,3326.82,36.8,1250.32
2025-06-09 20:00:00-04:00,3316.69,36.59,1250.32
2025-06-09 21:00:00-04:00,3306.3,36.44,1250.32
2025-06-09 22:00:00-04:00,3309.39,36.51,1250.32
2025-06-09 23:00:00-04:00,3307.55,36.54,1250.32
2025-06-10 00:00:00-04:00,3307.35,36.52,1250.32
2025-06-10 01:00:00-04:00,3317.78,36.5,1250.32
2025-06-10 02:00:00-04:00,3325.53,36.44,1250.32
2025-06-10 03:00:00-04:00,3330.18,36.49,1250.32
2025-06-10 04:00:00-04:00,3329.42,36.54,1250.32
2025-06-10 05:00:00-04:00,3329.81,36.65,1250.32
2025-06-10 06:00:00-04:00,3335.48,36.77,1250.32
2025-06-10 07:00:00-04:00,3333.78,36.73,1250.32
2025-06-10 08:00:00-04:00,3337.27,36.57,1250.32
2025-06-10 09:00:00-04:00,3343.73,36.57,1250.32
2025-06-10 10:00:00-04:00,3328.59,36.4,1250.32
2025-06-10 11:00:00-04:00,3326.69,36.43,1250.32
2025-06-10 12:00:00-04:00,3321.4,36.48,1250.32
2025-06-10 13:00:00-04:00,3324.88,36.56,1250.32
2025-06-10 14:00:00-04:00,3321.66,36.48,1250.32
2025-06-10 15:00:00-04:00,3328.77,36.55,1250.32
2025-06-10 16:00:00-04:00,3323.66,36.53,1250.32
2025-06-10 18:00:00-04:00,3324.53,36.57,1250.32
2025-06-10 19:00:00-04:00,3327.99,36.59,1250.32
2025-06-10 20:00:00-04:00,3332.49,36.61,1250.32
2025-06-10 21:00:00-04:00,3328.61,36.53,1250.32
2025-06-10 22:00:00-04:00,3338.26,36.58,1250.32
2025-06-10 23:00:00-04:00,3339.45,36.6,1250.32
2025-06-11 00:00:00-04:00,3341.9,36.59,1250.32
2025-06-11 01:00:00-04:00,3339.78,36.5,1250.32
2025-06-11 02:00:00-04:00,3337.34,36.57,1250.32
2025-06-11 03:00:00-04:00,3345.8,36.55,1250.32
2025-06-11 04:00:00-04:00,3344.6,36.5,1250.32
2025-06-11 05:00:00-04:00,3333.86,36.3,1250.32
2025-06-11 06:00:00-04:00,3329.95,36.21,1250.32
2025-06-11 07:00:00-04:00,3333.21,36.25,1250.32
2025-06-11 08:00:00-04:00,3336.81,36.33,1250.32
2025-06-11 09:00:00-04:00,3330.01,36.1,1250.32
2025-06-11 10:00:00-04:00,3337.64,36.29,1250.32
2025-06-11 11:00:00-04:00,3333.28,36.28,1250.32
2025-06-11 12:00:00-04:00,3330.34,36.17,1250.32
2025-06-11 13:00:00-04:00,3324.38,36.09,1250.32
2025-06-11 14:00:00-04:00,3343.98,36.14,1250.32
2025-06-11 15:00:00-04:00,3346.86,36.24,1250.32
2025-06-11 16:00:00-04:00,3355.19,36.25,1250.32
2025-06-11 18:00:00-04:00,3368.98,36.34,1250.32
2025-06-11 19:00:00-04:00,3365.49,36.36,1250.32
2025-06-11 20:00:00-04:00,3365.84,36.31,1250.32
2025-06-11 21:00:00-04:00,3371.11,36.32,1250.32
2025-06-11 22:00:00-04:00,3374.72,36.32,1250.32
2025-06-11 23:00:00-04:00,3373.57,36.38,1250.32
2025-06-12 00:00:00-04:00,3370.44,36.35,1250.32
2025-06-12 01:00:00-04:00,3374.51,36.4,1250.32
2025-06-12 02:00:00-04:00,3375.02,36.3,1250.32
2025-06-12 03:00:00-04:00,3346.27,35.74,1250.32
2025-06-12 04:00:00-04:00,3356.89,35.94,1250.32
2025-06-12 05:00:00-04:00,3365.46,35.96,1250.32
2025-06-12 06:00:00-04:00,3382.64,36.21,1250.32
2025-06-12 07:00:00-04:00,3379.35,36.26,1250.32
2025-06-12 08:00:00-04:00,3388.21,36.3,1250.32
2025-06-12 09:00:00-04:00,3392.14,36.16,1250.32
2025-06-12 10:00:00-04:00,3383.95,36.27,1250.32
2025-06-12 11:00:00-04:00,3385.9,36.3,1250.32
2025-06-12 12:00:00-04:00,3383.84,36.24,1250.32
2025-06-12 13:00:00-04:00,3382.7,36.23,1250.32
2025-06-12 14:00:00-04:00,3386.02,36.27,1250.32
2025-06-12 15:00:00-04:00,3388.28,36.36,1250.32
2025-06-12 16:00:00-04:00,3386.02,36.34,1250.32
2025-06-12 18:00:00-04:00,3383.53,36.33,1250.32
2025-06-12 19:00:00-04:00,3395.86,36.39,1250.32
2025-06-12 20:00:00-04:00,3416.71,36.13,1250.32
2025-06-12 21:00:00-04:00,3427.56,36.52,1250.32
2025-06-12 22:00:00-04:00,3441.36,36.51,1250.32
2025-06-12 23:00:00-04:00,3425.66,36.26,1250.32
2025-06-13 00:00:00-04:00,3425.34,36.22,1250.32
2025-06-13 01:00:00-04:00,3426.22,36.3,1250.32
2025-06-13 02:00:00-04:00,3416.38,36.11,1250.32
2025-06-13 03:00:00-04:00,3414.99,36.27,1250.32
2025-06-13 04:00:00-04:00,3424.41,36.34,1250.32
2025-06-13 05:00:00-04:00,3424.39,36.39,1250.32
2025-06-13 06:00:00-04:00,3415.91,36.19,1250.32
2025-06-13 07:00:00-04:00,3422.28,36.24,1250.32
2025-06-13 08:00:00-04:00,3436.6,36.2,1250.32
2025-06-13 09:00:00-04:00,3437.11,36.16,1250.32
2025-06-13 10:00:00-04:00,3427.96,36.17,1250.32
2025-06-13 11:00:00-04:00,3426.35,36.21,1250.32
2025-06-13 12:00:00-04:00,3430.23,36.32,1250.32
2025-06-13 13:00:00-04:00,3430.47,36.3,1250.32
2025-06-13 14:00:00-04:00,3436.65,36.31,1250.32
2025-06-13 15:00:00-04:00,3432.41,36.26,1250.32
2025-06-13 16:00:00-04:00,3432.77,36.31,1250.32
2025-06-15 18:00:00-04:00,3448.45,36.27,1250.32
2025-06-15 19:00:00-04:00,3444.18,36.3,1250.32
2025-06-15 20:00:00-04:00,3436.49,36.19,1250.32
2025-06-15 21:00:00-04:00,3441.57,36.17,1250.32
2025-06-15 22:00:00-04:00,3438.45,36.32,1250.32
2025-06-15 23:00:00-04:00,3431.6,36.24,1250.32
2025-06-16 00:00:00-04:00,3427.56,36.22,1250.32
2025-06-16 01:00:00-04:00,3421.65,36.33,1250.32
2025-06-16 02:00:00-04:00,3418.41,36.45,1250.32
2025-06-16 03:00:00-04:00,3412.67,36.45,1250.32
2025-06-16 04:00:00-04:00,3413.97,36.41,1250.32
2025-06-16 05:00:00-04:00,3412.17,36.32,1250.32
2025-06-16 06:00:00-04:00,3421.14,36.4,1250.32
2025-06-16 07:00:00-04:00,3415.13,36.31,1250.43
2025-06-16 08:00:00-04:00,3415.72,36.47,1250.43
2025-06-16 09:00:00-04:00,3388.28,36.23,1250.43
2025-06-16 10:00:00-04:00,3397.09,36.37,1250.43
2025-06-16 11:00:00-04:00,3404.65,36.4,1250.43
2025-06-16 12:00:00-04:00,3399.55,36.4,1250.43
2025-06-16 13:00:00-04:00,3392.74,36.34,1250.43
2025-06-16 14:00:00-04:00,3385.57,36.32,1250.43
2025-06-16 15:00:00-04:00,3384.17,36.32,1250.43
2025-06-16 16:00:00-04:00,3384.2,36.32,1250.43
2025-06-16 18:00:00-04:00,3395.63,36.33,1250.43
2025-06-16 19:00:00-04:00,3402.9,36.33,1250.43
2025-06-16 20:00:00-04:00,3394.34,36.28,1250.43
2025-06-16 21:00:00-04:00,3393.74,36.39,1250.43
2025-06-16 22:00:00-04:00,3390.14,36.37,1250.43
2025-06-16 23:00:00-04:00,3387.69,36.24,1250.43
2025-06-17 00:00:00-04:00,3394.14,36.43,1250.43
2025-06-17 01:00:00-04:00,3392.7,36.44,1250.43
2025-06-17 02:00:00-04:00,3385.47,36.45,1250.43
2025-06-17 03:00:00-04:00,3387.85,36.47,1250.43
2025-06-17 04:00:00-04:00,3379.17,36.42,1250.43
2025-06-17 05:00:00-04:00,3385.71,36.57,1250.43
2025-06-17 06:00:00-04:00,3398.18,37.11,1250.43
2025-06-17 07:00:00-04:00,3388.64,37.01,1250.43
2025-06-17 08:00:00-04:00,3386.83,36.84,1250.43
2025-06-17 09:00:00-04:00,3390.7,37.11,1250.43
2025-06-17 10:00:00-04:00,3385.11,37.17,1250.43
2025-06-17 11:00:00-04:00,3379.4,37.19,1250.43
2025-06-17 12:00:00-04:00,3382.97,37.12,1250.43
2025-06-17 13:00:00-04:00,3390.41,37.07,1250.43
2025-06-17 14:00:00-04:00,3382.87,37.03,1250.43
2025-06-17 15:00:00-04:00,3385.8,37.11,1250.43
2025-06-17 16:00:00-04:00,3387.4,37.12,1250.43
2025-06-17 18:00:00-04:00,3388.72,37.12,1250.43
2025-06-17 19:00:00-04:00,3387.41,37.13,1250.43
2025-06-17 20:00:00-04:00,3385.9,37.13,1250.43
2025-06-17 21:00:00-04:00,3379.01,37.14,1250.43
2025-06-17 22:00:00-04:00,3379.61,37.17,1250.43
2025-06-17 23:00:00-04:00,3391.07,37.25,1250.43
2025-06-18 00:00:00-04:00,3395.19,37.26,1250.43
2025-06-18 01:00:00-04:00,3386.56,37.29,1250.43
2025-06-18 02:00:00-04:00,3382.46,37.23,1250.43
2025-06-18 03:00:00-04:00,3385.98,37.23,1250.43
2025-06-18 04:00:00-04:00,3383.66,37.18,1250.43
2025-06-18 05:00:00-04:00,3378.21,37.19,1250.43
2025-06-18 06:00:00-04:00,3380.28,37.16,1250.43
2025-06-18 07:00:00-04:00,3382.15,37.13,1250.43
2025-06-18 08:00:00-04:00,3386.62,37.05,1250.43
2025-06-18 09:00:00-04:00,3392.39,37.03,1250.43
2025-06-18 10:00:00-04:00,3387.0,36.87,1250.43
2025-06-18 11:00:00-04:00,3392.81,36.9,1250.43
2025-06-18 12:00:00-04:00,3391.07,36.92,1250.43
2025-06-18 13:00:00-04:00,3385.49,36.9,1250.43
2025-06-18 14:00:00-04:00,3379.23,36.75,1250.43
2025-06-18 15:00:00-04:00,3366.91,36.61,1250.43
2025-06-18 16:00:00-04:00,3368.74,36.74,1250.43
2025-06-18 18:00:00-04:00,3375.33,36.75,1250.43
2025-06-18 19:00:00-04:00,3375.13,36.75,1250.43
2025-06-18 20:00:00-04:00,3379.54,36.77,1250.43
2025-06-18 21:00:00-04:00,3374.95,36.62,1250.43
2025-06-18 22:00:00-04:00,3376.86,36.7,1250.43
2025-06-18 23:00:00-04:00,3373.67,36.76,1250.43
2025-06-19 00:00:00-04:00,3374.63,36.75,1250.43
2025-06-19 01:00:00-04:00,3364.66,36.62,1250.43
2025-06-19 02:00:00-04:00,3357.5,36.42,1250.43
2025-06-19 03:00:00-04:00,3365.98,36.29,1250.43
2025-06-19 04:00:00-04:00,3368.75,36.37,1250.43
2025-06-19 05:00:00-04:00,3370.4,36.36,1250.43
2025-06-19 06:00:00-04:00,3375.07,36.33,1250.43
2025-06-19 07:00:00-04:00,3372.13,36.35,1250.43
2025-06-19 08:00:00-04:00,3367.99,36.34,1250.43
2025-06-19 09:00:00-04:00,3369.55,36.29,1250.43
2025-06-19 10:00:00-04:00,3364.76,36.36,1250.43
2025-06-19 11:00:00-04:00,3369.29,36.38,1250.43
2025-06-19 12:00:00-04:00,3371.14,36.37,1250.43
2025-06-19 13:00:00-04:00,3368.36,36.39,1250.43
2025-06-19 14:00:00-04:00,3369.63,36.4,1250.43
2025-06-19 18:00:00-04:00,3365.76,36.41,1250.43
2025-06-19 19:00:00-04:00,3368.86,36.4,1250.43
2025-06-19 20:00:00-04:00,3368.21,36.4,1250.43
2025-06-19 21:00:00-04:00,3356.47,36.28,1250.43
2025-06-19 22:00:00-04:00,3352.57,35.77,1250.43
2025-06-19 23:00:00-04:00,3355.64,35.81,1250.43
2025-06-20 00:00:00-04:00,3354.38,35.73,1250.43
2025-06-20 01:00:00-04:00,3344.88,35.59,1250.43
2025-06-20 02:00:00-04:00,3345.36,35.62,1250.43
2025-06-20 03:00:00-04:00,3347.76,35.91,1250.43
2025-06-20 04:00:00-04:00,3351.07,36.03,1250.43
2025-06-20 05:00:00-04:00,3355.28,36.12,1250.43
2025-06-20 06:00:00-04:00,3355.43,36.12,1250.43
2025-06-20 07:00:00-04:00,3347.11,36.0,1250.43
2025-06-20 08:00:00-04:00,3344.59,36.01,1250.43
2025-06-20 09:00:00-04:00,3370.39,36.04,1250.43
2025-06-20 10:00:00-04:00,3369.31,35.97,1250.43
2025-06-20 11:00:00-04:00,3369.92,35.97,1250.43
2025-06-20 12:00:00-04:00,3371.6,36.03,1250.43
2025-06-20 13:00:00-04:00,3367.47,36.06,1250.43
2025-06-20 14:00:00-04:00,3366.75,36.05,1250.43
2025-06-20 15:00:00-04:00,3365.64,36.02,1250.43
2025-06-20 16:00:00-04:00,3368.99,36.0,1250.43
2025-06-22 18:00:00-04:00,3379.2,36.07,1250.43
2025-06-22 19:00:00-04:00,3372.82,36.08,1250.43
2025-06-22 20:00:00-04:00,3365.75,36.03,1250.43
2025-06-22 21:00:00-04:00,3355.35,36.0,1250.43
2025-06-22 22:00:00-04:00,3361.61,36.02,1250.43
2025-06-22 23:00:00-04:00,3363.43,36.1,1250.43
2025-06-23 00:00:00-04:00,3358.55,36.05,1250.43
2025-06-23 01:00:00-04:00,3356.91,36.04,1250.43
2025-06-23 02:00:00-04:00,3357.67,36.13,1250.43
2025-06-23 03:00:00-04:00,3357.7,36.11,1250.43
2025-06-23 04:00:00-04:00,3361.93,36.21,1250.43
2025-06-23 05:00:00-04:00,3366.64,36.14,1250.43
2025-06-23 06:00:00-04:00,3367.82,36.13,1250.43
2025-06-23 07:00:00-04:00,3380.77,36.21,1250.43
2025-06-23 08:00:00-04:00,3360.53,36.06,1250.43
2025-06-23 09:00:00-04:00,3380.76,36.21,1250.43
2025-06-23 10:00:00-04:00,3386.47,36.26,1250.43
2025-06-23 11:00:00-04:00,3387.22,36.29,1250.43
2025-06-23 12:00:00-04:00,3389.91,36.24,1250.43
2025-06-23 13:00:00-04:00,3382.56,36.33,1250.43
2025-06-23 14:00:00-04:00,3378.66,36.31,1250.43
2025-06-23 15:00:00-04:00,3376.28,36.26,1250.43
2025-06-23 16:00:00-04:00,3368.52,36.11,1250.43
2025-06-23 18:00:00-04:00,3355.58,35.95,1250.43
2025-06-23 19:00:00-04:00,3344.46,35.9,1250.43
2025-06-23 20:00:00-04:00,3351.15,36.08,1250.43
2025-06-23 21:00:00-04:00,3347.84,36.03,1250.43
2025-06-23 22:00:00-04:00,3351.99,36.13,1250.43
2025-06-23 23:00:00-04:00,3352.49,36.13,1250.43
2025-06-24 00:00:00-04:00,3348.62,36.17,1250.43
2025-06-24 01:00:00-04:00,3332.12,36.09,1250.43
2025-06-24 02:00:00-04:00,3322.85,36.05,1250.43
2025-06-24 03:00:00-04:00,3329.76,36.12,1250.43
2025-06-24 04:00:00-04:00,3327.38,36.15,1250.43
2025-06-24 05:00:00-04:00,3318.58,36.05,1250.43
2025-06-24 06:00:00-04:00,3325.62,36.1,1250.43
2025-06-24 07:00:00-04:00,3321.28,36.15,1250.43
2025-06-24 08:00:00-04:00,3314.8,35.85,1250.43
2025-06-24 09:00:00-04:00,3302.06,35.36,1250.43
2025-06-24 10:00:00-04:00,3304.72,35.49,1250.43
2025-06-24 11:00:00-04:00,3313.31,35.71,1250.43
2025-06-24 12:00:00-04:00,3318.49,35.76,1250.43
2025-06-24 13:00:00-04:00,3318.01,35.83,1250.43
2025-06-24 14:00:00-04:00,3317.27,35.87,1250.43
2025-06-24 15:00:00-04:00,3323.69,35.9,1250.43
2025-06-24 16:00:00-04:00,3323.12,35.92,1250.43
2025-06-24 18:00:00-04:00,3321.68,35.94,1250.43
2025-06-24 19:00:00-04:00,3324.22,35.95,1250.43
2025-06-24 20:00:00-04:00,3327.03,35.95,1250.43
2025-06-24 21:00:00-04:00,3334.69,35.96,1250.43
2025-06-24 22:00:00-04:00,3329.53,35.95,1250.43
2025-06-24 23:00:00-04:00,3328.42,35.93,1250.43
2025-06-25 00:00:00-04:00,3327.54,35.96,1250.43
2025-06-25 01:00:00-04:00,3331.68,36.0,1250.43
2025-06-25 02:00:00-04:00,3331.85,36.03,1250.43
2025-06-25 03:00:00-04:00,3330.72,35.99,1250.43
2025-06-25 04:00:00-04:00,3327.34,35.88,1250.43
2025-06-25 05:00:00-04:00,3325.36,35.76,1250.43
2025-06-25 06:00:00-04:00,3324.57,35.75,1250.43
2025-06-25 07:00:00-04:00,3322.66,35.76,1250.43
2025-06-25 08:00:00-04:00,3320.71,35.81,1250.43
2025-06-25 09:00:00-04:00,3314.59,35.85,1250.43
2025-06-25 10:00:00-04:00,3323.54,35.95,1250.43
2025-06-25 11:00:00-04:00,3325.71,36.02,1250.43
2025-06-25 12:00:00-04:00,3334.89,36.17,1250.43
2025-06-25 13:00:00-04:00,3328.02,36.24,1250.43
2025-06-25 14:00:00-04:00,3331.71,36.25,1250.43
2025-06-25 15:00:00-04:00,3333.84,36.32,1250.43
2025-06-25 16:00:00-04:00,3332.8,36.27,1250.43
2025-06-25 18:00:00-04:00,3333.31,36.29,1250.43
2025-06-25 19:00:00-04:00,3339.18,36.34,1250.43
2025-06-25 20:00:00-04:00,3334.05,36.31,1250.43
2025-06-25 21:00:00-04:00,3330.24,36.25,1250.43
2025-06-25 22:00:00-04:00,3339.59,36.36,1250.43
2025-06-25 23:00:00-04:00,3338.05,36.39,1250.43
2025-06-26 00:00:00-04:00,3334.06,36.4,1250.43
2025-06-26 01:00:00-04:00,3334.24,36.32,1250.43
2025-06-26 02:00:00-04:00,3339.88,36.39,1250.43
2025-06-26 03:00:00-04:00,3346.19,36.4,1250.43
2025-06-26 04:00:00-04:00,3348.28,36.79,1250.43
2025-06-26 05:00:00-04:00,3340.61,36.68,1250.43
2025-06-26 06:00:00-04:00,3343.35,36.61,1250.43
2025-06-26 07:00:00-04:00,3332.98,36.62,1250.43
2025-06-26 08:00:00-04:00,3322.14,36.39,1250.43
2025-06-26 09:00:00-04:00,3319.94,36.47,1250.43
2025-06-26 10:00:00-04:00,3318.42,36.56,1250.43
2025-06-26 11:00:00-04:00,3324.92,36.66,1250.43
2025-06-26 12:00:00-04:00,3331.41,36.68,1250.43
2025-06-26 13:00:00-04:00,3332.78,36.65,1250.43
2025-06-26 14:00:00-04:00,3334.19,36.64,1250.43
2025-06-26 15:00:00-04:00,3331.39,36.69,1250.43
2025-06-26 16:00:00-04:00,3328.45,36.66,1250.43
2025-06-26 18:00:00-04:00,3321.57,36.65,1250.43
2025-06-26 19:00:00-04:00,3318.85,36.64,1250.43
2025-06-26 20:00:00-04:00,3318.93,36.61,1250.43
2025-06-26 21:00:00-04:00,3316.52,36.63,1250.43
2025-06-26 22:00:00-04:00,3308.88,36.68,1250.43
2025-06-26 23:00:00-04:00,3294.47,36.41,1250.43
2025-06-27 00:00:00-04:00,3294.03,36.48,1250.43
2025-06-27 01:00:00-04:00,3297.48,36.59,1250.43
2025-06-27 02:00:00-04:00,3295.02,36.48,1250.43
2025-06-27 03:00:00-04:00,3284.66,36.1,1250.43
2025-06-27 04:00:00-04:00,3289.45,36.07,1250.43
2025-06-27 05:00:00-04:00,3282.85,35.9,1250.43
2025-06-27 06:00:00-04:00,3285.66,36.0,1250.43
2025-06-27 07:00:00-04:00,3281.47,36.04,1250.43
2025-06-27 08:00:00-04:00,3270.23,35.98,1250.43
2025-06-27 09:00:00-04:00,3274.2,36.02,1250.43
2025-06-27 10:00:00-04:00,3272.51,36.11,1250.43
2025-06-27 11:00:00-04:00,3274.64,36.13,1250.43
2025-06-27 12:00:00-04:00,3277.72,36.17,1250.43
2025-06-27 13:00:00-04:00,3277.45,36.12,1250.43
2025-06-27 14:00:00-04:00,3275.84,36.02,1250.43
2025-06-27 15:00:00-04:00,3270.63,35.92,1250.43
2025-06-27 16:00:00-04:00,3268.33,35.98,1250.43
2025-06-29 18:00:00-04:00,3263.86,35.75,1250.43
2025-06-29 19:00:00-04:00,3263.88,35.77,1250.43
2025-06-29 20:00:00-04:00,3264.6,35.88,1250.43
2025-06-29 21:00:00-04:00,3274.03,35.98,1250.43
2025-06-29 22:00:00-04:00,3280.32,36.07,1250.43
2025-06-29 23:00:00-04:00,3279.05,36.12,1250.43
2025-06-30 00:00:00-04:00,3285.69,36.16,1250.43
2025-06-30 01:00:00-04:00,3289.06,36.16,1250.43
2025-06-30 02:00:00-04:00,3292.15,36.21,1250.43
2025-06-30 03:00:00-04:00,3293.05,36.12,1250.43
2025-06-30 04:00:00-04:00,3289.28,36.15,1250.43
2025-06-30 05:00:00-04:00,3287.95,36.08,1250.43
2025-06-30 06:00:00-04:00,3283.58,36.03,1250.43
2025-06-30 07:00:00-04:00,3278.03,35.91,1250.43
2025-06-30 08:00:00-04:00,3281.98,36.0,1250.43
2025-06-30 09:00:00-04:00,3284.89,36.03,1250.43
2025-06-30 10:00:00-04:00,3287.77,35.96,1250.43
2025-06-30 11:00:00-04:00,3289.64,35.95,1250.43
2025-06-30 12:00:00-04:00,3297.34,36.01,1250.43
2025-06-30 13:00:00-04:00,3294.09,35.96,1250.43
2025-06-30 14:00:00-04:00,3298.53,36.05,1250.43
2025-06-30 15:00:00-04:00,3308.72,36.09,1250.43
2025-06-30 16:00:00-04:00,3303.27,36.1,1250.43
2025-06-30 18:00:00-04:00,3311.55,36.12,1250.43
2025-06-30 19:00:00-04:00,3312.6,36.16,1250.43
2025-06-30 20:00:00-04:00,3314.82,36.14,1250.43
2025-06-30 21:00:00-04:00,3317.94,35.91,1250.43
2025-06-30 22:00:00-04:00,3316.19,35.88,1250.43
2025-06-30 23:00:00-04:00,3321.2,36.03,1250.43
2025-07-01 00:00:00-04:00,3323.01,36.18,1250.43
2025-07-01 01:00:00-04:00,3328.81,36.12,1250.43
2025-07-01 02:00:00-04:00,3331.46,36.26,1250.43
2025-07-01 03:00:00-04:00,3339.63,36.24,1250.43
2025-07-01 04:00:00-04:00,3339.57,36.32,1250.43
2025-07-01 05:00:00-04:00,3345.85,36.5,1250.43
2025-07-01 06:00:00-04:00,3348.79,36.5,1250.43
2025-07-01 07:00:00-04:00,3349.07,36.42,1250.43
2025-07-01 08:00:00-04:00,3354.72,36.3,1250.43
2025-07-01 09:00:00-04:00,3351.69,36.37,1250.43
2025-07-01 10:00:00-04:00,3345.82,36.34,1250.43
2025-07-01 11:00:00-04:00,3340.33,36.22,1250.43
2025-07-01 12:00:00-04:00,3341.81,36.2,1250.43
2025-07-01 13:00:00-04:00,3339.76,36.17,1250.43
2025-07-01 14:00:00-04:00,3338.03,36.13,1250.43
2025-07-01 15:00:00-04:00,3338.15,36.02,1250.43
2025-07-01 16:00:00-04:00,3338.29,36.03,1250.43
2025-07-01 18:00:00-04:00,3341.65,36.08,1250.43
2025-07-01 19:00:00-04:00,3338.12,36.09,1250.43
2025-07-01 20:00:00-04:00,3338.99,36.11,1250.43
2025-07-01 21:00:00-04:00,3332.29,36.08,1250.43
2025-07-01 22:00:00-04:00,3336.74,36.17,1250.43
2025-07-01 23:00:00-04:00,3340.01,35.99,1250.43
2025-07-02 00:00:00-04:00,3340.18,36.11,1250.43
2025-07-02 01:00:00-04:00,3338.86,36.09,1250.43
2025-07-02 02:00:00-04:00,3333.64,36.01,1250.43
2025-07-02 03:00:00-04:00,3334.78,36.1,1250.43
2025-07-02 04:00:00-04:00,3333.62,36.13,1250.43
2025-07-02 05:00:00-04:00,3341.73,36.23,1250.43
2025-07-02 06:00:00-04:00,3344.45,36.3,1250.43
2025-07-02 07:00:00-04:00,3342.33,36.26,1250.43
2025-07-02 08:00:00-04:00,3346.76,36.2,1250.43
2025-07-02 09:00:00-04:00,3337.52,36.29,1250.43
2025-07-02 10:00:00-04:00,3343.07,36.44,1250.43
2025-07-02 11:00:00-04:00,3341.05,36.46,1250.43
2025-07-02 12:00:00-04:00,3348.7,36.47,1250.43
2025-07-02 13:00:00-04:00,3349.86,36.51,1250.43
2025-07-02 14:00:00-04:00,3355.03,36.53,1250.43
2025-07-02 15:00:00-04:00,3358.28,36.58,1250.43
2025-07-02 16:00:00-04:00,3357.59,36.56,1250.43
2025-07-02 18:00:00-04:00,3362.03,36.58,1250.43
2025-07-02 19:00:00-04:00,3349.38,36.42,1250.43
2025-07-02 20:00:00-04:00,3344.82,36.4,1250.43
2025-07-02 21:00:00-04:00,3346.08,36.41,1250.43
2025-07-02 22:00:00-04:00,3351.18,36.43,1250.43
2025-07-02 23:00:00-04:00,3347.59,36.36,1250.43
2025-07-03 00:00:00-04:00,3350.85,36.43,1250.43
2025-07-03 01:00:00-04:00,3359.39,36.76,1250.43
2025-07-03 02:00:00-04:00,3361.93,36.76,1250.43
2025-07-03 03:00:00-04:00,3353.13,36.91,1250.43
2025-07-03 04:00:00-04:00,3356.26,37.04,1250.43
2025-07-03 05:00:00-04:00,3345.78,36.83,1250.43
2025-07-03 06:00:00-04:00,3353.24,36.92,1250.43
2025-07-03 07:00:00-04:00,3346.13,36.86,1250.43
2025-07-03 08:00:00-04:00,3324.53,36.62,1250.43
2025-07-03 09:00:00-04:00,3332.27,36.8,1250.43
2025-07-03 10:00:00-04:00,3324.72,36.66,1250.43
2025-07-03 11:00:00-04:00,3328.11,36.8,1250.43
2025-07-03 12:00:00-04:00,3334.02,36.86,1250.43
2025-07-03 13:00:00-04:00,3329.13,36.86,1250.43
2025-07-03 14:00:00-04:00,3329.11,36.85,1250.43
2025-07-03 15:00:00-04:00,3328.81,36.85,1250.43
2025-07-03 16:00:00-04:00,3326.27,36.85,1250.43
2025-07-03 18:00:00-04:00,3329.2,36.85,1250.43
2025-07-03 19:00:00-04:00,3330.97,36.8,1250.43
2025-07-03 20:00:00-04:00,3329.03,36.74,1250.43
2025-07-03 21:00:00-04:00,3330.19,36.76,1250.43
2025-07-03 22:00:00-04:00,3327.43,36.7,1250.43
2025-07-03 23:00:00-04:00,3338.46,36.79,1250.43
2025-07-04 00:00:00-04:00,3340.98,36.85,1250.43
2025-07-04 01:00:00-04:00,3339.61,36.85,1250.43
2025-07-04 02:00:00-04:00,3342.69,36.85,1250.43
2025-07-04 03:00:00-04:00,3343.02,36.85,1250.43
2025-07-04 04:00:00-04:00,3342.91,36.84,1250.43
2025-07-04 05:00:00-04:00,3334.53,36.8,1250.43
2025-07-04 06:00:00-04:00,3336.84,36.88,1250.43
2025-07-04 07:00:00-04:00,3334.78,36.87,1250.43
2025-07-04 08:00:00-04:00,3334.03,36.86,1250.43
2025-07-04 09:00:00-04:00,3333.98,36.9,1250.43
2025-07-04 10:00:00-04:00,3333.34,36.88,1250.43
2025-07-04 11:00:00-04:00,3332.5,36.91,1250.43
2025-07-04 12:00:00-04:00,3335.07,36.94,1250.43
2025-07-06 18:00:00-04:00,3333.48,37.12,1250.43
2025-07-06 19:00:00-04:00,3328.93,37.0,1250.43
2025-07-06 20:00:00-04:00,3326.59,36.97,1250.43
2025-07-06 21:00:00-04:00,3316.61,36.88,1250.43
2025-07-06 22:00:00-04:00,3308.95,36.76,1250.43
2025-07-06 23:00:00-04:00,3311.01,36.77,1250.43
2025-07-07 00:00:00-04:00,3307.84,36.52,1250.43
2025-07-07 01:00:00-04:00,3313.4,36.64,1250.43
2025-07-07 02:00:00-04:00,3309.99,36.6,1250.43
2025-07-07 03:00:00-04:00,3302.32,36.49,1250.43
2025-07-07 04:00:00-04:00,3310.22,36.6,1250.43
2025-07-07 05:00:00-04:00,3309.07,36.62,1250.43
2025-07-07 06:00:00-04:00,3302.11,36.24,1250.43
2025-07-07 07:00:00-04:00,3301.97,36.23,1250.43
2025-07-07 08:00:00-04:00,3309.69,36.32,1250.43
2025-07-07 09:00:00-04:00,3316.58,36.61,1250.43
2025-07-07 10:00:00-04:00,3318.09,36.6,1250.43
2025-07-07 11:00:00-04:00,3320.89,36.7,1250.43
2025-07-07 12:00:00-04:00,3327.49,36.67,1250.43
2025-07-07 13:00:00-04:00,3332.09,36.72,1250.43
2025-07-07 14:00:00-04:00,3334.47,36.78,1250.43
2025-07-07 15:00:00-04:00,3337.19,36.8,1250.43
2025-07-07 16:00:00-04:00,3337.06,36.77,1250.43
2025-07-07 18:00:00-04:00,3339.84,36.8,1250.43
2025-07-07 19:00:00-04:00,3334.7,36.8,1250.43
2025-07-07 20:00:00-04:00,3334.31,36.75,1250.43
2025-07-07 21:00:00-04:00,3334.9,36.79,1250.43
2025-07-07 22:00:00-04:00,3334.56,36.8,1250.43
2025-07-07 23:00:00-04:00,3331.63,36.78,1250.43
2025-07-08 00:00:00-04:00,3329.66,36.76,1250.43
2025-07-08 01:00:00-04:00,3334.13,36.82,1250.43
2025-07-08 02:00:00-04:00,3335.91,36.83,1250.43
2025-07-08 03:00:00-04:00,3334.05,36.86,1250.43
2025-07-08 04:00:00-04:00,3323.74,36.74,1250.43
2025-07-08 05:00:00-04:00,3322.15,36.68,1250.43
2025-07-08 06:00:00-04:00,3324.8,36.81,1250.43
2025-07-08 07:00:00-04:00,3325.07,36.71,1250.43
2025-07-08 08:00:00-04:00,3328.31,36.75,1250.43
2025-07-08 09:00:00-04:00,3315.32,36.56,1250.43
2025-07-08 10:00:00-04:00,3296.66,36.43,1250.43
2025-07-08 11:00:00-04:00,3298.24,36.41,1250.43
2025-07-08 12:00:00-04:00,3300.53,36.53,1250.43
2025-07-08 13:00:00-04:00,3306.47,36.65,1250.43
2025-07-08 14:00:00-04:00,3305.44,36.69,1250.43
2025-07-08 15:00:00-04:00,3302.98,36.66,1250.43
2025-07-08 16:00:00-04:00,3301.48,36.75,1250.43
2025-07-08 18:00:00-04:00,3301.62,36.73,1250.43
2025-07-08 19:00:00-04:00,3302.38,36.55,1250.43
2025-07-08 20:00:00-04:00,3307.2,36.64,1250.43
2025-07-08 21:00:00-04:00,3301.87,36.61,1250.43
2025-07-08 22:00:00-04:00,3288.56,36.55,1250.43
2025-07-08 23:00:00-04:00,3293.4,36.57,1250.43
2025-07-09 00:00:00-04:00,3294.01,36.61,1250.43
2025-07-09 01:00:00-04:00,3289.51,36.71,1250.43
2025-07-09 02:00:00-04:00,3292.34,36.62,1250.43
2025-07-09 03:00:00-04:00,3291.97,36.54,1250.43
2025-07-09 04:00:00-04:00,3285.08,36.51,1250.43
2025-07-09 05:00:00-04:00,3289.2,36.62,1250.43
2025-07-09 06:00:00-04:00,3295.59,36.61,1250.43
2025-07-09 07:00:00-04:00,3284.97,36.5,1250.43
2025-07-09 08:00:00-04:00,3296.51,36.41,1250.43
2025-07-09 09:00:00-04:00,3300.31,36.4,1250.43
2025-07-09 10:00:00-04:00,3312.36,36.41,1250.43
2025-07-09 11:00:00-04:00,3309.68,36.44,1250.43
2025-07-09 12:00:00-04:00,3311.93,36.43,1250.43
2025-07-09 13:00:00-04:00,3309.57,36.33,1250.43
2025-07-09 14:00:00-04:00,3311.53,36.34,1250.43
2025-07-09 15:00:00-04:00,3315.76,36.34,1250.43
2025-07-09 16:00:00-04:00,3313.66,36.38,1250.43
2025-07-09 18:00:00-04:00,3319.68,36.41,1250.43
2025-07-09 19:00:00-04:00,3317.68,36.41,1250.43
2025-07-09 20:00:00-04:00,3317.78,36.41,1250.43
2025-07-09 21:00:00-04:00,3322.2,36.42,1250.43
2025-07-09 22:00:00-04:00,3319.24,36.44,1250.43
2025-07-09 23:00:00-04:00,3315.8,36.45,1250.43
2025-07-10 00:00:00-04:00,3322.27,36.47,1250.43
2025-07-10 01:00:00-04:00,3321.18,36.47,1250.43
2025-07-10 02:00:00-04:00,3325.36,36.58,1250.43
2025-07-10 03:00:00-04:00,3321.16,36.55,1250.43
2025-07-10 04:00:00-04:00,3328.72,36.64,1250.43
2025-07-10 05:00:00-04:00,3326.56,36.64,1250.43
2025-07-10 06:00:00-04:00,3325.32,36.73,1250.43
2025-07-10 07:00:00-04:00,3320.52,36.62,1250.43
2025-07-10 08:00:00-04:00,3323.62,36.71,1250.43
2025-07-10 09:00:00-04:00,3312.88,36.48,1250.43
2025-07-10 10:00:00-04:00,3315.03,36.67,1250.43
2025-07-10 11:00:00-04:00,3319.69,36.86,1250.43
2025-07-10 12:00:00-04:00,3315.2,36.81,1250.43
2025-07-10 13:00:00-04:00,3317.43,36.88,1250.43
2025-07-10 14:00:00-04:00,3321.54,37.03,1250.43
2025-07-10 15:00:00-04:00,3324.95,37.09,1250.43
2025-07-10 16:00:00-04:00,3324.23,37.02,1250.43
2025-07-10 18:00:00-04:00,3323.32,37.07,1250.43
2025-07-10 19:00:00-04:00,3323.81,37.11,1250.43
2025-07-10 20:00:00-04:00,3330.67,37.0,1250.43
2025-07-10 21:00:00-04:00,3329.68,37.09,1250.43
2025-07-10 22:00:00-04:00,3332.6,37.14,1250.43
2025-07-10 23:00:00-04:00,3333.78,37.19,1250.43
2025-07-11 00:00:00-04:00,3332.07,37.21,1250.43
2025-07-11 01:00:00-04:00,3334.16,37.37,1250.43
2025-07-11 02:00:00-04:00,3332.47,37.28,1250.43
2025-07-11 03:00:00-04:00,3341.95,37.42,1250.43
2025-07-11 04:00:00-04:00,3333.2,37.46,1250.43
2025-07-11 05:00:00-04:00,3339.59,37.56,1250.43
2025-07-11 06:00:00-04:00,3345.01,37.5,1250.43
2025-07-11 07:00:00-04:00,3347.61,37.64,1250.43
2025-07-11 08:00:00-04:00,3355.22,37.62,1250.43
2025-07-11 09:00:00-04:00,3351.95,37.82,1250.43
2025-07-11 10:00:00-04:00,3361.22,38.12,1250.43
2025-07-11 11:00:00-04:00,3359.01,38.18,1250.43
2025-07-11 12:00:00-04:00,3353.91,38.36,1250.43
2025-07-11 13:00:00-04:00,3353.43,38.43,1250.43
2025-07-11 14:00:00-04:00,3356.15,38.47,1250.43
2025-07-11 15:00:00-04:00,3356.43,38.51,1250.43
2025-07-11 16:00:00-04:00,3356.81,38.44,1250.43
2025-07-13 18:00:00-04:00,3369.48,38.49,1250.43
2025-07-13 19:00:00-04:00,3367.91,38.51,1250.43
2025-07-13 20:00:00-04:00,3367.7,38.51,1250.43
2025-07-13 21:00:00-04:00,3358.69,38.62,1250.43
2025-07-13 22:00:00-04:00,3357.53,38.56,1250.43
2025-07-13 23:00:00-04:00,3357.11,38.92,1250.43
2025-07-14 00:00:00-04:00,3359.8,39.03,1250.43
2025-07-14 01:00:00-04:00,3357.69,39.07,1250.43
2025-07-14 02:00:00-04:00,3368.97,38.95,1250.43
2025-07-14 03:00:00-04:00,3371.97,38.98,1250.43
2025-07-14 04:00:00-04:00,3366.02,38.98,1250.43
2025-07-14 05:00:00-04:00,3370.15,39.06,1250.43
2025-07-14 06:00:00-04:00,3372.06,39.03,1250.43
2025-07-14 07:00:00-04:00,3364.23,38.98,1250.43
2025-07-14 08:00:00-04:00,3350.14,38.86,1250.43
2025-07-14 09:00:00-04:00,3355.37,38.82,1250.43
2025-07-14 10:00:00-04:00,3343.08,38.29,1250.43
2025-07-14 11:00:00-04:00,3345.18,38.27,1250.43
2025-07-14 12:00:00-04:00,3347.89,38.46,1250.43
2025-07-14 13:00:00-04:00,3351.09,38.35,1250.43
2025-07-14 14:00:00-04:00,3348.98,38.34,1250.43
2025-07-14 15:00:00-04:00,3344.2,38.13,1250.43
2025-07-14 16:00:00-04:00,3342.8,38.12,1250.43
2025-07-14 18:00:00-04:00,3345.86,38.22,1250.43
2025-07-14 19:00:00-04:00,3345.38,38.27,1250.43
2025-07-14 20:00:00-04:00,3347.68,38.22,1250.43
2025-07-14 21:00:00-04:00,3346.57,38.27,1250.43
2025-07-14 22:00:00-04:00,3350.78,38.18,1250.43
2025-07-14 23:00:00-04:00,3358.01,38.14,1250.43
2025-07-15 00:00:00-04:00,3360.26,38.23,1250.43
2025-07-15 01:00:00-04:00,3362.28,38.3,1250.43
2025-07-15 02:00:00-04:00,3358.26,38.32,1250.43
2025-07-15 03:00:00-04:00,3364.43,38.35,1250.43
2025-07-15 04:00:00-04:00,3361.13,38.25,1250.43
2025-07-15 05:00:00-04:00,3363.47,38.3,1250.43
2025-07-15 06:00:00-04:00,3361.4,38.3,1250.43
2025-07-15 07:00:00-04:00,3354.98,38.28,1250.43
2025-07-15 08:00:00-04:00,3348.9,38.17,1250.43
2025-07-15 09:00:00-04:00,3346.64,37.98,1360.28
2025-07-15 10:00:00-04:00,3348.03,37.89,1353.98
2025-07-15 11:00:00-04:00,3329.07,37.65,1353.98
2025-07-15 12:00:00-04:00,3329.4,37.73,1353.98
2025-07-15 13:00:00-04:00,3328.24,37.8,1353.98
2025-07-15 14:00:00-04:00,3328.93,37.78,1353.98
2025-07-15 15:00:00-04:00,3330.53,37.74,1353.98
2025-07-15 16:00:00-04:00,3325.07,37.7,1353.98
2025-07-15 18:00:00-04:00,3326.66,37.77,1353.98
2025-07-15 19:00:00-04:00,3331.16,37.8,1353.98
2025-07-15 20:00:00-04:00,3330.59,37.81,1353.98
2025-07-15 21:00:00-04:00,3330.98,37.82,1353.98
2025-07-15 22:00:00-04:00,3326.24,37.79,1353.98
2025-07-15 23:00:00-04:00,3334.32,37.83,1353.98
2025-07-16 00:00:00-04:00,3338.39,37.85,1353.98
2025-07-16 01:00:00-04:00,3338.21,37.85,1353.98
2025-07-16 02:00:00-04:00,3339.31,37.89,1353.98
2025-07-16 03:00:00-04:00,3337.94,37.95,1353.98
2025-07-16 04:00:00-04:00,3342.11,37.99,1353.98
2025-07-16 05:00:00-04:00,3340.07,38.06,1353.98
2025-07-16 06:00:00-04:00,3335.06,37.94,1353.98
2025-07-16 07:00:00-04:00,3339.3,38.01,1353.98
2025-07-16 08:00:00-04:00,3334.63,37.85,1353.98
2025-07-16 09:00:00-04:00,3326.95,37.68,1353.98
2025-07-16 10:00:00-04:00,3338.19,37.76,1353.98
2025-07-16 11:00:00-04:00,3343.52,37.81,1353.98
2025-07-16 12:00:00-04:00,3349.18,37.8,1353.98
2025-07-16 13:00:00-04:00,3354.86,37.93,1353.98
2025-07-16 14:00:00-04:00,3350.45,37.89,1353.98
2025-07-16 15:00:00-04:00,3347.19,37.88,1353.98
2025-07-16 16:00:00-04:00,3347.11,37.91,1353.98
2025-07-16 18:00:00-04:00,3349.64,37.93,1353.98
2025-07-16 19:00:00-04:00,3346.59,37.9,1353.98
2025-07-16 20:00:00-04:00,3340.92,37.85,1353.98
2025-07-16 21:00:00-04:00,3344.09,37.97,1353.98
2025-07-16 22:00:00-04:00,3341.48,37.94,1353.98
2025-07-16 23:00:00-04:00,3341.59,38.0,1353.98
2025-07-17 00:00:00-04:00,3342.84,38.0,1353.98
2025-07-17 01:00:00-04:00,3339.44,38.0,1353.98
2025-07-17 02:00:00-04:00,3335.53,37.9,1353.98
2025-07-17 03:00:00-04:00,3325.87,37.79,1353.98
2025-07-17 04:00:00-04:00,3328.86,37.77,1353.98
2025-07-17 05:00:00-04:00,3325.61,37.8,1353.98
2025-07-17 06:00:00-04:00,3325.98,37.77,1353.98
2025-07-17 07:00:00-04:00,3324.32,37.86,1353.98
2025-07-17 08:00:00-04:00,3313.16,37.62,1353.98
2025-07-17 09:00:00-04:00,3319.14,37.77,1353.98
2025-07-17 10:00:00-04:00,3334.2,37.97,1353.98
2025-07-17 11:00:00-04:00,3336.81,38.01,1353.98
2025-07-17 12:00:00-04:00,3338.92,38.01,1353.98
2025-07-17 13:00:00-04:00,3337.46,38.11,1353.98
2025-07-17 14:00:00-04:00,3338.67,38.14,1353.98
2025-07-17 15:00:00-04:00,3339.85,38.15,1353.98
2025-07-17 16:00:00-04:00,3338.74,38.15,1353.98
2025-07-17 18:00:00-04:00,3343.37,38.12,1353.98
2025-07-17 19:00:00-04:00,3340.36,38.12,1353.98
2025-07-17 20:00:00-04:00,3339.95,38.16,1353.98
2025-07-17 21:00:00-04:00,3337.85,38.14,1353.98
2025-07-17 22:00:00-04:00,3337.85,38.17,1353.98
2025-07-17 23:00:00-04:00,3334.69,38.15,1353.98
2025-07-18 00:00:00-04:00,3337.15,38.14,1353.98
2025-07-18 01:00:00-04:00,3333.56,38.11,1353.98
2025-07-18 02:00:00-04:00,3342.19,38.34,1353.98
2025-07-18 03:00:00-04:00,3349.89,38.35,1353.98
2025-07-18 04:00:00-04:00,3347.59,38.29,1353.98
2025-07-18 05:00:00-04:00,3352.39,38.39,1353.98
2025-07-18 06:00:00-04:00,3351.48,38.33,1353.98
2025-07-18 07:00:00-04:00,3354.43,38.4,1353.98
2025-07-18 08:00:00-04:00,3360.05,38.41,1353.98
2025-07-18 09:00:00-04:00,3355.62,38.28,1353.98
2025-07-18 10:00:00-04:00,3354.81,38.28,1353.98
2025-07-18 11:00:00-04:00,3353.69,38.24,1353.98
2025-07-18 12:00:00-04:00,3353.71,38.21,1353.98
2025-07-18 13:00:00-04:00,3352.28,38.27,1353.98
2025-07-18 14:00:00-04:00,3351.45,38.22,1353.98
2025-07-18 15:00:00-04:00,3348.36,38.12,1353.98
2025-07-18 16:00:00-04:00,3351.1,38.17,1353.98
2025-07-20 18:00:00-04:00,3347.9,38.16,1353.98
2025-07-20 19:00:00-04:00,3349.22,38.21,1353.98
2025-07-20 20:00:00-04:00,3352.31,38.27,1353.98
2025-07-20 21:00:00-04:00,3356.54,38.28,1353.98
2025-07-20 22:00:00-04:00,3354.2,38.25,1353.98
2025-07-20 23:00:00-04:00,3351.38,38.17,1353.98
2025-07-21 00:00:00-04:00,3357.92,38.2,1353.98
2025-07-21 01:00:00-04:00,3366.71,38.29,1353.98
2025-07-21 02:00:00-04:00,3368.44,38.34,1353.98
2025-07-21 03:00:00-04:00,3364.83,38.4,1353.98
2025-07-21 04:00:00-04:00,3365.98,38.46,1353.98
2025-07-21 05:00:00-04:00,3366.17,38.49,1353.98
2025-07-21 06:00:00-04:00,3366.19,38.48,1353.98
2025-07-21 07:00:00-04:00,3375.48,38.55,1353.98
2025-07-21 08:00:00-04:00,3387.32,38.52,1353.98
2025-07-21 09:00:00-04:00,3388.75,38.82,1353.98
2025-07-21 10:00:00-04:00,3400.43,38.95,1353.98
2025-07-21 11:00:00-04:00,3398.05,38.94,1353.98
2025-07-21 12:00:00-04:00,3395.72,39.0,1353.98
2025-07-21 13:00:00-04:00,3393.35,39.01,1353.98
2025-07-21 14:00:00-04:00,3395.49,39.03,1353.98
2025-07-21 15:00:00-04:00,3398.98,38.9,1353.98
2025-07-21 16:00:00-04:00,3398.86,38.92,1353.98
2025-07-21 18:00:00-04:00,3399.51,38.95,1353.98
2025-07-21 19:00:00-04:00,3396.68,38.97,1353.98
2025-07-21 20:00:00-04:00,3394.53,38.93,1353.98
2025-07-21 21:00:00-04:00,3386.05,38.78,1353.98
2025-07-21 22:00:00-04:00,3391.69,38.86,1353.98
2025-07-21 23:00:00-04:00,3392.69,38.85,1353.98
2025-07-22 00:00:00-04:00,3391.16,38.79,1353.98
2025-07-22 01:00:00-04:00,3385.78,38.79,1353.98
2025-07-22 02:00:00-04:00,3384.84,38.87,1353.98
2025-07-22 03:00:00-04:00,3387.64,38.81,1353.98
2025-07-22 04:00:00-04:00,3389.04,38.86,1353.98
2025-07-22 05:00:00-04:00,3386.24,38.86,1353.98
2025-07-22 06:00:00-04:00,3387.14,38.85,1353.98
2025-07-22 07:00:00-04:00,3391.51,38.94,1353.98
2025-07-22 08:00:00-04:00,3407.69,39.08,1353.98
2025-07-22 09:00:00-04:00,3412.51,38.81,1353.98
2025-07-22 10:00:00-04:00,3426.47,39.11,1353.98
2025-07-22 11:00:00-04:00,3426.64,39.2,1353.98
2025-07-22 12:00:00-04:00,3432.29,39.23,1353.98
2025-07-22 13:00:00-04:00,3429.36,39.19,1353.98
2025-07-22 14:00:00-04:00,3429.74,39.2,1353.98
2025-07-22 15:00:00-04:00,3431.74,39.3,1353.98
2025-07-22 16:00:00-04:00,3431.32,39.3,1353.98
2025-07-22 18:00:00-04:00,3428.0,39.29,1353.98
2025-07-22 19:00:00-04:00,3427.58,39.25,1353.98
2025-07-22 20:00:00-04:00,3428.89,39.21,1353.98
2025-07-22 21:00:00-04:00,3421.17,39.18,1353.98
2025-07-22 22:00:00-04:00,3423.07,39.21,1353.98
2025-07-22 23:00:00-04:00,3423.14,39.23,1353.98
2025-07-23 00:00:00-04:00,3423.72,39.22,1353.98
2025-07-23 01:00:00-04:00,3420.49,39.27,1353.98
2025-07-23 02:00:00-04:00,3425.14,39.34,1353.98
2025-07-23 03:00:00-04:00,3420.77,39.2,1353.98
2025-07-23 04:00:00-04:00,3428.49,39.38,1353.98
2025-07-23 05:00:00-04:00,3431.24,39.42,1353.98
2025-07-23 06:00:00-04:00,3422.78,39.36,1353.98
2025-07-23 07:00:00-04:00,3428.23,39.38,1353.98
2025-07-23 08:00:00-04:00,3420.14,39.44,1353.98
2025-07-23 09:00:00-04:00,3413.41,39.4,1353.98
2025-07-23 10:00:00-04:00,3413.66,39.41,1353.98
2025-07-23 11:00:00-04:00,3398.26,39.27,1353.98
2025-07-23 12:00:00-04:00,3387.39,39.13,1353.98
2025-07-23 13:00:00-04:00,3393.36,39.22,1353.98
2025-07-23 14:00:00-04:00,3393.74,39.25,1353.98
2025-07-23 15:00:00-04:00,3390.15,39.3,1353.98
2025-07-23 16:00:00-04:00,3387.82,39.26,1353.98
2025-07-23 18:00:00-04:00,3386.79,39.3,1353.98
2025-07-23 19:00:00-04:00,3390.07,39.29,1353.98
2025-07-23 20:00:00-04:00,3391.53,39.31,1353.98
2025-07-23 21:00:00-04:00,3387.66,39.11,1353.98
2025-07-23 22:00:00-04:00,3383.95,39.09,1353.98
2025-07-23 23:00:00-04:00,3383.83,39.04,1353.98
2025-07-24 00:00:00-04:00,3382.63,39.06,1353.98
2025-07-24 01:00:00-04:00,3379.28,39.06,1353.98
2025-07-24 02:00:00-04:00,3376.09,39.13,1353.98
2025-07-24 03:00:00-04:00,3367.85,39.05,1353.98
2025-07-24 04:00:00-04:00,3369.78,39.09,1353.98
2025-07-24 05:00:00-04:00,3363.72,39.09,1353.98
2025-07-24 06:00:00-04:00,3364.44,39.04,1353.98
2025-07-24 07:00:00-04:00,3362.3,39.08,1353.98
2025-07-24 08:00:00-04:00,3353.55,38.76,1353.98
2025-07-24 09:00:00-04:00,3366.73,39.05,1353.98
2025-07-24 10:00:00-04:00,3373.68,39.02,1353.98
2025-07-24 11:00:00-04:00,3372.58,39.01,1353.98
2025-07-24 12:00:00-04:00,3367.02,38.93,1353.98
2025-07-24 13:00:00-04:00,3370.11,39.03,1353.98
2025-07-24 14:00:00-04:00,3372.11,39.09,1353.98
2025-07-24 15:00:00-04:00,3370.49,39.08,1353.98
2025-07-24 16:00:00-04:00,3368.4,39.05,1353.98
2025-07-24 18:00:00-04:00,3368.89,39.11,1353.98
2025-07-24 19:00:00-04:00,3369.52,39.11,1353.98
2025-07-24 20:00:00-04:00,3372.28,39.14,1353.98
2025-07-24 21:00:00-04:00,3370.52,39.18,1353.98
2025-07-24 22:00:00-04:00,3363.21,39.07,1353.98
2025-07-24 23:00:00-04:00,3359.15,39.02,1353.98
2025-07-25 00:00:00-04:00,3361.01,38.96,1353.98
2025-07-25 01:00:00-04:00,3358.73,39.0,1353.98
2025-07-25 02:00:00-04:00,3359.44,39.09,1353.98
2025-07-25 03:00:00-04:00,3354.1,39.03,1353.98
2025-07-25 04:00:00-04:00,3345.64,38.86,1353.98
2025-07-25 05:00:00-04:00,3345.93,38.8,1353.98
2025-07-25 06:00:00-04:00,3342.94,38.74,1353.98
2025-07-25 07:00:00-04:00,3341.05,38.77,1353.98
2025-07-25 08:00:00-04:00,3340.9,38.86,1353.98
2025-07-25 09:00:00-04:00,3343.96,38.82,1353.98
2025-07-25 10:00:00-04:00,3331.89,38.39,1353.98
2025-07-25 11:00:00-04:00,3327.93,38.06,1353.98
2025-07-25 12:00:00-04:00,3329.78,38.16,1353.98
2025-07-25 13:00:00-04:00,3336.01,38.22,1353.98
2025-07-25 14:00:00-04:00,3338.93,38.25,1353.98
2025-07-25 15:00:00-04:00,3337.73,38.17,1353.98
2025-07-25 16:00:00-04:00,3337.6,38.18,1353.98
2025-07-27 18:00:00-04:00,3329.69,38.09,1353.98
2025-07-27 19:00:00-04:00,3333.72,38.18,1353.98
2025-07-27 20:00:00-04:00,3333.5,38.24,1353.98
2025-07-27 21:00:00-04:00,3332.03,38.19,1353.98
2025-07-27 22:00:00-04:00,3335.7,38.28,1353.98
2025-07-27 23:00:00-04:00,3343.44,38.24,1353.98
2025-07-28 00:00:00-04:00,3339.68,38.19,1353.98
2025-07-28 01:00:00-04:00,3343.43,38.29,1353.98
2025-07-28 02:00:00-04:00,3340.23,38.3,1353.98
2025-07-28 03:00:00-04:00,3335.02,38.25,1353.98
2025-07-28 04:00:00-04:00,3336.07,38.22,1353.98
2025-07-28 05:00:00-04:00,3337.87,38.17,1353.98
2025-07-28 06:00:00-04:00,3335.91,38.11,1353.98
2025-07-28 07:00:00-04:00,3336.7,38.14,1353.98
2025-07-28 08:00:00-04:00,3328.55,38.11,1353.98
2025-07-28 09:00:00-04:00,3302.34,37.92,1353.98
2025-07-28 10:00:00-04:00,3308.05,38.09,1353.98
2025-07-28 11:00:00-04:00,3314.82,38.15,1353.98
2025-07-28 12:00:00-04:00,3312.34,38.13,1353.98
2025-07-28 13:00:00-04:00,3310.88,38.05,1353.98
2025-07-28 14:00:00-04:00,3313.72,38.13,1353.98
2025-07-28 15:00:00-04:00,3317.18,38.14,1353.98
2025-07-28 16:00:00-04:00,3314.7,38.17,1353.98
2025-07-28 18:00:00-04:00,3314.68,38.18,1353.98
2025-07-28 19:00:00-04:00,3312.63,38.19,1353.98
2025-07-28 20:00:00-04:00,3311.77,38.12,1353.98
2025-07-28 21:00:00-04:00,3319.14,38.1,1353.98
2025-07-28 22:00:00-04:00,3318.97,38.18,1353.98
2025-07-28 23:00:00-04:00,3312.66,38.12,1353.98
2025-07-29 00:00:00-04:00,3316.56,38.12,1353.98
2025-07-29 01:00:00-04:00,3320.01,38.2,1353.98
2025-07-29 02:00:00-04:00,3317.2,38.09,1353.98
2025-07-29 03:00:00-04:00,3317.15,38.08,1353.98
2025-07-29 04:00:00-04:00,3326.49,38.16,1353.98
2025-07-29 05:00:00-04:00,3324.68,38.16,1353.98
2025-07-29 06:00:00-04:00,3322.28,38.11,1353.98
2025-07-29 07:00:00-04:00,3315.23,38.04,1353.98
2025-07-29 08:00:00-04:00,3323.36,38.03,1353.98
2025-07-29 09:00:00-04:00,3318.05,38.07,1353.98
2025-07-29 10:00:00-04:00,3328.93,38.14,1353.98
2025-07-29 11:00:00-04:00,3320.76,38.13,1353.98
2025-07-29 12:00:00-04:00,3323.28,38.17,1353.98
2025-07-29 13:00:00-04:00,3328.38,38.21,1353.98
2025-07-29 14:00:00-04:00,3325.9,38.18,1353.98
2025-07-29 15:00:00-04:00,3325.11,38.15,1353.98
2025-07-29 16:00:00-04:00,3326.39,38.21,1353.98
2025-07-29 18:00:00-04:00,3327.82,38.21,1353.98
2025-07-29 19:00:00-04:00,3327.65,38.21,1353.98
2025-07-29 20:00:00-04:00,3330.3,38.2,1353.98
2025-07-29 21:00:00-04:00,3323.33,38.06,1353.98
2025-07-29 22:00:00-04:00,3329.45,38.17,1353.98
2025-07-29 23:00:00-04:00,3328.48,38.21,1353.98
2025-07-30 00:00:00-04:00,3327.23,38.19,1353.98
2025-07-30 01:00:00-04:00,3325.02,38.1,1353.98
2025-07-30 02:00:00-04:00,3327.23,38.09,1353.98
2025-07-30 03:00:00-04:00,3327.77,38.07,1353.98
2025-07-30 04:00:00-04:00,3332.27,38.11,1353.98
2025-07-30 05:00:00-04:00,3331.36,38.09,1353.98
2025-07-30 06:00:00-04:00,3328.54,37.99,1353.98
2025-07-30 07:00:00-04:00,3330.89,37.95,1353.98
2025-07-30 08:00:00-04:00,3313.45,37.81,1353.98
2025-07-30 09:00:00-04:00,3303.15,37.72,1353.98
2025-07-30 10:00:00-04:00,3302.19,37.67,1353.98
2025-07-30 11:00:00-04:00,3290.47,37.62,1353.98
2025-07-30 12:00:00-04:00,3298.14,37.68,1353.98
2025-07-30 13:00:00-04:00,3301.87,37.68,1353.98
2025-07-30 14:00:00-04:00,3280.22,37.09,1353.98
2025-07-30 15:00:00-04:00,3269.35,36.91,1353.98
2025-07-30 16:00:00-04:00,3274.66,37.13,1353.98
2025-07-30 18:00:00-04:00,3278.99,37.1,1353.98
2025-07-30 19:00:00-04:00,3285.32,37.15,1353.98
2025-07-30 20:00:00-04:00,3286.63,37.14,1353.98
2025-07-30 21:00:00-04:00,3293.88,37.02,1353.98
2025-07-30 22:00:00-04:00,3297.36,37.18,1353.98
2025-07-30 23:00:00-04:00,3295.2,37.18,1353.98
2025-07-31 00:00:00-04:00,3298.18,37.26,1353.98
2025-07-31 01:00:00-04:00,3299.75,37.23,1353.98
2025-07-31 02:00:00-04:00,3299.16,37.19,1353.98
2025-07-31 03:00:00-04:00,3304.81,36.97,1353.98
2025-07-31 04:00:00-04:00,3309.99,36.95,1353.98
2025-07-31 05:00:00-04:00,3306.74,36.81,1353.98
2025-07-31 06:00:00-04:00,3296.33,36.3,1353.98
2025-07-31 07:00:00-04:00,3306.22,36.59,1353.98
2025-07-31 08:00:00-04:00,3307.68,36.67,1353.98
2025-07-31 09:00:00-04:00,3301.49,36.6,1353.98
2025-07-31 10:00:00-04:00,3296.26,36.47,1353.98
2025-07-31 11:00:00-04:00,3295.55,36.63,1353.98
2025-07-31 12:00:00-04:00,3295.11,36.67,1353.98
2025-07-31 13:00:00-04:00,3295.01,36.63,1353.98
2025-07-31 14:00:00-04:00,3295.82,36.7,1353.98
2025-07-31 15:00:00-04:00,3290.95,36.69,1353.98
2025-07-31 16:00:00-04:00,3290.64,36.72,1353.98
2025-07-31 18:00:00-04:00,3295.07,36.72,1353.98
2025-07-31 19:00:00-04:00,3288.64,36.69,1353.98
2025-07-31 20:00:00-04:00,3290.35,36.63,1353.98
2025-07-31 21:00:00-04:00,3283.76,36.49,1353.98
2025-07-31 22:00:00-04:00,3291.83,36.56,1353.98
2025-07-31 23:00:00-04:00,3291.44,36.57,1353.98
2025-08-01 00:00:00-04:00,3292.21,36.58,1353.98
2025-08-01 01:00:00-04:00,3296.7,36.7,1353.98
2025-08-01 02:00:00-04:00,3292.43,36.62,1353.98
2025-08-01 03:00:00-04:00,3286.88,36.46,1353.98
2025-08-01 04:00:00-04:00,3294.41,36.43,1353.98
2025-08-01 05:00:00-04:00,3294.55,36.43,1353.98
2025-08-01 06:00:00-04:00,3298.35,36.49,1353.98
2025-08-01 07:00:00-04:00,3300.38,36.45,1353.98
2025-08-01 08:00:00-04:00,3341.36,37.01,1353.98
2025-08-01 09:00:00-04:00,3342.05,36.92,1353.98
2025-08-01 10:00:00-04:00,3345.97,36.91,1353.98
2025-08-01 11:00:00-04:00,3348.64,36.94,1353.98
2025-08-01 12:00:00-04:00,3347.39,36.87,1353.98
2025-08-01 13:00:00-04:00,3348.29,36.89,1353.98
2025-08-01 14:00:00-04:00,3347.73,36.88,1353.98
2025-08-01 15:00:00-04:00,3357.24,36.98,1353.98
2025-08-01 16:00:00-04:00,3362.93,37.03,1353.98
2025-08-03 18:00:00-04:00,3359.18,36.99,1353.98
2025-08-03 19:00:00-04:00,3362.03,37.04,1353.98
2025-08-03 20:00:00-04:00,3352.29,36.82,1353.98
2025-08-03 21:00:00-04:00,3352.35,36.79,1353.98
2025-08-03 22:00:00-04:00,3354.38,37.0,1353.98
2025-08-03 23:00:00-04:00,3360.41,37.09,1353.98
2025-08-04 00:00:00-04:00,3359.04,37.11,1353.98
2025-08-04 01:00:00-04:00,3357.62,37.15,1353.98
2025-08-04 02:00:00-04:00,3362.68,37.25,1353.98
2025-08-04 03:00:00-04:00,3355.95,37.28,1353.98
2025-08-04 04:00:00-04:00,3358.54,37.37,1353.98
2025-08-04 05:00:00-04:00,3358.06,37.23,1353.98
2025-08-04 06:00:00-04:00,3357.9,37.17,1353.98
2025-08-04 07:00:00-04:00,3370.34,37.34,1353.98
2025-08-04 08:00:00-04:00,3367.91,37.29,1353.98
2025-08-04 09:00:00-04:00,3383.41,37.36,1353.98
2025-08-04 10:00:00-04:00,3374.04,37.36,1353.98
2025-08-04 11:00:00-04:00,3374.37,37.39,1353.98
2025-08-04 12:00:00-04:00,3371.03,37.33,1353.98
2025-08-04 13:00:00-04:00,3374.1,37.35,1353.98
2025-08-04 14:00:00-04:00,3375.85,37.38,1353.98
2025-08-04 15:00:00-04:00,3376.13,37.4,1353.98
2025-08-04 16:00:00-04:00,3374.26,37.42,1353.98
2025-08-04 18:00:00-04:00,3374.86,37.4,1353.98
2025-08-04 19:00:00-04:00,3377.53,37.44,1353.98
2025-08-04 20:00:00-04:00,3379.94,37.41,1353.98
2025-08-04 21:00:00-04:00,3379.11,37.44,1353.98
2025-08-04 22:00:00-04:00,3373.72,37.43,1353.98
2025-08-04 23:00:00-04:00,3372.17,37.41,1353.98
2025-08-05 00:00:00-04:00,3371.2,37.38,1353.98
2025-08-05 01:00:00-04:00,3374.14,37.47,1353.98
2025-08-05 02:00:00-04:00,3366.32,37.34,1353.98
2025-08-05 03:00:00-04:00,3373.7,37.42,1353.98
2025-08-05 04:00:00-04:00,3366.15,37.45,1353.98
2025-08-05 05:00:00-04:00,3359.76,37.34,1353.98
2025-08-05 06:00:00-04:00,3353.24,37.35,1353.98
2025-08-05 07:00:00-04:00,3351.46,37.37,1353.98
2025-08-05 08:00:00-04:00,3366.27,37.48,1353.98
2025-08-05 09:00:00-04:00,3373.95,37.55,1353.98
2025-08-05 10:00:00-04:00,3385.4,37.78,1353.98
2025-08-05 11:00:00-04:00,3389.66,37.83,1353.98
2025-08-05 12:00:00-04:00,3382.15,37.8,1353.98
2025-08-05 13:00:00-04:00,3380.16,37.85,1353.98
2025-08-05 14:00:00-04:00,3380.11,37.84,1353.98
2025-08-05 15:00:00-04:00,3379.07,37.81,1353.98
2025-08-05 16:00:00-04:00,3381.13,37.82,1353.98
2025-08-05 18:00:00-04:00,3379.75,37.79,1353.98
2025-08-05 19:00:00-04:00,3383.29,37.82,1353.98
2025-08-05 20:00:00-04:00,3383.55,37.8,1353.98
2025-08-05 21:00:00-04:00,3376.14,37.86,1353.98
2025-08-05 22:00:00-04:00,3376.39,37.81,1353.98
2025-08-05 23:00:00-04:00,3374.68,37.82,1353.98
2025-08-06 00:00:00-04:00,3372.51,37.8,1353.98
2025-08-06 01:00:00-04:00,3374.33,37.83,1353.98
2025-08-06 02:00:00-04:00,3375.26,37.85,1353.98
2025-08-06 03:00:00-04:00,3373.69,37.88,1353.98
2025-08-06 04:00:00-04:00,3365.23,37.79,1353.98
2025-08-06 05:00:00-04:00,3359.01,37.67,1353.98
2025-08-06 06:00:00-04:00,3363.7,37.8,1353.98
2025-08-06 07:00:00-04:00,3365.28,37.81,1353.98
2025-08-06 08:00:00-04:00,3367.65,37.73,1353.98
2025-08-06 09:00:00-04:00,3371.68,37.91,1353.98
2025-08-06 10:00:00-04:00,3379.4,37.93,1353.98
2025-08-06 11:00:00-04:00,3377.56,37.88,1353.98
2025-08-06 12:00:00-04:00,3376.15,37.83,1353.98
2025-08-06 13:00:00-04:00,3374.57,37.9,1353.98
2025-08-06 14:00:00-04:00,3371.64,37.83,1353.98
2025-08-06 15:00:00-04:00,3371.74,37.83,1353.98
2025-08-06 16:00:00-04:00,3369.03,37.84,1353.98
2025-08-06 18:00:00-04:00,3372.09,37.92,1353.98
2025-08-06 19:00:00-04:00,3370.24,37.89,1353.98
2025-08-06 20:00:00-04:00,3372.45,37.85,1353.98
2025-08-06 21:00:00-04:00,3382.4,37.95,1353.98
2025-08-06 22:00:00-04:00,3379.71,38.0,1353.98
2025-08-06 23:00:00-04:00,3379.78,38.04,1353.98
2025-08-07 00:00:00-04:00,3377.7,38.06,1353.98
2025-08-07 01:00:00-04:00,3375.64,38.02,1353.98
2025-08-07 02:00:00-04:00,3387.76,38.13,1353.98
2025-08-07 03:00:00-04:00,3396.3,38.27,1353.98
2025-08-07 04:00:00-04:00,3378.33,38.24,1353.98
2025-08-07 05:00:00-04:00,3376.72,38.24,1353.98
2025-08-07 06:00:00-04:00,3373.07,38.4,1353.98
2025-08-07 07:00:00-04:00,3378.31,38.32,1353.98
2025-08-07 08:00:00-04:00,3380.91,38.27,1353.98
2025-08-07 09:00:00-04:00,3384.93,38.37,1353.98
2025-08-07 10:00:00-04:00,3387.91,38.2,1353.98
2025-08-07 11:00:00-04:00,3390.2,38.22,1353.98
2025-08-07 12:00:00-04:00,3388.84,38.16,1353.98
2025-08-07 13:00:00-04:00,3392.34,38.14,1353.98
2025-08-07 14:00:00-04:00,3388.41,38.07,1353.98
2025-08-07 15:00:00-04:00,3400.03,38.27,1353.98
2025-08-07 16:00:00-04:00,3395.24,38.28,1353.98
2025-08-07 18:00:00-04:00,3405.43,38.29,1353.98
2025-08-07 19:00:00-04:00,3400.62,38.32,1353.98
2025-08-07 20:00:00-04:00,3390.07,38.22,1353.98
2025-08-07 21:00:00-04:00,3383.51,38.1,1353.98
2025-08-07 22:00:00-04:00,3388.22,38.11,1353.98
2025-08-07 23:00:00-04:00,3395.82,38.16,1353.98
2025-08-08 00:00:00-04:00,3394.31,38.25,1353.98
2025-08-08 01:00:00-04:00,3392.53,38.34,1353.98
2025-08-08 02:00:00-04:00,3393.55,38.33,1353.98
2025-08-08 03:00:00-04:00,3402.2,38.45,1353.98
2025-08-08 04:00:00-04:00,3394.5,38.34,1353.98
2025-08-08 05:00:00-04:00,3400.82,38.38,1353.98
2025-08-08 06:00:00-04:00,3385.03,38.3,1353.98
2025-08-08 07:00:00-04:00,3386.15,38.31,1353.98
2025-08-08 08:00:00-04:00,3391.58,38.25,1353.98
2025-08-08 09:00:00-04:00,3400.18,38.39,1353.98
2025-08-08 10:00:00-04:00,3390.65,38.36,1353.98
2025-08-08 11:00:00-04:00,3395.32,38.33,1353.98
2025-08-08 12:00:00-04:00,3397.65,38.27,1353.98
2025-08-08 13:00:00-04:00,3386.32,38.14,1353.98
2025-08-08 14:00:00-04:00,3395.55,38.36,1353.98
2025-08-08 15:00:00-04:00,3398.79,38.4,1353.98
2025-08-08 16:00:00-04:00,3398.93,38.35,1353.98
2025-08-10 18:00:00-04:00,3395.37,38.28,1353.98
2025-08-10 19:00:00-04:00,3391.45,38.19,1353.98
2025-08-10 20:00:00-04:00,3381.71,38.15,1353.98
2025-08-10 21:00:00-04:00,3377.61,38.16,1353.98
2025-08-10 22:00:00-04:00,3377.28,38.1,1353.98
2025-08-10 23:00:00-04:00,3378.35,38.08,1353.98
2025-08-11 00:00:00-04:00,3375.91,38.04,1353.98
2025-08-11 01:00:00-04:00,3377.2,38.2,1353.98
2025-08-11 02:00:00-04:00,3365.86,38.05,1353.98
2025-08-11 03:00:00-04:00,3360.23,37.7,1353.98
2025-08-11 04:00:00-04:00,3361.82,37.94,1353.98
2025-08-11 05:00:00-04:00,3353.51,37.87,1353.98
2025-08-11 06:00:00-04:00,3358.47,37.79,1353.98
2025-08-11 07:00:00-04:00,3355.26,37.73,1353.98
2025-08-11 08:00:00-04:00,3356.96,37.82,1353.98
2025-08-11 09:00:00-04:00,3358.7,37.89,1353.98
2025-08-11 10:00:00-04:00,3346.44,37.76,1353.98
2025-08-11 11:00:00-04:00,3349.52,37.75,1353.98
2025-08-11 12:00:00-04:00,3344.25,37.68,1353.98
2025-08-11 13:00:00-04:00,3357.69,37.78,1353.98
2025-08-11 14:00:00-04:00,3356.25,37.72,1353.98
2025-08-11 15:00:00-04:00,3351.62,37.65,1353.98
2025-08-11 16:00:00-04:00,3342.97,37.62,1353.98
2025-08-11 18:00:00-04:00,3347.07,37.66,1353.98
2025-08-11 19:00:00-04:00,3349.12,37.69,1353.98
2025-08-11 20:00:00-04:00,3354.57,37.83,1353.98
2025-08-11 21:00:00-04:00,3349.86,37.81,1353.98
2025-08-11 22:00:00-04:00,3353.2,37.82,1353.98
2025-08-11 23:00:00-04:00,3349.57,37.88,1353.98
2025-08-12 00:00:00-04:00,3354.52,37.9,1353.98
2025-08-12 01:00:00-04:00,3354.69,37.94,1353.98
2025-08-12 02:00:00-04:00,3345.53,37.86,1353.98
2025-08-12 03:00:00-04:00,3355.72,37.8,1353.98
2025-08-12 04:00:00-04:00,3347.97,37.79,1353.98
2025-08-12 05:00:00-04:00,3345.61,37.74,1353.98
2025-08-12 06:00:00-04:00,3344.77,37.7,1353.98
2025-08-12 07:00:00-04:00,3347.49,37.77,1353.98
2025-08-12 08:00:00-04:00,3349.99,37.81,1353.98
2025-08-12 09:00:00-04:00,3345.59,37.68,1353.98
2025-08-12 10:00:00-04:00,3337.47,37.67,1353.98
2025-08-12 11:00:00-04:00,3349.86,37.97,1353.98
2025-08-12 12:00:00-04:00,3349.57,37.95,1353.98
2025-08-12 13:00:00-04:00,3349.1,37.92,1353.98
2025-08-12 14:00:00-04:00,3349.07,37.87,1353.98
2025-08-12 15:00:00-04:00,3347.68,37.9,1353.98
2025-08-12 16:00:00-04:00,3348.01,37.91,1353.98
2025-08-12 18:00:00-04:00,3350.52,37.94,1353.98
2025-08-12 19:00:00-04:00,3350.59,37.92,1353.98
2025-08-12 20:00:00-04:00,3343.66,37.86,1353.98
2025-08-12 21:00:00-04:00,3350.95,38.1,1353.98
2025-08-12 22:00:00-04:00,3351.86,38.13,1353.98
2025-08-12 23:00:00-04:00,3349.69,38.15,1353.98
2025-08-13 00:00:00-04:00,3351.94,38.2,1353.98
2025-08-13 01:00:00-04:00,3349.36,38.22,1353.98
2025-08-13 02:00:00-04:00,3357.15,38.37,1353.98
2025-08-13 03:00:00-04:00,3354.75,38.42,1353.98
2025-08-13 04:00:00-04:00,3360.26,38.5,1353.98
2025-08-13 05:00:00-04:00,3364.68,38.57,1353.98
2025-08-13 06:00:00-04:00,3366.18,38.6,1353.98
2025-08-13 07:00:00-04:00,3362.39,38.58,1353.98
2025-08-13 08:00:00-04:00,3358.17,38.55,1353.98
2025-08-13 09:00:00-04:00,3365.18,38.46,1353.98
2025-08-13 10:00:00-04:00,3363.2,38.51,1353.98
2025-08-13 11:00:00-04:00,3357.82,38.47,1353.98
2025-08-13 12:00:00-04:00,3358.01,38.5,1353.98
2025-08-13 13:00:00-04:00,3353.74,38.5,1353.98
2025-08-13 14:00:00-04:00,3353.85,38.48,1353.98
2025-08-13 15:00:00-04:00,3357.91,38.54,1353.98
2025-08-13 16:00:00-04:00,3356.47,38.51,1353.98
2025-08-13 18:00:00-04:00,3357.67,38.53,1353.98
2025-08-13 19:00:00-04:00,3362.78,38.53,1353.98
2025-08-13 20:00:00-04:00,3369.6,38.59,1353.98
2025-08-13 21:00:00-04:00,3367.47,38.63,1353.98
2025-08-13 22:00:00-04:00,3363.03,38.71,1353.98
2025-08-13 23:00:00-04:00,3360.58,38.57,1353.98
2025-08-14 00:00:00-04:00,3360.52,38.57,1353.98
2025-08-14 01:00:00-04:00,3358.93,38.49,1353.98
2025-08-14 02:00:00-04:00,3362.18,38.45,1353.98
2025-08-14 03:00:00-04:00,3346.12,38.3,1353.98
2025-08-14 04:00:00-04:00,3346.24,38.24,1353.98
2025-08-14 05:00:00-04:00,3356.64,38.35,1353.98
2025-08-14 06:00:00-04:00,3355.03,38.32,1353.98
2025-08-14 07:00:00-04:00,3355.51,38.32,1353.98
2025-08-14 08:00:00-04:00,3350.62,38.19,1353.98
2025-08-14 09:00:00-04:00,3344.18,38.01,1353.98
2025-08-14 10:00:00-04:00,3340.67,37.99,1353.98
2025-08-14 11:00:00-04:00,3341.81,38.08,1353.98
2025-08-14 12:00:00-04:00,3334.45,38.0,1353.98
2025-08-14 13:00:00-04:00,3337.91,38.01,1353.98
2025-08-14 14:00:00-04:00,3338.34,38.05,1353.98
2025-08-14 15:00:00-04:00,3338.03,38.01,1353.98
2025-08-14 16:00:00-04:00,3335.68,38.01,1353.98
2025-08-14 18:00:00-04:00,3333.4,38.02,1353.98
2025-08-14 19:00:00-04:00,3335.65,38.01,1353.98
2025-08-14 20:00:00-04:00,3337.19,38.03,1353.98
2025-08-14 21:00:00-04:00,3339.72,38.01,1353.98
2025-08-14 22:00:00-04:00,3340.61,37.96,1353.98
2025-08-14 23:00:00-04:00,3343.44,38.03,1353.98
2025-08-15 00:00:00-04:00,3345.53,38.04,1353.98
2025-08-15 01:00:00-04:00,3343.88,38.08,1353.98
2025-08-15 02:00:00-04:00,3340.47,38.0,1353.98
2025-08-15 03:00:00-04:00,3346.34,38.04,1353.98
2025-08-15 04:00:00-04:00,3341.28,37.96,1353.98
2025-08-15 05:00:00-04:00,3342.8,37.87,1353.98
2025-08-15 06:00:00-04:00,3337.84,37.8,1353.98
2025-08-15 07:00:00-04:00,3342.35,37.83,1353.98
2025-08-15 08:00:00-04:00,3342.73,37.82,1353.98
2025-08-15 09:00:00-04:00,3335.49,37.75,1353.98
2025-08-15 10:00:00-04:00,3341.89,37.9,1353.98
2025-08-15 11:00:00-04:00,3342.4,37.98,1353.98
2025-08-15 12:00:00-04:00,3338.3,37.93,1353.98
2025-08-15 13:00:00-04:00,3336.1,37.97,1353.98
2025-08-15 14:00:00-04:00,3336.07,37.99,1353.98
2025-08-15 15:00:00-04:00,3339.27,38.0,1353.98
2025-08-15 16:00:00-04:00,3336.32,38.01,1353.98
2025-08-17 18:00:00-04:00,3334.42,37.91,1353.98
2025-08-17 19:00:00-04:00,3327.16,37.87,1353.98
2025-08-17 20:00:00-04:00,3340.6,38.06,1353.98
2025-08-17 21:00:00-04:00,3346.93,38.11,1353.98
2025-08-17 22:00:00-04:00,3343.46,37.99,1353.98
2025-08-17 23:00:00-04:00,3347.12,38.12,1353.98
2025-08-18 00:00:00-04:00,3357.6,38.16,1353.98
2025-08-18 01:00:00-04:00,3349.64,38.09,1353.98
2025-08-18 02:00:00-04:00,3349.53,38.13,1353.98
2025-08-18 03:00:00-04:00,3349.14,38.11,1353.98
2025-08-18 04:00:00-04:00,3348.73,38.11,1353.98
2025-08-18 05:00:00-04:00,3348.21,38.15,1353.98
2025-08-18 06:00:00-04:00,3346.7,38.1,1353.98
2025-08-18 07:00:00-04:00,3345.52,38.06,1353.98
2025-08-18 08:00:00-04:00,3344.82,38.21,1353.98
2025-08-18 09:00:00-04:00,3336.89,38.06,1353.98
2025-08-18 10:00:00-04:00,3334.38,38.07,1353.98
2025-08-18 11:00:00-04:00,3335.72,38.05,1353.98
2025-08-18 12:00:00-04:00,3334.41,37.98,1353.98
2025-08-18 13:00:00-04:00,3333.79,38.03,1353.98
2025-08-18 14:00:00-04:00,3332.0,38.02,1353.98
2025-08-18 15:00:00-04:00,3333.65,38.05,1353.98
2025-08-18 16:00:00-04:00,3332.4,38.02,1353.98
2025-08-18 18:00:00-04:00,3334.55,38.09,1353.98
2025-08-18 19:00:00-04:00,3331.02,38.07,1353.98
2025-08-18 20:00:00-04:00,3335.23,38.08,1353.98
2025-08-18 21:00:00-04:00,3333.07,37.89,1353.98
2025-08-18 22:00:00-04:00,3338.18,37.89,1353.98
2025-08-18 23:00:00-04:00,3337.92,37.92,1353.98
2025-08-19 00:00:00-04:00,3337.78,37.93,1353.98
2025-08-19 01:00:00-04:00,3336.23,37.88,1353.98
2025-08-19 02:00:00-04:00,3336.1,37.93,1353.98
2025-08-19 03:00:00-04:00,3340.87,38.03,1353.98
2025-08-19 04:00:00-04:00,3338.08,38.05,1353.98
2025-08-19 05:00:00-04:00,3339.39,38.08,1353.98
2025-08-19 06:00:00-04:00,3343.64,38.07,1353.98
2025-08-19 07:00:00-04:00,3339.79,38.06,1353.98
2025-08-19 08:00:00-04:00,3334.82,38.04,1353.98
2025-08-19 09:00:00-04:00,3334.1,37.91,1353.98
2025-08-19 10:00:00-04:00,3325.45,37.49,1353.98
2025-08-19 11:00:00-04:00,3322.76,37.45,1353.98
2025-08-19 12:00:00-04:00,3317.55,37.33,1353.98
2025-08-19 13:00:00-04:00,3317.6,37.35,1353.98
2025-08-19 14:00:00-04:00,3318.53,37.31,1353.98
2025-08-19 15:00:00-04:00,3315.89,37.31,1353.98
2025-08-19 16:00:00-04:00,3317.2,37.39,1353.98
2025-08-19 18:00:00-04:00,3316.94,37.38,1353.98
2025-08-19 19:00:00-04:00,3314.27,37.36,1353.98
2025-08-19 20:00:00-04:00,3316.14,37.38,1353.98
2025-08-19 21:00:00-04:00,3315.4,37.26,1353.98
2025-08-19 22:00:00-04:00,3314.1,37.24,1353.98
2025-08-19 23:00:00-04:00,3317.62,37.21,1353.98
2025-08-20 00:00:00-04:00,3318.78,37.2,1353.98
2025-08-20 01:00:00-04:00,3323.56,37.23,1353.98
2025-08-20 02:00:00-04:00,3323.11,37.17,1353.98
2025-08-20 03:00:00-04:00,3324.91,37.17,1353.98
2025-08-20 04:00:00-04:00,3325.06,37.06,1353.98
2025-08-20 05:00:00-04:00,3326.26,37.09,1353.98
2025-08-20 06:00:00-04:00,3326.51,37.06,1353.98
2025-08-20 07:00:00-04:00,3332.4,37.18,1353.98
2025-08-20 08:00:00-04:00,3342.96,37.62,1353.98
2025-08-20 09:00:00-04:00,3345.04,37.75,1353.98
2025-08-20 10:00:00-04:00,3346.97,37.76,1353.98
2025-08-20 11:00:00-04:00,3340.76,37.76,1353.98
2025-08-20 12:00:00-04:00,3345.2,37.79,1353.98
2025-08-20 13:00:00-04:00,3347.15,37.83,1353.98
2025-08-20 14:00:00-04:00,3345.79,37.81,1353.98
2025-08-20 15:00:00-04:00,3348.9,37.91,1353.98
2025-08-20 16:00:00-04:00,3345.11,37.91,1353.98
2025-08-20 18:00:00-04:00,3349.78,37.92,1353.98
2025-08-20 19:00:00-04:00,3346.95,37.91,1353.98
2025-08-20 20:00:00-04:00,3342.43,37.88,1353.98
2025-08-20 21:00:00-04:00,3342.85,37.89,1353.98
2025-08-20 22:00:00-04:00,3344.68,37.87,1353.98
2025-08-20 23:00:00-04:00,3339.99,37.85,1353.98
2025-08-21 00:00:00-04:00,3338.32,37.88,1353.98
2025-08-21 01:00:00-04:00,3338.91,37.88,1353.98
2025-08-21 02:00:00-04:00,3336.66,37.82,1353.98
2025-08-21 03:00:00-04:00,3339.76,37.84,1353.98
2025-08-21 04:00:00-04:00,3339.53,37.81,1353.98
2025-08-21 05:00:00-04:00,3340.69,37.77,1353.98
2025-08-21 06:00:00-04:00,3328.5,37.56,1353.98
2025-08-21 07:00:00-04:00,3333.65,37.72,1353.98
2025-08-21 08:00:00-04:00,3341.99,37.99,1353.98
2025-08-21 09:00:00-04:00,3339.49,38.01,1353.98
2025-08-21 10:00:00-04:00,3344.26,38.12,1353.98
2025-08-21 11:00:00-04:00,3343.69,38.16,1353.98
2025-08-21 12:00:00-04:00,3339.85,38.1,1353.98
2025-08-21 13:00:00-04:00,3337.15,38.1,1353.98
2025-08-21 14:00:00-04:00,3339.39,38.09,1353.98
2025-08-21 15:00:00-04:00,3338.81,38.12,1353.98
2025-08-21 16:00:00-04:00,3339.46,38.14,1353.98
2025-08-21 18:00:00-04:00,3338.95,38.11,1353.98
2025-08-21 19:00:00-04:00,3338.45,38.1,1353.98
2025-08-21 20:00:00-04:00,3339.67,38.17,1353.98
2025-08-21 21:00:00-04:00,3334.16,38.13,1353.98
2025-08-21 22:00:00-04:00,3334.18,38.11,1353.98
2025-08-21 23:00:00-04:00,3331.95,38.08,1353.98
2025-08-22 00:00:00-04:00,3328.47,38.06,1353.98
2025-08-22 01:00:00-04:00,3330.17,38.05,1353.98
2025-08-22 02:00:00-04:00,3329.63,38.01,1353.98
2025-08-22 03:00:00-04:00,3327.58,38.01,1353.98
2025-08-22 04:00:00-04:00,3328.83,38.03,1353.98
2025-08-22 05:00:00-04:00,3330.16,38.01,1353.98
2025-08-22 06:00:00-04:00,3330.97,38.01,1353.98
2025-08-22 07:00:00-04:00,3329.43,37.98,1353.98
2025-08-22 08:00:00-04:00,3323.57,37.82,1353.98
2025-08-22 09:00:00-04:00,3333.78,37.96,1353.98
2025-08-22 10:00:00-04:00,3373.92,38.95,1353.98
2025-08-22 11:00:00-04:00,3367.99,38.93,1353.98
2025-08-22 12:00:00-04:00,3370.66,38.99,1353.98
2025-08-22 13:00:00-04:00,3374.36,39.02,1353.98
2025-08-22 14:00:00-04:00,3372.8,39.0,1353.98
2025-08-22 15:00:00-04:00,3373.33,38.92,1353.98
2025-08-22 16:00:00-04:00,3373.12,38.9,1353.98
2025-08-24 18:00:00-04:00,3367.39,38.93,1353.98
2025-08-24 19:00:00-04:00,3369.2,38.92,1353.98
2025-08-24 20:00:00-04:00,3364.92,38.98,1353.98
2025-08-24 21:00:00-04:00,3362.99,38.83,1353.98
2025-08-24 22:00:00-04:00,3364.52,38.78,1353.98
2025-08-24 23:00:00-04:00,3367.38,38.84,1353.98
2025-08-25 00:00:00-04:00,3366.06,38.82,1353.98
2025-08-25 01:00:00-04:00,3364.69,38.87,1353.98
2025-08-25 02:00:00-04:00,3369.01,38.97,1353.98
2025-08-25 03:00:00-04:00,3366.28,38.87,1353.98
2025-08-25 04:00:00-04:00,3364.0,38.81,1353.98
2025-08-25 05:00:00-04:00,3367.38,38.75,1353.98
2025-08-25 06:00:00-04:00,3366.1,38.71,1353.98
2025-08-25 07:00:00-04:00,3370.61,38.83,1353.98
2025-08-25 08:00:00-04:00,3364.57,38.71,1353.98
2025-08-25 09:00:00-04:00,3370.81,38.77,1353.98
2025-08-25 10:00:00-04:00,3374.41,38.86,1353.98
2025-08-25 11:00:00-04:00,3374.14,38.81,1353.98
2025-08-25 12:00:00-04:00,3373.89,38.77,1353.98
2025-08-25 13:00:00-04:00,3371.2,38.73,1353.98
2025-08-25 14:00:00-04:00,3370.55,38.66,1353.98
2025-08-25 15:00:00-04:00,3365.47,38.58,1353.98
2025-08-25 16:00:00-04:00,3366.96,38.57,1353.98
2025-08-25 18:00:00-04:00,3364.3,38.56,1353.98
2025-08-25 19:00:00-04:00,3354.97,38.41,1353.98
2025-08-25 20:00:00-04:00,3383.37,38.74,1353.98
2025-08-25 21:00:00-04:00,3376.9,38.7,1353.98
2025-08-25 22:00:00-04:00,3375.51,38.7,1353.98
2025-08-25 23:00:00-04:00,3372.32,38.73,1353.98
2025-08-26 00:00:00-04:00,3377.47,38.85,1353.98
2025-08-26 01:00:00-04:00,3376.7,38.82,1353.98
2025-08-26 02:00:00-04:00,3376.33,38.72,1353.98
2025-08-26 03:00:00-04:00,3376.87,38.68,1353.98
2025-08-26 04:00:00-04:00,3376.7,38.64,1353.98
2025-08-26 05:00:00-04:00,3372.1,38.53,1353.98
2025-08-26 06:00:00-04:00,3372.13,38.45,1353.98
2025-08-26 07:00:00-04:00,3377.61,38.52,1353.98
2025-08-26 08:00:00-04:00,3372.05,38.41,1353.98
2025-08-26 09:00:00-04:00,3375.92,38.49,1353.98
2025-08-26 10:00:00-04:00,3379.41,38.59,1353.98
2025-08-26 11:00:00-04:00,3386.83,38.64,1353.98
2025-08-26 12:00:00-04:00,3383.18,38.54,1353.98
2025-08-26 13:00:00-04:00,3381.93,38.51,1353.98
2025-08-26 14:00:00-04:00,3385.78,38.54,1353.98
2025-08-26 15:00:00-04:00,3389.83,38.57,1353.98
2025-08-26 16:00:00-04:00,3393.76,38.61,1353.98
2025-08-26 18:00:00-04:00,3391.11,38.68,1353.98
2025-08-26 19:00:00-04:00,3391.01,38.67,1353.98
2025-08-26 20:00:00-04:00,3389.68,38.63,1353.98
2025-08-26 21:00:00-04:00,3386.35,38.58,1353.98
2025-08-26 22:00:00-04:00,3384.24,38.54,1353.98
2025-08-26 23:00:00-04:00,3380.69,38.54,1353.98
2025-08-27 00:00:00-04:00,3375.04,38.45,1353.98
2025-08-27 01:00:00-04:00,3377.31,38.48,1353.98
2025-08-27 02:00:00-04:00,3377.54,38.43,1353.98
2025-08-27 03:00:00-04:00,3381.54,38.4,1353.98
2025-08-27 04:00:00-04:00,3384.61,38.38,1353.98
2025-08-27 05:00:00-04:00,3378.23,38.21,1353.98
2025-08-27 06:00:00-04:00,3375.73,38.21,1353.98
2025-08-27 07:00:00-04:00,3376.86,38.28,1353.98
2025-08-27 08:00:00-04:00,3381.24,38.28,1353.98
2025-08-27 09:00:00-04:00,3378.01,38.23,1353.98
2025-08-27 10:00:00-04:00,3386.52,38.41,1353.98
2025-08-27 11:00:00-04:00,3388.08,38.51,1353.98
2025-08-27 12:00:00-04:00,3395.61,38.62,1353.98
2025-08-27 13:00:00-04:00,3395.31,38.61,1353.98
2025-08-27 14:00:00-04:00,3394.65,38.55,1353.98
2025-08-27 15:00:00-04:00,3396.36,38.53,1353.98
2025-08-27 16:00:00-04:00,3397.86,38.59,1353.98
2025-08-27 18:00:00-04:00,3395.85,38.58,1353.98
2025-08-27 19:00:00-04:00,3395.81,38.62,1353.98
2025-08-27 20:00:00-04:00,3392.09,38.65,1353.98
2025-08-27 21:00:00-04:00,3386.11,38.67,1353.98
2025-08-27 22:00:00-04:00,3391.43,38.75,1353.98
2025-08-27 23:00:00-04:00,3390.42,38.71,1353.98
2025-08-28 00:00:00-04:00,3390.41,38.73,1353.98
2025-08-28 01:00:00-04:00,3389.27,38.74,1353.98
2025-08-28 02:00:00-04:00,3395.49,38.84,1353.98
2025-08-28 03:00:00-04:00,3395.93,38.93,1353.98
2025-08-28 04:00:00-04:00,3400.77,38.89,1353.98
2025-08-28 05:00:00-04:00,3399.31,38.89,1353.98
2025-08-28 06:00:00-04:00,3397.15,38.97,1353.98
2025-08-28 07:00:00-04:00,3404.13,39.02,1353.98
2025-08-28 08:00:00-04:00,3397.23,38.92,1353.98
2025-08-28 09:00:00-04:00,3407.57,39.0,1353.98
2025-08-28 10:00:00-04:00,3412.35,38.97,1353.98
2025-08-28 11:00:00-04:00,3411.01,38.96,1353.98
2025-08-28 12:00:00-04:00,3415.62,39.04,1353.98
2025-08-28 13:00:00-04:00,3418.13,39.1,1353.98
2025-08-28 14:00:00-04:00,3420.16,39.08,1353.98
2025-08-28 15:00:00-04:00,3422.07,39.11,1353.98
2025-08-28 16:00:00-04:00,3417.3,39.08,1353.98
2025-08-28 18:00:00-04:00,3416.98,39.09,1353.98
2025-08-28 19:00:00-04:00,3414.82,38.99,1353.98
2025-08-28 20:00:00-04:00,3413.54,39.03,1353.98
2025-08-28 21:00:00-04:00,3410.02,38.98,1353.98
2025-08-28 22:00:00-04:00,3411.38,38.87,1353.98
2025-08-28 23:00:00-04:00,3410.95,38.84,1353.98
2025-08-29 00:00:00-04:00,3409.02,38.85,1353.98
2025-08-29 01:00:00-04:00,3410.41,38.94,1353.98
2025-08-29 02:00:00-04:00,3410.33,38.84,1353.98
2025-08-29 03:00:00-04:00,3412.28,38.91,1353.98
2025-08-29 04:00:00-04:00,3410.45,39.0,1353.98
2025-08-29 05:00:00-04:00,3407.53,38.87,1353.98
2025-08-29 06:00:00-04:00,3405.58,38.84,1353.98
2025-08-29 07:00:00-04:00,3410.84,38.85,1353.98
2025-08-29 08:00:00-04:00,3416.6,38.95,1353.98
2025-08-29 09:00:00-04:00,3429.02,39.04,1353.98
2025-08-29 10:00:00-04:00,3441.1,39.32,1353.98
2025-08-29 11:00:00-04:00,3445.6,39.56,1353.98
2025-08-29 12:00:00-04:00,3449.27,39.96,1353.98
2025-08-29 13:00:00-04:00,3443.73,39.77,1353.98
2025-08-29 14:00:00-04:00,3443.03,39.73,1353.98
2025-08-29 15:00:00-04:00,3452.61,39.84,1353.98
2025-08-29 16:00:00-04:00,3449.25,39.71,1353.98
2025-08-31 18:00:00-04:00,3450.31,39.71,1353.98
2025-08-31 19:00:00-04:00,3448.07,39.79,1353.98
2025-08-31 20:00:00-04:00,3444.15,39.81,1353.98
2025-08-31 21:00:00-04:00,3457.31,40.16,1353.98
2025-08-31 22:00:00-04:00,3483.65,40.49,1353.98
2025-08-31 23:00:00-04:00,3474.61,40.47,1353.98
2025-09-01 00:00:00-04:00,3475.16,40.47,1353.98
2025-09-01 01:00:00-04:00,3477.31,40.48,1353.98
2025-09-01 02:00:00-04:00,3479.36,40.57,1353.98
2025-09-01 03:00:00-04:00,3477.91,40.62,1353.98
2025-09-01 04:00:00-04:00,3477.07,40.7,1353.98
2025-09-01 05:00:00-04:00,3469.52,40.54,1353.98
2025-09-01 06:00:00-04:00,3470.57,40.59,1353.98
2025-09-01 07:00:00-04:00,3470.1,40.55,1353.98
2025-09-01 08:00:00-04:00,3469.56,40.6,1353.98
2025-09-01 09:00:00-04:00,3475.57,40.69,1353.98
2025-09-01 10:00:00-04:00,3475.7,40.69,1353.98
2025-09-01 11:00:00-04:00,3474.2,40.65,1353.98
2025-09-01 12:00:00-04:00,3477.36,40.68,1353.98
2025-09-01 13:00:00-04:00,3477.99,40.73,1353.98
2025-09-01 14:00:00-04:00,3476.7,40.73,1353.98
2025-09-01 18:00:00-04:00,3475.39,40.57,1353.98
2025-09-01 19:00:00-04:00,3479.41,40.66,1353.98
2025-09-01 20:00:00-04:00,3479.34,40.76,1353.98
2025-09-01 21:00:00-04:00,3497.8,40.7,1353.98
2025-09-01 22:00:00-04:00,3496.34,40.68,1353.98
2025-09-01 23:00:00-04:00,3495.11,40.76,1353.98
2025-09-02 00:00:00-04:00,3496.87,40.81,1353.98
2025-09-02 01:00:00-04:00,3493.15,40.71,1353.98
2025-09-02 02:00:00-04:00,3485.59,40.7,1353.98
2025-09-02 03:00:00-04:00,3476.95,40.48,1353.98
2025-09-02 04:00:00-04:00,3477.64,40.25,1353.98
2025-09-02 05:00:00-04:00,3476.84,40.4,1353.98
2025-09-02 06:00:00-04:00,3485.72,40.51,1353.98
2025-09-02 07:00:00-04:00,3489.88,40.61,1353.98
2025-09-02 08:00:00-04:00,3482.31,40.4,1353.98
2025-09-02 09:00:00-04:00,3489.43,40.46,1353.98
2025-09-02 10:00:00-04:00,3511.28,40.76,1353.98
2025-09-02 11:00:00-04:00,3520.5,40.85,1353.98
2025-09-02 12:00:00-04:00,3527.89,40.88,1353.98
2025-09-02 13:00:00-04:00,3529.44,40.86,1353.98
2025-09-02 14:00:00-04:00,3528.45,40.89,1353.98
2025-09-02 15:00:00-04:00,3537.16,40.92,1353.98
2025-09-02 16:00:00-04:00,3534.78,40.91,1353.98
2025-09-02 18:00:00-04:00,3529.55,40.86,1353.98
2025-09-02 19:00:00-04:00,3530.23,40.88,1353.98
2025-09-02 20:00:00-04:00,3536.24,40.78,1353.98
2025-09-02 21:00:00-04:00,3538.91,40.8,1353.98
2025-09-02 22:00:00-04:00,3531.86,40.68,1353.98
2025-09-02 23:00:00-04:00,3530.9,40.69,1353.98
2025-09-03 00:00:00-04:00,3536.94,40.73,1353.98
2025-09-03 01:00:00-04:00,3529.93,40.67,1353.98
2025-09-03 02:00:00-04:00,3535.32,40.82,1353.98
2025-09-03 03:00:00-04:00,3534.01,40.77,1353.98
2025-09-03 04:00:00-04:00,3540.14,40.8,1353.98
2025-09-03 05:00:00-04:00,3534.41,40.82,1353.98
2025-09-03 06:00:00-04:00,3540.13,40.87,1353.98
2025-09-03 07:00:00-04:00,3547.64,40.89,1353.98
2025-09-03 08:00:00-04:00,3550.67,40.97,1353.98
2025-09-03 09:00:00-04:00,3553.85,41.05,1353.98
2025-09-03 10:00:00-04:00,3558.55,41.06,1353.98
2025-09-03 11:00:00-04:00,3563.98,41.27,1353.98
2025-09-03 12:00:00-04:00,3572.49,41.3,1353.98
2025-09-03 13:00:00-04:00,3574.53,41.3,1353.98
2025-09-03 14:00:00-04:00,3570.53,41.17,1353.98
2025-09-03 15:00:00-04:00,3563.91,41.13,1353.98
2025-09-03 16:00:00-04:00,3559.3,41.19,1353.98
2025-09-03 18:00:00-04:00,3562.02,41.05,1353.98
2025-09-03 19:00:00-04:00,3560.51,41.07,1353.98
2025-09-03 20:00:00-04:00,3561.68,41.19,1353.98
2025-09-03 21:00:00-04:00,3546.32,40.88,1353.98
2025-09-03 22:00:00-04:00,3530.94,40.68,1353.98
2025-09-03 23:00:00-04:00,3529.15,40.73,1353.98
2025-09-04 00:00:00-04:00,3533.15,40.76,1353.98
2025-09-04 01:00:00-04:00,3527.49,40.82,1353.98
2025-09-04 02:00:00-04:00,3536.14,40.86,1353.98
2025-09-04 03:00:00-04:00,3541.16,40.92,1353.98
2025-09-04 04:00:00-04:00,3541.29,40.94,1353.98
2025-09-04 05:00:00-04:00,3538.82,40.93,1353.98
2025-09-04 06:00:00-04:00,3540.94,40.96,1353.98
2025-09-04 07:00:00-04:00,3545.71,40.9,1353.98
2025-09-04 08:00:00-04:00,3548.47,40.91,1353.98
2025-09-04 09:00:00-04:00,3547.14,40.63,1353.98
2025-09-04 10:00:00-04:00,3545.97,40.66,1353.98
2025-09-04 11:00:00-04:00,3552.99,40.74,1353.98
2025-09-04 12:00:00-04:00,3552.57,40.77,1353.98
2025-09-04 13:00:00-04:00,3542.94,40.5,1353.98
2025-09-04 14:00:00-04:00,3546.4,40.6,1353.98
2025-09-04 15:00:00-04:00,3549.92,40.7,1353.98
2025-09-04 16:00:00-04:00,3547.03,40.67,1353.98
2025-09-04 18:00:00-04:00,3541.09,40.61,1353.98
2025-09-04 19:00:00-04:00,3552.76,40.74,1353.98
2025-09-04 20:00:00-04:00,3552.2,40.76,1353.98
2025-09-04 21:00:00-04:00,3552.61,40.79,1353.98
2025-09-04 22:00:00-04:00,3550.83,40.85,1353.98
2025-09-04 23:00:00-04:00,3558.49,40.86,1353.98
2025-09-05 00:00:00-04:00,3558.45,40.87,1353.98
2025-09-05 01:00:00-04:00,3557.91,40.92,1353.98
2025-09-05 02:00:00-04:00,3552.7,40.88,1353.98
2025-09-05 03:00:00-04:00,3548.23,40.8,1353.98
2025-09-05 04:00:00-04:00,3546.13,40.78,1353.98
2025-09-05 05:00:00-04:00,3552.44,40.8,1353.98
2025-09-05 06:00:00-04:00,3551.89,40.74,1353.98
2025-09-05 07:00:00-04:00,3553.29,40.78,1353.98
2025-09-05 08:00:00-04:00,3580.36,41.26,1353.98
2025-09-05 09:00:00-04:00,3594.49,41.32,1353.98
2025-09-05 10:00:00-04:00,3590.26,40.96,1353.98
2025-09-05 11:00:00-04:00,3592.03,41.02,1353.98
2025-09-05 12:00:00-04:00,3595.22,40.99,1353.98
2025-09-05 13:00:00-04:00,3596.48,41.0,1353.98
2025-09-05 14:00:00-04:00,3595.66,40.98,1353.98
2025-09-05 15:00:00-04:00,3594.77,40.99,1353.98
2025-09-05 16:00:00-04:00,3592.5,40.96,1353.98
2025-09-07 18:00:00-04:00,3592.36,40.88,1353.98
2025-09-07 19:00:00-04:00,3591.23,40.87,1353.98
2025-09-07 20:00:00-04:00,3594.3,40.93,1353.98
2025-09-07 21:00:00-04:00,3589.62,40.78,1353.98
2025-09-07 22:00:00-04:00,3590.67,40.73,1353.98
2025-09-07 23:00:00-04:00,3583.63,40.62,1353.98
2025-09-08 00:00:00-04:00,3581.66,40.58,1353.98
2025-09-08 01:00:00-04:00,3591.27,40.82,1353.98
2025-09-08 02:00:00-04:00,3598.2,41.0,1353.98
2025-09-08 03:00:00-04:00,3609.59,41.07,1353.98
2025-09-08 04:00:00-04:00,3611.27,41.17,1353.98
2025-09-08 05:00:00-04:00,3613.89,41.2,1353.98
2025-09-08 06:00:00-04:00,3617.06,41.18,1353.98
2025-09-08 07:00:00-04:00,3620.02,41.29,1353.98
2025-09-08 08:00:00-04:00,3624.26,41.32,1353.98
2025-09-08 09:00:00-04:00,3633.46,41.43,1353.98
2025-09-08 10:00:00-04:00,3640.77,41.57,1353.98
2025-09-08 11:00:00-04:00,3639.36,41.45,1353.98
2025-09-08 12:00:00-04:00,3640.81,41.3,1353.98
2025-09-08 13:00:00-04:00,3633.52,41.25,1353.98
2025-09-08 14:00:00-04:00,3636.06,41.37,1353.98
2025-09-08 15:00:00-04:00,3636.65,41.31,1353.98
2025-09-08 16:00:00-04:00,3635.7,41.34,1353.98
2025-09-08 18:00:00-04:00,3629.56,41.33,1353.98
2025-09-08 19:00:00-04:00,3634.98,41.32,1353.98
2025-09-08 20:00:00-04:00,3638.62,41.37,1353.98
2025-09-08 21:00:00-04:00,3646.51,41.38,1353.98
2025-09-08 22:00:00-04:00,3647.69,41.39,1353.98
2025-09-08 23:00:00-04:00,3646.06,41.31,1353.98
2025-09-09 00:00:00-04:00,3654.91,41.37,1353.98
2025-09-09 01:00:00-04:00,3655.39,41.42,1353.98
2025-09-09 02:00:00-04:00,3647.67,41.33,1353.98
2025-09-09 03:00:00-04:00,3644.4,41.36,1353.98
2025-09-09 04:00:00-04:00,3648.27,41.23,1353.98
2025-09-09 05:00:00-04:00,3653.7,41.3,1353.98
2025-09-09 06:00:00-04:00,3651.97,41.22,1353.98
2025-09-09 07:00:00-04:00,3648.1,41.21,1353.98
2025-09-09 08:00:00-04:00,3647.58,41.06,1353.98
2025-09-09 09:00:00-04:00,3666.17,41.25,1353.98
2025-09-09 10:00:00-04:00,3645.11,40.97,1353.98
2025-09-09 11:00:00-04:00,3645.69,40.9,1353.98
2025-09-09 12:00:00-04:00,3645.12,40.86,1353.98
2025-09-09 13:00:00-04:00,3642.8,40.84,1353.98
2025-09-09 14:00:00-04:00,3640.51,40.97,1353.98
2025-09-09 15:00:00-04:00,3629.4,40.93,1353.98
2025-09-09 16:00:00-04:00,3627.24,40.88,1353.98
2025-09-09 18:00:00-04:00,3635.52,40.88,1353.98
2025-09-09 19:00:00-04:00,3633.59,40.89,1353.98
2025-09-09 20:00:00-04:00,3624.01,40.77,1353.98
2025-09-09 21:00:00-04:00,3630.85,40.98,1353.98
2025-09-09 22:00:00-04:00,3636.44,41.01,1353.98
2025-09-09 23:00:00-04:00,3636.53,41.04,1353.98
2025-09-10 00:00:00-04:00,3643.0,41.08,1353.98
2025-09-10 01:00:00-04:00,3643.05,41.07,1353.98
2025-09-10 02:00:00-04:00,3643.81,41.07,1353.98
2025-09-10 03:00:00-04:00,3644.1,41.16,1353.98
2025-09-10 04:00:00-04:00,3645.95,41.11,1353.98
2025-09-10 05:00:00-04:00,3655.07,41.22,1353.98
2025-09-10 06:00:00-04:00,3655.36,41.19,1353.98
2025-09-10 07:00:00-04:00,3649.37,41.11,1353.98
2025-09-10 08:00:00-04:00,3644.12,41.04,1353.98
2025-09-10 09:00:00-04:00,3651.31,41.2,1353.98
2025-09-10 10:00:00-04:00,3647.73,41.19,1353.98
2025-09-10 11:00:00-04:00,3644.53,41.18,1353.98
2025-09-10 12:00:00-04:00,3642.91,41.15,1353.98
2025-09-10 13:00:00-04:00,3647.53,41.19,1353.98
2025-09-10 14:00:00-04:00,3645.43,41.14,1353.98
2025-09-10 15:00:00-04:00,3642.03,41.19,1353.98
2025-09-10 16:00:00-04:00,3640.49,41.16,1353.98
2025-09-10 18:00:00-04:00,3639.88,41.16,1353.98
2025-09-10 19:00:00-04:00,3644.94,41.2,1353.98
2025-09-10 20:00:00-04:00,3644.0,41.15,1353.98
2025-09-10 21:00:00-04:00,3641.14,41.2,1353.98
2025-09-10 22:00:00-04:00,3637.51,41.12,1353.98
2025-09-10 23:00:00-04:00,3631.99,41.09,1353.98
2025-09-11 00:00:00-04:00,3630.76,41.05,1353.98
2025-09-11 01:00:00-04:00,3625.26,40.94,1353.98
2025-09-11 02:00:00-04:00,3633.37,41.11,1353.98
2025-09-11 03:00:00-04:00,3629.89,41.11,1353.98
2025-09-11 04:00:00-04:00,3626.31,41.05,1353.98
2025-09-11 05:00:00-04:00,3621.93,41.01,1353.98
2025-09-11 06:00:00-04:00,3621.88,41.04,1353.98
2025-09-11 07:00:00-04:00,3616.91,41.03,1353.98
2025-09-11 08:00:00-04:00,3629.11,41.07,1353.98
2025-09-11 09:00:00-04:00,3630.32,41.34,1353.98
2025-09-11 10:00:00-04:00,3629.66,41.33,1353.98
2025-09-11 11:00:00-04:00,3633.25,41.54,1353.98
2025-09-11 12:00:00-04:00,3636.28,41.65,1353.98
2025-09-11 13:00:00-04:00,3635.13,41.65,1353.98
2025-09-11 14:00:00-04:00,3632.4,41.51,1353.98
2025-09-11 15:00:00-04:00,3637.07,41.62,1353.98
2025-09-11 16:00:00-04:00,3634.07,41.56,1353.98
2025-09-11 18:00:00-04:00,3634.94,41.55,1353.98
2025-09-11 19:00:00-04:00,3631.86,41.52,1353.98
2025-09-11 20:00:00-04:00,3636.68,41.46,1353.98
2025-09-11 21:00:00-04:00,3646.41,42.02,1353.98
2025-09-11 22:00:00-04:00,3649.07,41.87,1353.98
2025-09-11 23:00:00-04:00,3652.97,42.06,1353.98
2025-09-12 00:00:00-04:00,3654.95,42.09,1353.98
2025-09-12 01:00:00-04:00,3653.16,42.11,1353.98
2025-09-12 02:00:00-04:00,3650.61,42.05,1353.98
2025-09-12 03:00:00-04:00,3648.41,42.16,1353.98
2025-09-12 04:00:00-04:00,3641.1,42.25,1353.98
2025-09-12 05:00:00-04:00,3646.51,42.35,1353.98
2025-09-12 06:00:00-04:00,3651.18,42.28,1353.98
2025-09-12 07:00:00-04:00,3647.09,42.23,1353.98
2025-09-12 08:00:00-04:00,3645.42,41.99,1353.98
2025-09-12 09:00:00-04:00,3650.53,42.23,1353.98
2025-09-12 10:00:00-04:00,3648.16,42.21,1353.98
2025-09-12 11:00:00-04:00,3644.58,42.18,1353.98
2025-09-12 12:00:00-04:00,3649.22,42.26,1353.98
2025-09-12 13:00:00-04:00,3648.82,42.3,1353.98
2025-09-12 14:00:00-04:00,3648.48,42.26,1353.98
2025-09-12 15:00:00-04:00,3644.25,42.21,1353.98
2025-09-12 16:00:00-04:00,3643.1,42.2,1353.98
2025-09-14 18:00:00-04:00,3642.16,42.16,1353.98
2025-09-14 19:00:00-04:00,3638.21,42.1,1353.98
2025-09-14 20:00:00-04:00,3633.49,42.17,1353.98
2025-09-14 21:00:00-04:00,3634.54,42.13,1353.98
2025-09-14 22:00:00-04:00,3640.97,42.15,1353.98
2025-09-14 23:00:00-04:00,3646.16,42.3,1353.98
2025-09-15 00:00:00-04:00,3645.68,42.29,1353.98
2025-09-15 01:00:00-04:00,3643.72,42.22,1353.98
2025-09-15 02:00:00-04:00,3636.76,42.15,1353.98
2025-09-15 03:00:00-04:00,3643.9,42.23,1353.98
2025-09-15 04:00:00-04:00,3645.51,42.21,1353.98
2025-09-15 05:00:00-04:00,3641.31,42.18,1353.98
2025-09-15 06:00:00-04:00,3640.04,42.19,1353.98
2025-09-15 07:00:00-04:00,3642.62,42.2,1353.98
2025-09-15 08:00:00-04:00,3650.38,42.18,1353.98
2025-09-15 09:00:00-04:00,3657.2,42.2,1353.98
2025-09-15 10:00:00-04:00,3663.57,42.45,1353.98
2025-09-15 11:00:00-04:00,3680.61,42.6,1353.98
2025-09-15 12:00:00-04:00,3679.24,42.49,1353.98
2025-09-15 13:00:00-04:00,3681.84,42.63,1353.98
2025-09-15 14:00:00-04:00,3676.98,42.63,1353.98
2025-09-15 15:00:00-04:00,3681.11,42.69,1353.98
2025-09-15 16:00:00-04:00,3679.38,42.69,1353.98
2025-09-15 18:00:00-04:00,3678.69,42.61,1353.98
2025-09-15 19:00:00-04:00,3677.05,42.62,1353.98
2025-09-15 20:00:00-04:00,3686.51,42.7,1353.98
2025-09-15 21:00:00-04:00,3679.36,42.7,1353.98
2025-09-15 22:00:00-04:00,3677.74,42.38,1353.98
2025-09-15 23:00:00-04:00,3681.12,42.58,1353.98
2025-09-16 00:00:00-04:00,3684.34,42.66,1353.98
2025-09-16 01:00:00-04:00,3682.8,42.67,1353.98
2025-09-16 02:00:00-04:00,3693.47,42.75,1353.98
2025-09-16 03:00:00-04:00,3686.56,42.74,1353.98
2025-09-16 04:00:00-04:00,3694.38,42.69,1353.98
2025-09-16 05:00:00-04:00,3698.34,42.72,1353.98
2025-09-16 06:00:00-04:00,3693.26,42.69,1353.98
2025-09-16 07:00:00-04:00,3697.21,42.82,1353.98
2025-09-16 08:00:00-04:00,3689.44,42.83,1353.98
2025-09-16 09:00:00-04:00,3695.77,42.81,1353.98
2025-09-16 10:00:00-04:00,3686.44,42.62,1353.98
2025-09-16 11:00:00-04:00,3686.36,42.43,1353.98
2025-09-16 12:00:00-04:00,3689.81,42.58,1353.98
2025-09-16 13:00:00-04:00,3687.78,42.49,1353.98
2025-09-16 14:00:00-04:00,3690.75,42.53,1353.98
2025-09-16 15:00:00-04:00,3689.73,42.53,1353.98
2025-09-16 16:00:00-04:00,3691.79,42.58,1353.98
2025-09-16 18:00:00-04:00,3691.87,42.63,1353.98
2025-09-16 19:00:00-04:00,3694.57,42.63,1353.98
2025-09-16 20:00:00-04:00,3691.33,42.54,1353.98
2025-09-16 21:00:00-04:00,3679.57,42.13,1353.98
2025-09-16 22:00:00-04:00,3682.19,41.97,1353.98
2025-09-16 23:00:00-04:00,3681.77,42.01,1353.98
2025-09-17 00:00:00-04:00,3680.8,42.0,1353.98
2025-09-17 01:00:00-04:00,3679.31,42.0,1353.98
2025-09-17 02:00:00-04:00,3675.14,41.9,1353.98
2025-09-17 03:00:00-04:00,3667.19,41.77,1353.98
2025-09-17 04:00:00-04:00,3664.86,41.61,1353.98
2025-09-17 05:00:00-04:00,3667.85,41.57,1353.98
2025-09-17 06:00:00-04:00,3661.52,41.3,1353.98
2025-09-17 07:00:00-04:00,3665.97,41.59,1353.98
2025-09-17 08:00:00-04:00,3678.76,41.9,1353.98
2025-09-17 09:00:00-04:00,3678.84,42.03,1353.98
2025-09-17 10:00:00-04:00,3684.35,42.07,1353.98
2025-09-17 11:00:00-04:00,3684.3,42.05,1353.98
2025-09-17 12:00:00-04:00,3684.8,41.95,1353.98
2025-09-17 13:00:00-04:00,3687.03,41.94,1353.98
2025-09-17 14:00:00-04:00,3650.43,41.39,1353.98
2025-09-17 15:00:00-04:00,3661.87,41.64,1353.98
2025-09-17 16:00:00-04:00,3660.0,41.68,1353.98
2025-09-17 18:00:00-04:00,3663.07,41.73,1353.98
2025-09-17 19:00:00-04:00,3669.26,41.82,1353.98
2025-09-17 20:00:00-04:00,3665.38,41.75,1353.98
2025-09-17 21:00:00-04:00,3657.12,41.57,1353.98
2025-09-17 22:00:00-04:00,3664.85,41.69,1353.98
2025-09-17 23:00:00-04:00,3658.54,41.49,1353.98
2025-09-18 00:00:00-04:00,3653.77,41.37,1353.98
2025-09-18 01:00:00-04:00,3651.64,41.34,1353.98
2025-09-18 02:00:00-04:00,3637.53,41.42,1353.98
2025-09-18 03:00:00-04:00,3659.01,41.73,1353.98
2025-09-18 04:00:00-04:00,3665.53,41.83,1353.98
2025-09-18 05:00:00-04:00,3671.73,41.92,1353.98
2025-09-18 06:00:00-04:00,3667.15,41.85,1353.98
2025-09-18 07:00:00-04:00,3667.17,41.83,1353.98
2025-09-18 08:00:00-04:00,3663.44,41.85,1353.98
2025-09-18 09:00:00-04:00,3642.24,41.68,1353.98
2025-09-18 10:00:00-04:00,3638.49,41.6,1353.98
2025-09-18 11:00:00-04:00,3641.41,41.74,1353.98
2025-09-18 12:00:00-04:00,3646.39,41.82,1353.98
2025-09-18 13:00:00-04:00,3643.64,41.8,1353.98
2025-09-18 14:00:00-04:00,3641.47,41.82,1353.98
2025-09-18 15:00:00-04:00,3646.85,41.84,1353.98
2025-09-18 16:00:00-04:00,3644.01,41.82,1353.98
2025-09-18 18:00:00-04:00,3640.35,41.77,1353.98
2025-09-18 19:00:00-04:00,3640.29,41.72,1353.98
2025-09-18 20:00:00-04:00,3640.17,41.7,1353.98
2025-09-18 21:00:00-04:00,3639.93,41.75,1353.98
2025-09-18 22:00:00-04:00,3647.45,42.03,1353.98
2025-09-18 23:00:00-04:00,3653.47,42.28,1353.98
2025-09-19 00:00:00-04:00,3658.97,42.35,1353.98
2025-09-19 01:00:00-04:00,3652.6,42.21,1353.98
2025-09-19 02:00:00-04:00,3647.03,42.1,1353.98
2025-09-19 03:00:00-04:00,3653.91,42.12,1353.98
2025-09-19 04:00:00-04:00,3655.72,42.25,1353.98
2025-09-19 05:00:00-04:00,3658.65,42.25,1353.98
2025-09-19 06:00:00-04:00,3655.99,42.25,1353.98
2025-09-19 07:00:00-04:00,3648.5,42.09,1353.98
2025-09-19 08:00:00-04:00,3649.32,42.07,1353.98
2025-09-19 09:00:00-04:00,3663.39,42.32,1353.98
2025-09-19 10:00:00-04:00,3667.08,42.62,1353.98
2025-09-19 11:00:00-04:00,3670.9,42.73,1353.98
2025-09-19 12:00:00-04:00,3668.43,42.69,1353.98
2025-09-19 13:00:00-04:00,3678.76,42.91,1353.98
2025-09-19 14:00:00-04:00,3683.77,43.02,1353.98
2025-09-19 15:00:00-04:00,3684.47,42.99,1353.98
2025-09-19 16:00:00-04:00,3684.75,43.08,1353.98
2025-09-21 18:00:00-04:00,3688.4,43.1,1353.98
2025-09-21 19:00:00-04:00,3686.27,43.11,1353.98
2025-09-21 20:00:00-04:00,3690.91,43.18,1353.98
2025-09-21 21:00:00-04:00,3689.24,43.16,1353.98
2025-09-21 22:00:00-04:00,3686.43,43.25,1353.98
2025-09-21 23:00:00-04:00,3695.53,43.55,1353.98
2025-09-22 00:00:00-04:00,3692.23,43.54,1353.98
2025-09-22 01:00:00-04:00,3697.14,43.63,1353.98
2025-09-22 02:00:00-04:00,3714.49,43.74,1353.98
2025-09-22 03:00:00-04:00,3713.26,43.59,1353.98
2025-09-22 04:00:00-04:00,3720.41,43.7,1353.98
2025-09-22 05:00:00-04:00,3723.32,43.7,1353.98
2025-09-22 06:00:00-04:00,3727.49,43.74,1353.98
2025-09-22 07:00:00-04:00,3724.77,43.65,1353.98
2025-09-22 08:00:00-04:00,3721.75,43.56,1353.98
2025-09-22 09:00:00-04:00,3722.43,43.56,1353.98
2025-09-22 10:00:00-04:00,3725.9,43.74,1353.98
2025-09-22 11:00:00-04:00,3736.2,43.83,1353.98
2025-09-22 12:00:00-04:00,3737.15,43.9,1353.98
2025-09-22 13:00:00-04:00,3746.77,44.06,1353.98
2025-09-22 14:00:00-04:00,3747.7,44.09,1353.98
2025-09-22 15:00:00-04:00,3747.78,44.09,1353.98
2025-09-22 16:00:00-04:00,3747.24,44.06,1353.98
2025-09-22 18:00:00-04:00,3740.09,43.99,1353.98
2025-09-22 19:00:00-04:00,3747.93,44.02,1353.98
2025-09-22 20:00:00-04:00,3747.32,43.89,1353.98
2025-09-22 21:00:00-04:00,3754.66,43.9,1353.98
2025-09-22 22:00:00-04:00,3741.9,43.79,1353.98
2025-09-22 23:00:00-04:00,3746.65,43.83,1353.98
2025-09-23 00:00:00-04:00,3744.8,43.94,1353.98
2025-09-23 01:00:00-04:00,3753.24,43.82,1353.98
2025-09-23 02:00:00-04:00,3753.97,43.81,1353.98
2025-09-23 03:00:00-04:00,3753.43,43.87,1353.98
2025-09-23 04:00:00-04:00,3774.41,44.11,1353.98
2025-09-23 05:00:00-04:00,3784.92,44.23,1353.98
2025-09-23 06:00:00-04:00,3783.05,44.33,1353.98
2025-09-23 07:00:00-04:00,3783.62,44.35,1353.98
2025-09-23 08:00:00-04:00,3784.4,44.44,1353.98
2025-09-23 09:00:00-04:00,3783.94,44.4,1353.98
2025-09-23 10:00:00-04:00,3774.1,44.3,1353.98
2025-09-23 11:00:00-04:00,3779.42,44.33,1353.98
2025-09-23 12:00:00-04:00,3779.24,44.26,1353.98
2025-09-23 13:00:00-04:00,3777.5,44.21,1353.98
2025-09-23 14:00:00-04:00,3756.85,44.01,1353.98
2025-09-23 15:00:00-04:00,3764.42,44.02,1353.98
2025-09-23 16:00:00-04:00,3764.18,44.04,1353.98
2025-09-23 18:00:00-04:00,3765.6,44.14,1353.98
2025-09-23 19:00:00-04:00,3763.93,43.95,1353.98
2025-09-23 20:00:00-04:00,3765.28,44.03,1353.98
2025-09-23 21:00:00-04:00,3756.6,43.81,1353.98
2025-09-23 22:00:00-04:00,3757.05,43.93,1353.98
2025-09-23 23:00:00-04:00,3765.54,44.1,1353.98
2025-09-24 00:00:00-04:00,3768.28,44.15,1353.98
2025-09-24 01:00:00-04:00,3775.01,44.26,1353.98
2025-09-24 02:00:00-04:00,3771.22,44.1,1353.98
2025-09-24 03:00:00-04:00,3777.44,44.27,1353.98
2025-09-24 04:00:00-04:00,3770.16,44.13,1353.98
2025-09-24 05:00:00-04:00,3768.59,44.16,1353.98
2025-09-24 06:00:00-04:00,3762.16,43.88,1353.98
2025-09-24 07:00:00-04:00,3769.05,44.03,1353.98
2025-09-24 08:00:00-04:00,3768.12,44.1,1353.98
2025-09-24 09:00:00-04:00,3761.39,44.1,1353.98
2025-09-24 10:00:00-04:00,3752.74,43.97,1353.98
2025-09-24 11:00:00-04:00,3741.15,43.84,1353.98
2025-09-24 12:00:00-04:00,3735.8,43.89,1353.98
2025-09-24 13:00:00-04:00,3733.21,43.85,1353.98
2025-09-24 14:00:00-04:00,3724.3,43.78,1353.98
2025-09-24 15:00:00-04:00,3730.14,43.87,1353.98
2025-09-24 16:00:00-04:00,3736.21,43.91,1353.98
2025-09-24 18:00:00-04:00,3741.14,43.92,1353.98
2025-09-24 19:00:00-04:00,3743.06,43.93,1353.98
2025-09-24 20:00:00-04:00,3749.1,43.96,1353.98
2025-09-24 21:00:00-04:00,3736.03,43.86,1353.98
2025-09-24 22:00:00-04:00,3739.63,43.98,1353.98
2025-09-24 23:00:00-04:00,3736.66,43.97,1353.98
2025-09-25 00:00:00-04:00,3738.2,43.95,1353.98
2025-09-25 01:00:00-04:00,3738.81,43.95,1353.98
2025-09-25 02:00:00-04:00,3741.1,43.98,1353.98
2025-09-25 03:00:00-04:00,3752.3,44.49,1353.98
2025-09-25 04:00:00-04:00,3756.48,44.8,1353.98
2025-09-25 05:00:00-04:00,3757.07,44.94,1353.98
2025-09-25 06:00:00-04:00,3757.24,45.0,1353.98
2025-09-25 07:00:00-04:00,3753.12,44.82,1353.98
2025-09-25 08:00:00-04:00,3738.85,44.55,1353.98
2025-09-25 09:00:00-04:00,3733.95,44.41,1353.98
2025-09-25 10:00:00-04:00,3731.57,44.7,1353.98
2025-09-25 11:00:00-04:00,3735.94,44.77,1353.98
2025-09-25 12:00:00-04:00,3733.83,44.8,1353.98
2025-09-25 13:00:00-04:00,3741.82,44.83,1353.98
2025-09-25 14:00:00-04:00,3755.28,45.1,1353.98
2025-09-25 15:00:00-04:00,3746.65,45.19,1353.98
2025-09-25 16:00:00-04:00,3749.78,45.21,1353.98
2025-09-25 18:00:00-04:00,3748.93,44.8,1353.98
2025-09-25 19:00:00-04:00,3744.73,44.9,1353.98
2025-09-25 20:00:00-04:00,3749.7,45.03,1353.98
2025-09-25 21:00:00-04:00,3739.07,44.89,1353.98
2025-09-25 22:00:00-04:00,3738.49,44.7,1353.98
2025-09-25 23:00:00-04:00,3745.6,44.79,1353.98
2025-09-26 00:00:00-04:00,3747.74,44.72,1353.98
2025-09-26 01:00:00-04:00,3742.1,44.74,1353.98
2025-09-26 02:00:00-04:00,3743.7,45.13,1353.98
2025-09-26 03:00:00-04:00,3748.05,45.03,1353.98
2025-09-26 04:00:00-04:00,3753.03,45.11,1353.98
2025-09-26 05:00:00-04:00,3751.57,45.1,1353.98
2025-09-26 06:00:00-04:00,3744.74,45.03,1353.98
2025-09-26 07:00:00-04:00,3748.65,45.04,1353.98
2025-09-26 08:00:00-04:00,3752.16,45.25,1353.98
2025-09-26 09:00:00-04:00,3762.11,45.54,1353.98
2025-09-26 10:00:00-04:00,3778.97,45.72,1353.98
2025-09-26 11:00:00-04:00,3780.5,46.07,1353.98
2025-09-26 12:00:00-04:00,3774.36,46.23,1353.98
2025-09-26 13:00:00-04:00,3783.0,46.6,1353.98
2025-09-26 14:00:00-04:00,3778.64,46.46,1353.98
2025-09-26 15:00:00-04:00,3766.89,46.11,1353.98
2025-09-26 16:00:00-04:00,3768.66,46.07,1353.98
2025-09-28 18:00:00-04:00,3770.52,46.34,1353.98
2025-09-28 19:00:00-04:00,3767.06,46.26,1353.98
2025-09-28 20:00:00-04:00,3787.21,46.57,1353.98
2025-09-28 21:00:00-04:00,3778.76,46.34,1353.98
2025-09-28 22:00:00-04:00,3792.91,46.5,1353.98
2025-09-28 23:00:00-04:00,3794.43,46.81,1353.98
2025-09-29 00:00:00-04:00,3805.21,46.85,1353.98
2025-09-29 01:00:00-04:00,3813.68,46.88,1353.98
2025-09-29 02:00:00-04:00,3817.48,47.01,1353.98
2025-09-29 03:00:00-04:00,3806.43,46.7,1353.98
2025-09-29 04:00:00-04:00,3818.86,46.99,1353.98
2025-09-29 05:00:00-04:00,3807.64,46.85,1353.98
2025-09-29 06:00:00-04:00,3817.94,46.95,1353.98
2025-09-29 07:00:00-04:00,3829.01,46.96,1353.98
2025-09-29 08:00:00-04:00,3813.81,46.62,1353.98
2025-09-29 09:00:00-04:00,3821.48,46.63,1353.98
2025-09-29 10:00:00-04:00,3828.25,46.99,1353.98
2025-09-29 11:00:00-04:00,3830.43,47.07,1353.98
2025-09-29 12:00:00-04:00,3830.41,47.01,1353.98
2025-09-29 13:00:00-04:00,3829.01,46.86,1353.98
2025-09-29 14:00:00-04:00,3824.57,46.78,1353.98
2025-09-29 15:00:00-04:00,3828.94,46.83,1353.98
2025-09-29 16:00:00-04:00,3833.27,46.92,1353.98
2025-09-29 18:00:00-04:00,3830.8,46.79,1353.98
2025-09-29 19:00:00-04:00,3832.91,46.82,1353.98
2025-09-29 20:00:00-04:00,3839.15,46.88,1353.98
2025-09-29 21:00:00-04:00,3848.13,47.04,1353.98
2025-09-29 22:00:00-04:00,3848.09,46.98,1353.98
2025-09-29 23:00:00-04:00,3864.76,47.03,1353.98
2025-09-30 00:00:00-04:00,3867.0,47.1,1353.98
2025-09-30 01:00:00-04:00,3869.76,47.1,1353.98
2025-09-30 02:00:00-04:00,3855.89,46.78,1353.98
2025-09-30 03:00:00-04:00,3843.82,46.75,1353.98
2025-09-30 04:00:00-04:00,3816.36,46.19,1353.98
2025-09-30 05:00:00-04:00,3798.78,45.92,1353.98
2025-09-30 06:00:00-04:00,3812.22,46.22,1353.98
2025-09-30 07:00:00-04:00,3815.36,46.2,1353.98
2025-09-30 08:00:00-04:00,3819.38,46.19,1353.98
2025-09-30 09:00:00-04:00,3824.04,46.16,1353.98
2025-09-30 10:00:00-04:00,3854.15,46.75,1353.98
2025-09-30 11:00:00-04:00,3839.05,46.29,1353.98
2025-09-30 12:00:00-04:00,3846.06,46.48,1353.98
2025-09-30 13:00:00-04:00,3844.12,46.44,1353.98
2025-09-30 14:00:00-04:00,3848.14,46.55,1353.98
2025-09-30 15:00:00-04:00,3859.16,46.67,1353.98
2025-09-30 16:00:00-04:00,3859.14,46.66,1353.98
2025-09-30 18:00:00-04:00,3860.13,46.69,1353.98
2025-09-30 19:00:00-04:00,3862.91,46.72,1353.98
2025-09-30 20:00:00-04:00,3860.72,46.7,1353.98
2025-09-30 21:00:00-04:00,3868.93,47.18,1353.98
2025-09-30 22:00:00-04:00,3863.5,47.32,1353.98
2025-09-30 23:00:00-04:00,3862.03,47.09,1353.98
2025-10-01 00:00:00-04:00,3864.92,47.11,1353.98
2025-10-01 01:00:00-04:00,3863.49,47.01,1353.98
2025-10-01 02:00:00-04:00,3859.27,46.91,1353.98
2025-10-01 03:00:00-04:00,3879.28,47.29,1353.98
2025-10-01 04:00:00-04:00,3893.05,47.38,1353.98
2025-10-01 05:00:00-04:00,3889.07,47.32,1353.98
2025-10-01 06:00:00-04:00,3887.61,47.24,1353.98
2025-10-01 07:00:00-04:00,3883.69,47.41,1353.98
2025-10-01 08:00:00-04:00,3870.45,47.23,1353.98
2025-10-01 09:00:00-04:00,3873.06,47.62,1353.98
2025-10-01 10:00:00-04:00,3873.08,47.47,1353.98
2025-10-01 11:00:00-04:00,3868.55,47.44,1353.98
2025-10-01 12:00:00-04:00,3871.05,47.58,1353.98
2025-10-01 13:00:00-04:00,3860.87,47.37,1353.98
2025-10-01 14:00:00-04:00,3862.22,47.45,1353.98
2025-10-01 15:00:00-04:00,3867.9,47.3,1353.98
2025-10-01 16:00:00-04:00,3865.08,47.32,1353.98
2025-10-01 18:00:00-04:00,3862.2,47.25,1353.98
2025-10-01 19:00:00-04:00,3863.49,47.23,1353.98
2025-10-01 20:00:00-04:00,3856.19,47.17,1353.98
2025-10-01 21:00:00-04:00,3865.05,47.31,1353.98
2025-10-01 22:00:00-04:00,3866.24,47.29,1353.98
2025-10-01 23:00:00-04:00,3866.62,47.25,1353.98
2025-10-02 00:00:00-04:00,3864.36,47.23,1353.98
2025-10-02 01:00:00-04:00,3867.89,47.47,1353.98
2025-10-02 02:00:00-04:00,3864.3,47.32,1353.98
2025-10-02 03:00:00-04:00,3868.66,47.43,1353.98
2025-10-02 04:00:00-04:00,3874.58,47.5,1353.98
2025-10-02 05:00:00-04:00,3879.14,47.49,1353.98
2025-10-02 06:00:00-04:00,3881.85,47.44,1353.98
2025-10-02 07:00:00-04:00,3886.45,47.53,1353.98
2025-10-02 08:00:00-04:00,3884.58,47.75,1353.98
2025-10-02 09:00:00-04:00,3875.28,47.48,1353.98
2025-10-02 10:00:00-04:00,3839.9,46.32,1353.98
2025-10-02 11:00:00-04:00,3828.32,46.13,1353.98
2025-10-02 12:00:00-04:00,3845.01,46.43,1353.98
2025-10-02 13:00:00-04:00,3844.37,46.59,1353.98
2025-10-02 14:00:00-04:00,3850.97,46.74,1353.98
2025-10-02 15:00:00-04:00,3855.68,46.86,1353.98
2025-10-02 16:00:00-04:00,3856.12,46.99,1353.98
2025-10-02 18:00:00-04:00,3857.22,46.93,1353.98
2025-10-02 19:00:00-04:00,3862.53,46.98,1353.98
2025-10-02 20:00:00-04:00,3857.03,46.83,1353.98
2025-10-02 21:00:00-04:00,3858.6,46.93,1353.98
2025-10-02 22:00:00-04:00,3848.24,46.83,1353.98
2025-10-02 23:00:00-04:00,3842.88,46.82,1353.98
2025-10-03 00:00:00-04:00,3844.12,46.9,1353.98
2025-10-03 01:00:00-04:00,3855.17,47.13,1353.98
2025-10-03 02:00:00-04:00,3859.28,47.27,1353.98
2025-10-03 03:00:00-04:00,3864.34,47.41,1353.98
2025-10-03 04:00:00-04:00,3864.87,47.42,1353.98
2025-10-03 05:00:00-04:00,3864.39,47.39,1353.98
2025-10-03 06:00:00-04:00,3865.77,47.55,1353.98
2025-10-03 07:00:00-04:00,3862.13,47.55,1353.98
2025-10-03 08:00:00-04:00,3873.95,47.82,1353.98
2025-10-03 09:00:00-04:00,3882.75,47.73,1353.98
2025-10-03 10:00:00-04:00,3879.73,47.92,1353.98
2025-10-03 11:00:00-04:00,3889.56,48.31,1353.98
2025-10-03 12:00:00-04:00,3883.8,48.04,1353.98
2025-10-03 13:00:00-04:00,3881.95,47.85,1353.98
2025-10-03 14:00:00-04:00,3886.15,48.04,1353.98
2025-10-03 15:00:00-04:00,3885.77,47.98,1353.98
2025-10-03 16:00:00-04:00,3886.55,47.99,1353.98
2025-10-05 18:00:00-04:00,3899.02,48.17,1353.98
2025-10-05 19:00:00-04:00,3909.57,48.24,1353.98
2025-10-05 20:00:00-04:00,3900.48,48.12,1353.98
2025-10-05 21:00:00-04:00,3918.03,48.35,1353.98
2025-10-05 22:00:00-04:00,3921.08,48.28,1353.98
2025-10-05 23:00:00-04:00,3929.66,48.55,1353.98
2025-10-06 00:00:00-04:00,3938.84,48.61,1353.98
2025-10-06 01:00:00-04:00,3932.58,48.52,1353.98
2025-10-06 02:00:00-04:00,3934.43,48.62,1353.98
2025-10-06 03:00:00-04:00,3941.68,48.68,1353.98
2025-10-06 04:00:00-04:00,3942.51,48.68,1353.98
2025-10-06 05:00:00-04:00,3942.39,48.62,1353.98
2025-10-06 06:00:00-04:00,3942.41,48.55,1353.98
2025-10-06 07:00:00-04:00,3938.38,48.41,1353.98
2025-10-06 08:00:00-04:00,3934.35,48.28,1353.98
2025-10-06 09:00:00-04:00,3944.78,48.62,1353.98
2025-10-06 10:00:00-04:00,3955.14,48.66,1353.98
2025-10-06 11:00:00-04:00,3962.57,48.71,1353.98
2025-10-06 12:00:00-04:00,3954.15,48.58,1353.98
2025-10-06 13:00:00-04:00,3957.93,48.65,1353.98
2025-10-06 14:00:00-04:00,3958.45,48.68,1353.98
2025-10-06 15:00:00-04:00,3959.51,48.55,1353.98
2025-10-06 16:00:00-04:00,3962.55,48.56,1353.98
2025-10-06 18:00:00-04:00,3963.47,48.46,1353.98
2025-10-06 19:00:00-04:00,3969.57,48.49,1353.98
2025-10-06 20:00:00-04:00,3962.85,48.35,1353.98
2025-10-06 21:00:00-04:00,3958.18,48.34,1353.98
2025-10-06 22:00:00-04:00,3964.91,48.54,1353.98
2025-10-06 23:00:00-04:00,3973.45,48.51,1353.98
2025-10-07 00:00:00-04:00,3975.99,48.6,1353.98
2025-10-07 01:00:00-04:00,3964.77,48.61,1353.98
2025-10-07 02:00:00-04:00,3955.18,48.49,1353.98
2025-10-07 03:00:00-04:00,3945.97,48.01,1353.98
2025-10-07 04:00:00-04:00,3951.42,48.19,1353.98
2025-10-07 05:00:00-04:00,3955.28,48.34,1353.98
2025-10-07 06:00:00-04:00,3960.18,48.45,1353.98
2025-10-07 07:00:00-04:00,3967.07,48.59,1353.98
2025-10-07 08:00:00-04:00,3979.47,48.54,1353.98
2025-10-07 09:00:00-04:00,3979.32,48.32,1353.98
2025-10-07 10:00:00-04:00,3985.64,48.18,1353.98
2025-10-07 11:00:00-04:00,3966.17,47.64,1353.98
2025-10-07 12:00:00-04:00,3976.78,47.53,1353.98
2025-10-07 13:00:00-04:00,3981.03,47.63,1353.98
2025-10-07 14:00:00-04:00,3981.09,47.7,1353.98
2025-10-07 15:00:00-04:00,3980.21,47.76,1353.98
2025-10-07 16:00:00-04:00,3985.79,47.83,1353.98
2025-10-07 18:00:00-04:00,3989.49,47.88,1353.98
2025-10-07 19:00:00-04:00,3994.47,47.93,1353.98
2025-10-07 20:00:00-04:00,3992.49,47.9,1353.98
2025-10-07 21:00:00-04:00,4000.78,47.89,1353.98
2025-10-07 22:00:00-04:00,4011.46,48.46,1353.98
2025-10-07 23:00:00-04:00,4014.79,48.36,1353.98
2025-10-08 00:00:00-04:00,4026.82,48.51,1353.98
2025-10-08 01:00:00-04:00,4029.18,48.68,1353.98
2025-10-08 02:00:00-04:00,4031.65,48.64,1353.98
2025-10-08 03:00:00-04:00,4034.21,48.81,1353.98
2025-10-08 04:00:00-04:00,4036.37,48.75,1353.98
2025-10-08 05:00:00-04:00,4049.32,48.97,1353.98
2025-10-08 06:00:00-04:00,4037.15,48.96,1353.98
2025-10-08 07:00:00-04:00,4038.16,48.99,1353.98
2025-10-08 08:00:00-04:00,4040.13,49.02,1353.98
2025-10-08 09:00:00-04:00,4038.19,49.03,1353.98
2025-10-08 10:00:00-04:00,4048.22,49.21,1353.98
2025-10-08 11:00:00-04:00,4045.68,49.42,1353.98
2025-10-08 12:00:00-04:00,4056.62,49.36,1353.98
2025-10-08 13:00:00-04:00,4051.34,49.46,1353.98
2025-10-08 14:00:00-04:00,4049.98,49.29,1353.98
2025-10-08 15:00:00-04:00,4045.02,49.07,1353.98
2025-10-08 16:00:00-04:00,4042.59,48.86,1353.98
2025-10-08 18:00:00-04:00,4021.44,48.99,1353.98
2025-10-08 19:00:00-04:00,4011.83,48.78,1353.98
2025-10-08 20:00:00-04:00,4023.07,48.79,1353.98
2025-10-08 21:00:00-04:00,4019.86,48.72,1353.98
2025-10-08 22:00:00-04:00,4018.73,48.78,1353.98
2025-10-08 23:00:00-04:00,4026.84,48.88,1353.98
2025-10-09 00:00:00-04:00,4039.04,49.08,1353.98
2025-10-09 01:00:00-04:00,4039.81,49.21,1353.98
2025-10-09 02:00:00-04:00,4026.08,48.92,1353.98
2025-10-09 03:00:00-04:00,4031.55,49.08,1353.98
2025-10-09 04:00:00-04:00,4038.3,49.32,1353.98
2025-10-09 05:00:00-04:00,4037.53,49.67,1353.98
2025-10-09 06:00:00-04:00,4044.3,49.68,1353.98
2025-10-09 07:00:00-04:00,4044.49,49.73,1353.98
2025-10-09 08:00:00-04:00,4053.53,50.7,1353.98
2025-10-09 09:00:00-04:00,4017.29,49.96,1353.98
2025-10-09 10:00:00-04:00,4024.19,50.58,1353.98
2025-10-09 11:00:00-04:00,4014.53,50.25,1353.98
2025-10-09 12:00:00-04:00,3968.97,48.87,1353.98
2025-10-09 13:00:00-04:00,3950.26,48.83,1353.98
2025-10-09 14:00:00-04:00,3957.26,48.64,1353.98
2025-10-09 15:00:00-04:00,3973.24,49.28,1353.98
2025-10-09 16:00:00-04:00,3975.05,49.33,1353.98
2025-10-09 18:00:00-04:00,3975.41,48.94,1353.98
2025-10-09 19:00:00-04:00,3989.98,49.15,1353.98
2025-10-09 20:00:00-04:00,3991.17,49.75,1353.98
2025-10-09 21:00:00-04:00,3973.32,49.66,1353.98
2025-10-09 22:00:00-04:00,3978.58,49.53,1353.98
2025-10-09 23:00:00-04:00,3962.11,49.22,1353.98
2025-10-10 00:00:00-04:00,3966.39,49.42,1353.98
2025-10-10 01:00:00-04:00,3974.93,49.87,1353.98
2025-10-10 02:00:00-04:00,3968.39,49.94,1353.98
2025-10-10 03:00:00-04:00,3972.1,50.53,1353.98
2025-10-10 04:00:00-04:00,3992.14,50.96,1353.98
2025-10-10 05:00:00-04:00,3995.82,50.06,1353.98
2025-10-10 06:00:00-04:00,3993.88,50.31,1353.98
2025-10-10 07:00:00-04:00,3987.22,50.04,1353.98
2025-10-10 08:00:00-04:00,3985.7,49.95,1353.98
2025-10-10 09:00:00-04:00,3980.45,49.92,1353.98
2025-10-10 10:00:00-04:00,3990.15,50.55,1353.98
2025-10-10 11:00:00-04:00,3998.07,49.98,1353.98
2025-10-10 12:00:00-04:00,3983.49,49.92,1353.98
2025-10-10 13:00:00-04:00,3990.07,50.1,1353.98
2025-10-10 14:00:00-04:00,3999.23,49.93,1353.98
2025-10-10 15:00:00-04:00,4011.22,50.02,1353.98
2025-10-10 16:00:00-04:00,4013.25,50.28,1353.98
2025-10-12 18:00:00-04:00,4042.53,50.45,1353.98
2025-10-12 19:00:00-04:00,4035.21,50.43,1353.98
2025-10-12 20:00:00-04:00,4044.01,50.46,1353.98
2025-10-12 21:00:00-04:00,4053.16,50.82,1353.98
2025-10-12 22:00:00-04:00,4048.17,50.87,1353.98
2025-10-12 23:00:00-04:00,4052.0,51.29,1353.98
2025-10-13 00:00:00-04:00,4056.4,51.49,1353.98
2025-10-13 01:00:00-04:00,4063.77,51.64,1353.98
2025-10-13 02:00:00-04:00,4069.54,51.59,1353.98
2025-10-13 03:00:00-04:00,4071.26,51.54,1353.98
2025-10-13 04:00:00-04:00,4077.88,51.46,1353.98
2025-10-13 05:00:00-04:00,4077.45,51.26,1353.98
2025-10-13 06:00:00-04:00,4080.99,51.1,1353.98
2025-10-13 07:00:00-04:00,4074.12,51.5,1353.98
2025-10-13 08:00:00-04:00,4079.69,51.65,1353.98
2025-10-13 09:00:00-04:00,4094.19,51.92,1353.98
2025-10-13 10:00:00-04:00,4097.45,51.95,1353.98
2025-10-13 11:00:00-04:00,4104.97,51.62,1353.98
2025-10-13 12:00:00-04:00,4105.84,51.99,1353.98
2025-10-13 13:00:00-04:00,4104.22,51.96,1353.98
2025-10-13 14:00:00-04:00,4101.77,52.09,1353.98
2025-10-13 15:00:00-04:00,4108.64,52.16,1353.98
2025-10-13 16:00:00-04:00,4110.96,52.37,1353.98
2025-10-13 18:00:00-04:00,4115.1,52.47,1353.98
2025-10-13 19:00:00-04:00,4128.11,52.49,1353.98
2025-10-13 20:00:00-04:00,4124.45,52.55,1353.98
2025-10-13 21:00:00-04:00,4137.27,52.82,1353.98
2025-10-13 22:00:00-04:00,4146.04,52.89,1353.98
2025-10-13 23:00:00-04:00,4163.41,53.34,1353.98
2025-10-14 00:00:00-04:00,4168.26,53.22,1353.98
2025-10-14 01:00:00-04:00,4121.6,52.43,1353.98
2025-10-14 02:00:00-04:00,4112.22,51.92,1353.98
2025-10-14 03:00:00-04:00,4126.52,52.23,1353.98
2025-10-14 04:00:00-04:00,4144.09,52.0,1353.98
2025-10-14 05:00:00-04:00,4127.62,51.08,1353.98
2025-10-14 06:00:00-04:00,4131.92,51.34,1353.98
2025-10-14 07:00:00-04:00,4130.59,51.41,1353.98
2025-10-14 08:00:00-04:00,4106.77,50.6,1353.98
2025-10-14 09:00:00-04:00,4124.1,51.14,1353.98
2025-10-14 10:00:00-04:00,4129.28,51.41,1353.98
2025-10-14 11:00:00-04:00,4138.13,51.88,1353.98
2025-10-14 12:00:00-04:00,4140.35,51.67,1353.98
2025-10-14 13:00:00-04:00,4148.18,51.91,1353.98
2025-10-14 14:00:00-04:00,4148.56,51.86,1353.98
2025-10-14 15:00:00-04:00,4141.57,51.53,1353.98
2025-10-14 16:00:00-04:00,4143.25,51.41,1353.98
2025-10-14 18:00:00-04:00,4158.59,51.57,1353.98
2025-10-14 19:00:00-04:00,4161.57,51.98,1353.98
2025-10-14 20:00:00-04:00,4162.64,51.85,1353.98
2025-10-14 21:00:00-04:00,4181.76,52.2,1353.98
2025-10-14 22:00:00-04:00,4176.51,51.68,1353.98
2025-10-14 23:00:00-04:00,4187.13,52.17,1353.98
2025-10-15 00:00:00-04:00,4179.8,52.2,1353.98
2025-10-15 01:00:00-04:00,4185.99,52.36,1353.98
2025-10-15 02:00:00-04:00,4199.36,52.5,1353.98
2025-10-15 03:00:00-04:00,4207.78,52.68,1353.98
2025-10-15 04:00:00-04:00,4208.22,53.0,1353.98
2025-10-15 05:00:00-04:00,4192.6,52.65,1353.98
2025-10-15 06:00:00-04:00,4202.98,52.6,1353.98
2025-10-15 07:00:00-04:00,4198.82,52.96,1353.98
2025-10-15 08:00:00-04:00,4190.8,52.72,1353.98
2025-10-15 09:00:00-04:00,4192.27,52.56,1353.98
2025-10-15 10:00:00-04:00,4200.09,52.73,1353.98
2025-10-15 11:00:00-04:00,4190.61,52.55,1353.98
2025-10-15 12:00:00-04:00,4199.13,52.52,1353.98
2025-10-15 13:00:00-04:00,4197.92,52.76,1353.98
2025-10-15 14:00:00-04:00,4200.85,53.01,1353.98
2025-10-15 15:00:00-04:00,4210.53,53.16,1353.98
2025-10-15 16:00:00-04:00,4208.73,53.1,1353.98
2025-10-15 18:00:00-04:00,4213.19,53.11,1353.98
2025-10-15 19:00:00-04:00,4209.63,53.06,1353.98
2025-10-15 20:00:00-04:00,4210.55,52.97,1353.98
2025-10-15 21:00:00-04:00,4230.31,53.2,1353.98
2025-10-15 22:00:00-04:00,4239.76,53.24,1353.98
2025-10-15 23:00:00-04:00,4233.88,53.14,1353.98
2025-10-16 00:00:00-04:00,4233.63,53.07,1353.98
2025-10-16 01:00:00-04:00,4204.88,52.62,1353.98
2025-10-16 02:00:00-04:00,4222.81,52.88,1353.98
2025-10-16 03:00:00-04:00,4230.64,52.83,1353.98
2025-10-16 04:00:00-04:00,4232.99,52.91,1353.98
2025-10-16 05:00:00-04:00,4239.46,52.93,1353.98
2025-10-16 06:00:00-04:00,4242.76,53.02,1353.98
2025-10-16 07:00:00-04:00,4240.71,52.94,1353.98
2025-10-16 08:00:00-04:00,4236.07,52.88,1353.98
2025-10-16 09:00:00-04:00,4246.05,53.43,1353.98
2025-10-16 10:00:00-04:00,4263.4,53.7,1353.98
2025-10-16 11:00:00-04:00,4273.6,53.85,1353.98
2025-10-16 12:00:00-04:00,4282.74,53.9,1353.98
2025-10-16 13:00:00-04:00,4293.97,53.94,1353.98
2025-10-16 14:00:00-04:00,4291.06,53.88,1353.98
2025-10-16 15:00:00-04:00,4307.53,54.1,1353.98
2025-10-16 16:00:00-04:00,4328.41,54.2,1353.98
2025-10-16 18:00:00-04:00,4346.84,54.17,1353.98
2025-10-16 19:00:00-04:00,4365.78,54.3,1353.98
2025-10-16 20:00:00-04:00,4358.11,53.96,1353.98
2025-10-16 21:00:00-04:00,4314.13,53.66,1353.98
2025-10-16 22:00:00-04:00,4342.56,53.98,1353.98
2025-10-16 23:00:00-04:00,4366.81,54.21,1353.98
2025-10-17 00:00:00-04:00,4376.5,54.44,1353.98
2025-10-17 01:00:00-04:00,4365.96,54.42,1353.98
2025-10-17 02:00:00-04:00,4360.16,54.21,1353.98
2025-10-17 03:00:00-04:00,4342.48,53.9,1353.98
2025-10-17 04:00:00-04:00,4347.82,53.89,1353.98
2025-10-17 05:00:00-04:00,4340.24,53.88,1353.98
2025-10-17 06:00:00-04:00,4327.65,53.86,1353.98
2025-10-17 07:00:00-04:00,4287.34,53.37,1353.98
2025-10-17 08:00:00-04:00,4314.92,53.57,1353.98
2025-10-17 09:00:00-04:00,4273.82,52.72,1353.98
2025-10-17 10:00:00-04:00,4249.02,52.26,1353.98
2025-10-17 11:00:00-04:00,4237.45,51.93,1353.98
2025-10-17 12:00:00-04:00,4205.02,50.87,1353.98
2025-10-17 13:00:00-04:00,4221.2,51.57,1353.98
2025-10-17 14:00:00-04:00,4235.57,51.87,1353.98
2025-10-17 15:00:00-04:00,4226.09,51.73,1353.98
2025-10-17 16:00:00-04:00,4250.15,51.94,1353.98
2025-10-19 18:00:00-04:00,4255.74,51.88,1353.98
2025-10-19 19:00:00-04:00,4238.06,51.83,1353.98
2025-10-19 20:00:00-04:00,4249.65,51.92,1353.98
2025-10-19 21:00:00-04:00,4262.55,52.1,1353.98
2025-10-19 22:00:00-04:00,4255.76,52.17,1353.98
2025-10-19 23:00:00-04:00,4264.77,52.19,1353.98
2025-10-20 00:00:00-04:00,4266.47,52.16,1353.98
2025-10-20 01:00:00-04:00,4239.94,51.79,1353.98
2025-10-20 02:00:00-04:00,4236.47,51.58,1353.98
2025-10-20 03:00:00-04:00,4255.27,51.97,1353.98
2025-10-20 04:00:00-04:00,4258.82,52.03,1353.98
2025-10-20 05:00:00-04:00,4260.82,52.02,1353.98
2025-10-20 06:00:00-04:00,4254.84,51.8,1353.98
2025-10-20 07:00:00-04:00,4279.24,52.04,1353.98
2025-10-20 08:00:00-04:00,4323.51,52.74,1353.98
2025-10-20 09:00:00-04:00,4300.79,52.03,1353.98
2025-10-20 10:00:00-04:00,4332.5,52.38,1353.98
2025-10-20 11:00:00-04:00,4349.25,52.51,1353.98
2025-10-20 12:00:00-04:00,4347.97,52.23,1353.98
2025-10-20 13:00:00-04:00,4347.85,52.23,1353.98
2025-10-20 14:00:00-04:00,4359.56,52.36,1353.98
2025-10-20 15:00:00-04:00,4378.25,52.58,1353.98
2025-10-20 16:00:00-04:00,4357.79,52.33,1353.98
2025-10-20 18:00:00-04:00,4367.66,52.59,1353.98
2025-10-20 19:00:00-04:00,4360.4,52.54,1353.98
2025-10-20 20:00:00-04:00,4368.85,52.39,1353.98
2025-10-20 21:00:00-04:00,4350.96,51.69,1353.98
2025-10-20 22:00:00-04:00,4338.97,51.7,1353.98
2025-10-20 23:00:00-04:00,4346.57,51.88,1353.98
2025-10-21 00:00:00-04:00,4342.11,51.97,1353.98
2025-10-21 01:00:00-04:00,4323.37,51.48,1353.98
2025-10-21 02:00:00-04:00,4343.31,51.81,1353.98
2025-10-21 03:00:00-04:00,4298.53,50.82,1353.98
2025-10-21 04:00:00-04:00,4274.01,49.89,1353.98
2025-10-21 05:00:00-04:00,4265.41,50.17,1353.98
2025-10-21 06:00:00-04:00,4253.77,49.93,1353.98
2025-10-21 07:00:00-04:00,4253.36,50.09,1353.98
2025-10-21 08:00:00-04:00,4211.2,49.69,1353.98
2025-10-21 09:00:00-04:00,4173.88,49.02,1353.98
2025-10-21 10:00:00-04:00,4138.82,48.33,1353.98
2025-10-21 11:00:00-04:00,4138.7,48.95,1353.98
2025-10-21 12:00:00-04:00,4113.52,48.45,1353.98
2025-10-21 13:00:00-04:00,4111.26,48.59,1353.98
2025-10-21 14:00:00-04:00,4114.99,48.45,1353.98
2025-10-21 15:00:00-04:00,4109.18,48.32,1353.98
2025-10-21 16:00:00-04:00,4124.35,48.71,1353.98
2025-10-21 18:00:00-04:00,4123.36,48.58,1353.98
2025-10-21 19:00:00-04:00,4093.29,48.21,1353.98
2025-10-21 20:00:00-04:00,4075.53,48.06,1353.98
2025-10-21 21:00:00-04:00,4087.35,48.52,1353.98
2025-10-21 22:00:00-04:00,4115.1,48.81,1353.98
2025-10-21 23:00:00-04:00,4128.86,48.94,1353.98
2025-10-22 00:00:00-04:00,4128.35,48.95,1353.98
2025-10-22 01:00:00-04:00,4135.14,49.16,1353.98
2025-10-22 02:00:00-04:00,4155.81,49.22,1353.98
2025-10-22 03:00:00-04:00,4133.07,48.83,1353.98
2025-10-22 04:00:00-04:00,4070.74,48.32,1353.98
2025-10-22 05:00:00-04:00,4069.66,48.35,1353.98
2025-10-22 06:00:00-04:00,4035.31,48.07,1353.98
2025-10-22 07:00:00-04:00,4027.93,47.78,1353.98
2025-10-22 08:00:00-04:00,4033.98,48.1,1353.98
2025-10-22 09:00:00-04:00,4075.85,48.57,1353.98
2025-10-22 10:00:00-04:00,4015.02,47.96,1353.98
2025-10-22 11:00:00-04:00,4037.07,48.18,1353.98
2025-10-22 12:00:00-04:00,4059.36,48.28,1353.98
2025-10-22 13:00:00-04:00,4070.15,48.1,1353.98
2025-10-22 14:00:00-04:00,4077.01,48.23,1353.98
2025-10-22 15:00:00-04:00,4102.15,48.5,1353.98
2025-10-22 16:00:00-04:00,4100.44,48.49,1353.98
2025-10-22 18:00:00-04:00,4102.11,48.45,1353.98
2025-10-22 19:00:00-04:00,4087.74,48.18,1353.98
2025-10-22 20:00:00-04:00,4082.13,48.26,1353.98
2025-10-22 21:00:00-04:00,4073.35,48.22,1353.98
2025-10-22 22:00:00-04:00,4082.76,48.43,1353.98
2025-10-22 23:00:00-04:00,4091.24,48.52,1353.98
2025-10-23 00:00:00-04:00,4089.68,48.53,1353.98
2025-10-23 01:00:00-04:00,4110.34,48.8,1353.98
2025-10-23 02:00:00-04:00,4113.65,49.12,1353.98
2025-10-23 03:00:00-04:00,4094.44,48.9,1353.98
2025-10-23 04:00:00-04:00,4116.34,49.16,1353.98
2025-10-23 05:00:00-04:00,4124.42,49.09,1353.98
2025-10-23 06:00:00-04:00,4109.05,49.1,1353.98
2025-10-23 07:00:00-04:00,4109.6,49.12,1353.98
2025-10-23 08:00:00-04:00,4127.16,49.18,1353.98
2025-10-23 09:00:00-04:00,4145.02,49.35,1353.98
2025-10-23 10:00:00-04:00,4148.3,49.22,1353.98
2025-10-23 11:00:00-04:00,4141.91,49.15,1353.98
2025-10-23 12:00:00-04:00,4132.93,49.03,1353.98
2025-10-23 13:00:00-04:00,4137.78,49.14,1353.98
2025-10-23 14:00:00-04:00,4136.18,49.1,1353.98
2025-10-23 15:00:00-04:00,4118.41,48.8,1353.98
2025-10-23 16:00:00-04:00,4126.11,48.92,1353.98
2025-10-23 18:00:00-04:00,4116.13,48.75,1353.98
2025-10-23 19:00:00-04:00,4121.78,48.81,1353.98
2025-10-23 20:00:00-04:00,4132.68,48.98,1353.98
2025-10-23 21:00:00-04:00,4118.97,48.51,1353.98
2025-10-23 22:00:00-04:00,4109.8,48.6,1353.98
2025-10-23 23:00:00-04:00,4122.41,48.66,1353.98
2025-10-24 00:00:00-04:00,4111.73,48.56,1353.98
2025-10-24 01:00:00-04:00,4104.67,48.43,1353.98
2025-10-24 02:00:00-04:00,4092.26,48.35,1353.98
2025-10-24 03:00:00-04:00,4074.45,48.14,1353.98
2025-10-24 04:00:00-04:00,4065.31,48.18,1353.98
2025-10-24 05:00:00-04:00,4060.89,48.07,1353.98
2025-10-24 06:00:00-04:00,4054.66,48.0,1353.98
2025-10-24 07:00:00-04:00,4061.43,48.04,1353.98
2025-10-24 08:00:00-04:00,4082.16,48.17,1353.98
2025-10-24 09:00:00-04:00,4107.4,48.63,1353.98
2025-10-24 10:00:00-04:00,4117.49,48.58,1353.98
2025-10-24 11:00:00-04:00,4130.49,48.84,1353.98
2025-10-24 12:00:00-04:00,4129.44,48.8,1353.98
2025-10-24 13:00:00-04:00,4107.65,48.51,1353.98
2025-10-24 14:00:00-04:00,4110.31,48.54,1353.98
2025-10-24 15:00:00-04:00,4104.03,48.51,1353.98
2025-10-24 16:00:00-04:00,4111.89,48.59,1353.98
2025-10-26 18:00:00-04:00,4081.81,48.44,1353.98
2025-10-26 19:00:00-04:00,4064.61,48.16,1353.98
2025-10-26 20:00:00-04:00,4081.38,48.27,1353.98
2025-10-26 21:00:00-04:00,4081.92,48.44,1353.98
2025-10-26 22:00:00-04:00,4071.62,48.18,1353.98
2025-10-26 23:00:00-04:00,4069.66,47.98,1353.98
2025-10-27 00:00:00-04:00,4068.93,48.0,1353.98
2025-10-27 01:00:00-04:00,4079.69,48.32,1353.98
2025-10-27 02:00:00-04:00,4078.35,48.31,1353.98
2025-10-27 03:00:00-04:00,4068.72,48.14,1353.98
2025-10-27 04:00:00-04:00,4043.56,47.71,1353.98
2025-10-27 05:00:00-04:00,4039.87,47.79,1353.98
2025-10-27 06:00:00-04:00,4037.39,47.65,1353.98
2025-10-27 07:00:00-04:00,4024.03,47.37,1353.98
2025-10-27 08:00:00-04:00,4045.94,47.73,1353.98
2025-10-27 09:00:00-04:00,4022.07,47.02,1353.98
2025-10-27 10:00:00-04:00,3987.99,46.25,1353.98
2025-10-27 11:00:00-04:00,3989.93,46.51,1353.98
2025-10-27 12:00:00-04:00,3999.36,46.79,1353.98
2025-10-27 13:00:00-04:00,4006.49,46.96,1353.98
2025-10-27 14:00:00-04:00,3999.57,46.89,1353.98
2025-10-27 15:00:00-04:00,3990.2,46.78,1353.98
2025-10-27 16:00:00-04:00,3981.53,46.82,1353.98
2025-10-27 18:00:00-04:00,3989.9,46.91,1353.98
2025-10-27 19:00:00-04:00,3998.51,46.96,1353.98
2025-10-27 20:00:00-04:00,4006.84,47.09,1353.98
2025-10-27 21:00:00-04:00,4011.18,47.07,1353.98
2025-10-27 22:00:00-04:00,3983.93,46.73,1353.98
2025-10-27 23:00:00-04:00,3992.91,46.86,1353.98
2025-10-28 00:00:00-04:00,3973.76,46.66,1353.98
2025-10-28 01:00:00-04:00,3966.66,46.66,1353.98
2025-10-28 02:00:00-04:00,3942.78,46.63,1353.98
2025-10-28 03:00:00-04:00,3932.45,46.43,1353.98
2025-10-28 04:00:00-04:00,3897.44,45.68,1353.98
2025-10-28 05:00:00-04:00,3904.81,45.98,1353.98
2025-10-28 06:00:00-04:00,3926.59,46.24,1353.98
2025-10-28 07:00:00-04:00,3923.28,46.46,1353.98
2025-10-28 08:00:00-04:00,3912.91,46.43,1353.98
2025-10-28 09:00:00-04:00,3938.73,46.93,1353.98
2025-10-28 10:00:00-04:00,3949.92,46.97,1353.98
2025-10-28 11:00:00-04:00,3964.79,47.11,1353.98
2025-10-28 12:00:00-04:00,3958.56,47.1,1353.98
2025-10-28 13:00:00-04:00,3962.5,47.16,1353.98
2025-10-28 14:00:00-04:00,3956.57,47.1,1353.98
2025-10-28 15:00:00-04:00,3960.35,47.08,1353.98
2025-10-28 16:00:00-04:00,3952.11,47.12,1353.98
2025-10-28 18:00:00-04:00,3934.11,46.9,1353.98
2025-10-28 19:00:00-04:00,3964.87,47.15,1353.98
2025-10-28 20:00:00-04:00,3975.44,47.33,1353.98
2025-10-28 21:00:00-04:00,3973.85,47.59,1353.98
2025-10-28 22:00:00-04:00,3961.29,47.46,1353.98
2025-10-28 23:00:00-04:00,3963.4,47.49,1353.98
2025-10-29 00:00:00-04:00,3952.08,47.42,1353.98
2025-10-29 01:00:00-04:00,3962.56,47.52,1353.98
2025-10-29 02:00:00-04:00,3978.36,47.76,1353.98
2025-10-29 03:00:00-04:00,4001.62,48.08,1353.98
2025-10-29 04:00:00-04:00,4016.87,48.32,1353.98
2025-10-29 05:00:00-04:00,4024.17,48.31,1353.98
2025-10-29 06:00:00-04:00,4023.49,48.19,1353.98
2025-10-29 07:00:00-04:00,4016.78,48.18,1353.98
2025-10-29 08:00:00-04:00,4025.49,48.35,1353.98
2025-10-29 09:00:00-04:00,4012.6,48.17,1353.98
2025-10-29 10:00:00-04:00,4008.5,48.24,1353.98
2025-10-29 11:00:00-04:00,3993.1,48.16,1353.98
2025-10-29 12:00:00-04:00,3992.88,48.12,1353.98
2025-10-29 13:00:00-04:00,3994.88,48.09,1353.98
2025-10-29 14:00:00-04:00,3969.45,47.72,1353.98
2025-10-29 15:00:00-04:00,3945.64,47.69,1353.98
2025-10-29 16:00:00-04:00,3931.2,47.56,1353.98
2025-10-29 18:00:00-04:00,3941.39,47.78,1353.98
2025-10-29 19:00:00-04:00,3952.86,47.8,1353.98
2025-10-29 20:00:00-04:00,3950.22,47.82,1353.98
2025-10-29 21:00:00-04:00,3947.96,47.67,1353.98
2025-10-29 22:00:00-04:00,3922.18,47.33,1353.98
2025-10-29 23:00:00-04:00,3938.05,47.59,1353.98
2025-10-30 00:00:00-04:00,3972.72,47.8,1353.98
2025-10-30 01:00:00-04:00,3963.58,47.74,1353.98
2025-10-30 02:00:00-04:00,3976.8,47.89,1353.98
2025-10-30 03:00:00-04:00,3961.35,47.62,1353.98
2025-10-30 04:00:00-04:00,3976.56,47.95,1353.98
2025-10-30 05:00:00-04:00,3998.53,48.1,1353.98
2025-10-30 06:00:00-04:00,3984.25,48.07,1353.98
2025-10-30 07:00:00-04:00,3974.48,48.13,1353.98
2025-10-30 08:00:00-04:00,3961.28,47.95,1353.98
2025-10-30 09:00:00-04:00,3995.55,48.4,1353.98
2025-10-30 10:00:00-04:00,3996.52,48.74,1353.98
2025-10-30 11:00:00-04:00,4001.97,48.82,1353.98
2025-10-30 12:00:00-04:00,4001.49,48.83,1353.98
2025-10-30 13:00:00-04:00,4004.73,48.77,1353.98
2025-10-30 14:00:00-04:00,4016.3,48.9,1353.98
2025-10-30 15:00:00-04:00,4023.6,48.88,1353.98
2025-10-30 16:00:00-04:00,4024.61,48.96,1353.98
2025-10-30 18:00:00-04:00,4037.86,49.04,1353.98
2025-10-30 19:00:00-04:00,4036.66,49.08,1353.98
2025-10-30 20:00:00-04:00,4025.09,48.83,1353.98
2025-10-30 21:00:00-04:00,4018.95,49.1,1353.98
2025-10-30 22:00:00-04:00,4011.18,48.94,1353.98
2025-10-30 23:00:00-04:00,3996.5,48.81,1353.98
2025-10-31 00:00:00-04:00,4005.81,48.9,1353.98
2025-10-31 01:00:00-04:00,4005.19,48.98,1353.98
2025-10-31 02:00:00-04:00,4013.16,49.19,1353.98
2025-10-31 03:00:00-04:00,4021.14,49.33,1353.98
2025-10-31 04:00:00-04:00,4010.47,48.82,1353.98
2025-10-31 05:00:00-04:00,4008.68,48.89,1353.98
2025-10-31 06:00:00-04:00,4007.49,48.93,1353.98
2025-10-31 07:00:00-04:00,4010.53,49.01,1353.98
2025-10-31 08:00:00-04:00,4023.1,49.07,1353.98
2025-10-31 09:00:00-04:00,4016.6,48.9,1353.98
2025-10-31 10:00:00-04:00,4020.76,48.97,1353.98
2025-10-31 11:00:00-04:00,4012.81,48.87,1353.98
2025-10-31 12:00:00-04:00,3980.86,48.5,1353.98
2025-10-31 13:00:00-04:00,3997.71,48.66,1353.98
2025-10-31 14:00:00-04:00,4000.09,48.64,1353.98
2025-10-31 15:00:00-04:00,4001.3,48.52,1353.98
2025-10-31 16:00:00-04:00,4004.43,48.8,1353.98
2025-11-02 18:00:00-05:00,3979.53,48.57,1353.98
2025-11-02 19:00:00-05:00,3970.91,48.39,1353.98
2025-11-02 20:00:00-05:00,3996.09,48.54,1353.98
2025-11-02 21:00:00-05:00,4004.18,48.84,1353.98
2025-11-02 22:00:00-05:00,4011.43,48.87,1353.98
2025-11-02 23:00:00-05:00,4003.76,48.79,1353.98
2025-11-03 00:00:00-05:00,4014.16,48.93,1353.98
2025-11-03 01:00:00-05:00,4017.51,48.87,1353.98
2025-11-03 02:00:00-05:00,4025.26,49.08,1353.98
2025-11-03 03:00:00-05:00,4019.65,48.9,1353.98
2025-11-03 04:00:00-05:00,4000.69,48.65,1353.98
2025-11-03 05:00:00-05:00,3998.89,48.69,1353.98
2025-11-03 06:00:00-05:00,4007.64,48.79,1353.98
2025-11-03 07:00:00-05:00,4013.46,48.81,1353.98
2025-11-03 08:00:00-05:00,4016.18,48.65,1353.98
2025-11-03 09:00:00-05:00,4022.88,48.88,1353.98
2025-11-03 10:00:00-05:00,4008.56,48.42,1353.98
2025-11-03 11:00:00-05:00,4008.34,48.45,1353.98
2025-11-03 12:00:00-05:00,4006.23,48.4,1353.98
2025-11-03 13:00:00-05:00,4006.45,48.21,1353.98
2025-11-03 14:00:00-05:00,4004.78,48.14,1353.98
2025-11-03 15:00:00-05:00,4010.28,48.24,1353.98
2025-11-03 16:00:00-05:00,4002.64,48.09,1353.98
2025-11-03 18:00:00-05:00,3997.4,47.95,1353.98
2025-11-03 19:00:00-05:00,3986.53,47.95,1353.98
2025-11-03 20:00:00-05:00,3987.4,48.14,1353.98
2025-11-03 21:00:00-05:00,3986.82,47.84,1353.98
2025-11-03 22:00:00-05:00,3994.67,48.17,1353.98
2025-11-03 23:00:00-05:00,3985.63,48.11,1353.98
2025-11-04 00:00:00-05:00,3973.24,47.57,1353.98
2025-11-04 01:00:00-05:00,3985.16,47.66,1353.98
2025-11-04 02:00:00-05:00,3994.1,47.84,1353.98
2025-11-04 03:00:00-05:00,3996.32,48.0,1353.98
2025-11-04 04:00:00-05:00,3991.22,47.76,1353.98
2025-11-04 05:00:00-05:00,3993.9,47.8,1353.98
2025-11-04 06:00:00-05:00,3995.13,47.75,1353.98
2025-11-04 07:00:00-05:00,3984.66,47.67,1353.98
2025-11-04 08:00:00-05:00,3975.77,47.52,1353.98
2025-11-04 09:00:00-05:00,3957.26,47.34,1353.98
2025-11-04 10:00:00-05:00,3956.89,47.47,1353.98
2025-11-04 11:00:00-05:00,3969.12,47.84,1353.98
2025-11-04 12:00:00-05:00,3955.14,47.57,1353.98
2025-11-04 13:00:00-05:00,3937.99,47.4,1353.98
2025-11-04 14:00:00-05:00,3937.52,47.23,1353.98
2025-11-04 15:00:00-05:00,3938.83,47.14,1353.98
2025-11-04 16:00:00-05:00,3932.15,47.16,1353.98
2025-11-04 18:00:00-05:00,3934.77,47.09,1353.98
2025-11-04 19:00:00-05:00,3939.86,47.13,1353.98
2025-11-04 20:00:00-05:00,3936.99,47.11,1353.98
2025-11-04 21:00:00-05:00,3948.6,47.53,1353.98
2025-11-04 22:00:00-05:00,3960.95,47.62,1353.98
2025-11-04 23:00:00-05:00,3970.46,47.71,1353.98
2025-11-05 00:00:00-05:00,3964.86,47.71,1353.98
2025-11-05 01:00:00-05:00,3966.47,47.72,1353.98
2025-11-05 02:00:00-05:00,3972.78,47.81,1353.98
2025-11-05 03:00:00-05:00,3980.03,47.87,1353.98
2025-11-05 04:00:00-05:00,3971.85,47.84,1353.98
2025-11-05 05:00:00-05:00,3964.47,47.59,1353.98
2025-11-05 06:00:00-05:00,3966.91,47.66,1353.98
2025-11-05 07:00:00-05:00,3969.77,47.7,1353.98
2025-11-05 08:00:00-05:00,3975.93,48.01,1353.98
2025-11-05 09:00:00-05:00,3973.4,47.93,1353.98
2025-11-05 10:00:00-05:00,3978.38,48.16,1353.98
2025-11-05 11:00:00-05:00,3986.91,48.15,1353.98
2025-11-05 12:00:00-05:00,3982.15,48.19,1353.98
2025-11-05 13:00:00-05:00,3982.61,48.18,1353.98
2025-11-05 14:00:00-05:00,3988.06,48.23,1353.98
2025-11-05 15:00:00-05:00,3984.47,48.13,1353.98
2025-11-05 16:00:00-05:00,3980.2,47.97,1353.98
2025-11-05 18:00:00-05:00,3973.69,48.02,1353.98
2025-11-05 19:00:00-05:00,3976.26,48.12,1353.98
2025-11-05 20:00:00-05:00,3976.62,47.82,1353.98
2025-11-05 21:00:00-05:00,3983.44,47.98,1353.98
2025-11-05 22:00:00-05:00,3987.64,48.22,1353.98
2025-11-05 23:00:00-05:00,3988.85,48.27,1353.98
2025-11-06 00:00:00-05:00,3987.86,48.33,1353.98
2025-11-06 01:00:00-05:00,3991.74,48.36,1353.98
2025-11-06 02:00:00-05:00,4005.88,48.46,1353.98
2025-11-06 03:00:00-05:00,4014.95,48.78,1353.98
2025-11-06 04:00:00-05:00,4011.06,48.66,1353.98
2025-11-06 05:00:00-05:00,4008.48,48.69,1353.98
2025-11-06 06:00:00-05:00,4018.18,48.71,1353.98
2025-11-06 07:00:00-05:00,4005.4,48.54,1353.98
2025-11-06 08:00:00-05:00,4012.21,48.52,1353.98
2025-11-06 09:00:00-05:00,3993.39,48.15,1353.98
2025-11-06 10:00:00-05:00,3980.32,47.9,1353.98
2025-11-06 11:00:00-05:00,3980.98,47.97,1353.98
2025-11-06 12:00:00-05:00,3986.23,48.09,1353.98
2025-11-06 13:00:00-05:00,3987.89,48.17,1353.98
2025-11-06 14:00:00-05:00,3985.4,48.19,1353.98
2025-11-06 15:00:00-05:00,3980.88,48.03,1353.98
2025-11-06 16:00:00-05:00,3977.13,48.03,1353.98
2025-11-06 18:00:00-05:00,3989.28,48.23,1353.98
2025-11-06 19:00:00-05:00,3988.72,48.2,1353.98
2025-11-06 20:00:00-05:00,4001.89,48.4,1353.98
2025-11-06 21:00:00-05:00,3995.47,48.3,1353.98
2025-11-06 22:00:00-05:00,3990.61,48.29,1353.98
2025-11-06 23:00:00-05:00,3998.81,48.47,1353.98
2025-11-07 00:00:00-05:00,3995.22,48.44,1353.98
2025-11-07 01:00:00-05:00,4006.8,48.7,1353.98
2025-11-07 02:00:00-05:00,4007.89,48.69,1353.98
2025-11-07 03:00:00-05:00,4009.84,48.81,1353.98
2025-11-07 04:00:00-05:00,4006.72,48.77,1353.98
2025-11-07 05:00:00-05:00,4007.94,48.83,1353.98
2025-11-07 06:00:00-05:00,4003.06,48.68,1353.98
2025-11-07 07:00:00-05:00,3996.05,48.53,1353.98
2025-11-07 08:00:00-05:00,3997.76,48.46,1353.98
2025-11-07 09:00:00-05:00,3993.44,48.34,1353.98
2025-11-07 10:00:00-05:00,3991.05,48.21,1353.98
2025-11-07 11:00:00-05:00,4007.85,48.32,1353.98
2025-11-07 12:00:00-05:00,4005.49,48.28,1353.98
2025-11-07 13:00:00-05:00,4005.7,48.34,1353.98
2025-11-07 14:00:00-05:00,4006.93,48.44,1353.98
2025-11-07 15:00:00-05:00,4004.18,48.41,1353.98
2025-11-07 16:00:00-05:00,4000.98,48.5,1353.98
2025-11-09 18:00:00-05:00,4011.9,48.6,1353.98
2025-11-09 19:00:00-05:00,4020.48,48.54,1353.98
2025-11-09 20:00:00-05:00,4044.24,48.97,1353.98
2025-11-09 21:00:00-05:00,4048.19,49.03,1353.98
2025-11-09 22:00:00-05:00,4050.29,49.11,1353.98
2025-11-09 23:00:00-05:00,4054.22,49.23,1353.98
2025-11-10 00:00:00-05:00,4069.47,49.48,1353.98
2025-11-10 01:00:00-05:00,4075.12,49.55,1353.98
2025-11-10 02:00:00-05:00,4075.35,49.66,1353.98
2025-11-10 03:00:00-05:00,4082.32,49.95,1353.98
2025-11-10 04:00:00-05:00,4076.62,49.84,1353.98
2025-11-10 05:00:00-05:00,4081.04,49.94,1353.98
2025-11-10 06:00:00-05:00,4085.45,49.97,1353.98
2025-11-10 07:00:00-05:00,4097.69,50.11,1353.98
2025-11-10 08:00:00-05:00,4091.84,49.88,1353.98
2025-11-10 09:00:00-05:00,4083.59,49.99,1353.98
2025-11-10 10:00:00-05:00,4084.32,49.89,1353.98
2025-11-10 11:00:00-05:00,4095.08,50.11,1353.98
2025-11-10 12:00:00-05:00,4102.58,50.32,1353.98
2025-11-10 13:00:00-05:00,4110.31,50.45,1353.98
2025-11-10 14:00:00-05:00,4113.3,50.54,1353.98
2025-11-10 15:00:00-05:00,4111.88,50.5,1353.98
2025-11-10 16:00:00-05:00,4116.03,50.52,1353.98
2025-11-10 18:00:00-05:00,4119.95,50.51,1353.98
2025-11-10 19:00:00-05:00,4131.06,50.75,1353.98
2025-11-10 20:00:00-05:00,4136.4,50.67,1353.98
2025-11-10 21:00:00-05:00,4138.07,50.67,1353.98
2025-11-10 22:00:00-05:00,4146.89,50.98,1353.98
2025-11-10 23:00:00-05:00,4143.35,50.98,1353.98
2025-11-11 00:00:00-05:00,4131.05,50.81,1353.98
2025-11-11 01:00:00-05:00,4129.97,50.72,1353.98
2025-11-11 02:00:00-05:00,4129.66,50.65,1353.98
2025-11-11 03:00:00-05:00,4135.76,50.7,1353.98
2025-11-11 04:00:00-05:00,4141.91,50.94,1353.98
2025-11-11 05:00:00-05:00,4141.9,50.95,1353.98
2025-11-11 06:00:00-05:00,4143.04,51.18,1353.98
2025-11-11 07:00:00-05:00,4134.45,50.94,1353.98
2025-11-11 08:00:00-05:00,4142.62,51.16,1353.98
2025-11-11 09:00:00-05:00,4125.15,50.83,1353.98
2025-11-11 10:00:00-05:00,4106.68,50.47,1353.98
2025-11-11 11:00:00-05:00,4113.29,50.71,1353.98
2025-11-11 12:00:00-05:00,4114.42,50.88,1353.98
2025-11-11 13:00:00-05:00,4113.93,51.02,1353.98
2025-11-11 14:00:00-05:00,4123.12,51.02,1353.98
2025-11-11 15:00:00-05:00,4129.68,51.22,1353.98
2025-11-11 16:00:00-05:00,4126.8,51.22,1353.98
2025-11-11 18:00:00-05:00,4142.7,51.28,1353.98
2025-11-11 19:00:00-05:00,4133.14,51.13,1353.98
2025-11-11 20:00:00-05:00,4131.64,51.28,1353.98
2025-11-11 21:00:00-05:00,4124.14,51.22,1353.98
2025-11-11 22:00:00-05:00,4112.05,51.05,1353.98
2025-11-11 23:00:00-05:00,4110.58,51.08,1353.98
2025-11-12 00:00:00-05:00,4104.77,51.13,1353.98
2025-11-12 01:00:00-05:00,4118.52,51.56,1353.98
2025-11-12 02:00:00-05:00,4117.07,51.63,1353.98
2025-11-12 03:00:00-05:00,4131.31,51.78,1353.98
2025-11-12 04:00:00-05:00,4124.72,51.79,1353.98
2025-11-12 05:00:00-05:00,4127.83,51.78,1353.98
2025-11-12 06:00:00-05:00,4126.1,51.52,1353.98
2025-11-12 07:00:00-05:00,4130.26,51.71,1353.98
2025-11-12 08:00:00-05:00,4127.15,51.69,1353.98
2025-11-12 09:00:00-05:00,4136.73,52.36,1353.98
2025-11-12 10:00:00-05:00,4181.51,52.94,1353.98
2025-11-12 11:00:00-05:00,4196.48,53.45,1353.98
2025-11-12 12:00:00-05:00,4199.73,53.44,1353.98
2025-11-12 13:00:00-05:00,4206.98,53.61,1353.98
2025-11-12 14:00:00-05:00,4197.57,53.53,1353.98
2025-11-12 15:00:00-05:00,4196.05,53.3,1353.98
2025-11-12 16:00:00-05:00,4195.26,53.27,1353.98
2025-11-12 18:00:00-05:00,4191.16,53.25,1353.98
2025-11-12 19:00:00-05:00,4205.98,53.32,1353.98
2025-11-12 20:00:00-05:00,4192.38,53.33,1353.98
2025-11-12 21:00:00-05:00,4190.3,53.37,1353.98
2025-11-12 22:00:00-05:00,4213.29,54.16,1353.98
2025-11-12 23:00:00-05:00,4209.37,53.96,1353.98
2025-11-13 00:00:00-05:00,4212.26,53.98,1353.98
2025-11-13 01:00:00-05:00,4210.5,54.08,1353.98
2025-11-13 02:00:00-05:00,4220.08,54.08,1353.98
2025-11-13 03:00:00-05:00,4232.84,54.26,1353.98
2025-11-13 04:00:00-05:00,4233.39,54.1,1353.98
2025-11-13 05:00:00-05:00,4225.6,53.6,1353.98
2025-11-13 06:00:00-05:00,4230.63,53.78,1353.98
2025-11-13 07:00:00-05:00,4242.68,54.05,1353.98
2025-11-13 08:00:00-05:00,4231.9,53.56,1353.98
2025-11-13 09:00:00-05:00,4195.53,52.98,1353.98
2025-11-13 10:00:00-05:00,4202.7,52.75,1353.98
2025-11-13 11:00:00-05:00,4206.76,53.09,1353.98
2025-11-13 12:00:00-05:00,4201.88,53.16,1353.98
2025-11-13 13:00:00-05:00,4158.0,52.41,1353.98
2025-11-13 14:00:00-05:00,4163.9,52.43,1353.98
2025-11-13 15:00:00-05:00,4164.06,52.32,1353.98
2025-11-13 16:00:00-05:00,4170.65,52.3,1353.98
2025-11-13 18:00:00-05:00,4186.01,52.52,1353.98
2025-11-13 19:00:00-05:00,4183.96,52.74,1353.98
2025-11-13 20:00:00-05:00,4190.22,52.98,1353.98
2025-11-13 21:00:00-05:00,4207.23,53.32,1353.98
2025-11-13 22:00:00-05:00,4204.5,53.32,1353.98
2025-11-13 23:00:00-05:00,4203.36,53.07,1353.98
2025-11-14 00:00:00-05:00,4190.1,53.02,1353.98
2025-11-14 01:00:00-05:00,4175.26,52.65,1353.98
2025-11-14 02:00:00-05:00,4181.2,52.94,1353.98
2025-11-14 03:00:00-05:00,4176.1,52.84,1353.98
2025-11-14 04:00:00-05:00,4169.38,52.73,1353.98
2025-11-14 05:00:00-05:00,4167.94,52.61,1353.98
2025-11-14 06:00:00-05:00,4132.9,52.0,1353.98
2025-11-14 07:00:00-05:00,4116.11,51.84,1353.98
2025-11-14 08:00:00-05:00,4055.8,50.71,1353.98
2025-11-14 09:00:00-05:00,4082.84,51.06,1353.98
2025-11-14 10:00:00-05:00,4093.57,51.3,1353.98
2025-11-14 11:00:00-05:00,4105.15,51.36,1353.98
2025-11-14 12:00:00-05:00,4099.97,51.18,1353.98
2025-11-14 13:00:00-05:00,4098.1,51.02,1353.98
2025-11-14 14:00:00-05:00,4090.07,50.75,1353.98
2025-11-14 15:00:00-05:00,4087.16,50.67,1353.98
2025-11-14 16:00:00-05:00,4083.6,50.54,1353.98
2025-11-16 18:00:00-05:00,4096.61,50.84,1353.98
2025-11-16 19:00:00-05:00,4083.28,50.8,1353.98
2025-11-16 20:00:00-05:00,4091.3,50.9,1353.98
2025-11-16 21:00:00-05:00,4081.9,50.94,1353.98
2025-11-16 22:00:00-05:00,4083.07,50.99,1353.98
2025-11-16 23:00:00-05:00,4078.6,50.85,1353.98
2025-11-17 00:00:00-05:00,4058.35,50.65,1353.98
2025-11-17 01:00:00-05:00,4066.18,50.68,1353.98
2025-11-17 02:00:00-05:00,4088.24,51.15,1353.98
2025-11-17 03:00:00-05:00,4077.53,50.96,1353.98
2025-11-17 04:00:00-05:00,4082.1,51.04,1353.98
2025-11-17 05:00:00-05:00,4070.32,50.92,1353.98
2025-11-17 06:00:00-05:00,4078.59,51.06,1353.98
2025-11-17 07:00:00-05:00,4077.22,50.88,1353.98
2025-11-17 08:00:00-05:00,4065.46,50.6,1353.98
2025-11-17 09:00:00-05:00,4076.34,50.8,1353.98
2025-11-17 10:00:00-05:00,4064.27,50.77,1353.98
2025-11-17 11:00:00-05:00,4070.16,50.84,1353.98
2025-11-17 12:00:00-05:00,4073.49,50.91,1353.98
2025-11-17 13:00:00-05:00,4062.69,50.61,1353.98
2025-11-17 14:00:00-05:00,4011.33,49.68,1353.98
2025-11-17 15:00:00-05:00,4040.93,50.16,1353.98
2025-11-17 16:00:00-05:00,4046.57,50.21,1353.98
2025-11-17 18:00:00-05:00,4036.88,49.9,1353.98
2025-11-17 19:00:00-05:00,4040.23,50.11,1353.98
2025-11-17 20:00:00-05:00,4025.01,49.86,1353.98
2025-11-17 21:00:00-05:00,4017.85,49.77,1353.98
2025-11-17 22:00:00-05:00,4013.33,49.72,1353.98
2025-11-17 23:00:00-05:00,4010.54,49.61,1353.98
2025-11-18 00:00:00-05:00,4019.01,49.78,1353.98
2025-11-18 01:00:00-05:00,4008.95,49.53,1353.98
2025-11-18 02:00:00-05:00,4013.77,49.7,1353.98
2025-11-18 03:00:00-05:00,4036.85,50.28,1353.98
2025-11-18 04:00:00-05:00,4040.28,50.39,1353.98
2025-11-18 05:00:00-05:00,4044.35,50.52,1353.98
2025-11-18 06:00:00-05:00,4039.48,50.31,1353.98
2025-11-18 07:00:00-05:00,4032.48,49.92,1353.98
2025-11-18 08:00:00-05:00,4065.18,50.27,1353.98
2025-11-18 09:00:00-05:00,4065.8,50.59,1353.98
2025-11-18 10:00:00-05:00,4052.92,50.41,1353.98
2025-11-18 11:00:00-05:00,4066.9,50.69,1353.98
2025-11-18 12:00:00-05:00,4071.64,50.77,1353.98
2025-11-18 13:00:00-05:00,4072.71,50.8,1353.98
2025-11-18 14:00:00-05:00,4081.33,51.16,1353.98
2025-11-18 15:00:00-05:00,4069.68,50.81,1353.98
2025-11-18 16:00:00-05:00,4067.22,50.7,1353.98
2025-11-18 18:00:00-05:00,4076.76,50.87,1353.98
2025-11-18 19:00:00-05:00,4069.59,50.77,1353.98
2025-11-18 20:00:00-05:00,4059.24,50.66,1353.98
2025-11-18 21:00:00-05:00,4075.7,51.05,1353.98
2025-11-18 22:00:00-05:00,4066.92,50.79,1353.98
2025-11-18 23:00:00-05:00,4075.37,50.9,1353.98
2025-11-19 00:00:00-05:00,4095.61,51.44,1353.98
2025-11-19 01:00:00-05:00,4091.05,51.41,1353.98
2025-11-19 02:00:00-05:00,4087.03,51.41,1353.98
2025-11-19 03:00:00-05:00,4083.34,51.34,1353.98
2025-11-19 04:00:00-05:00,4113.49,52.15,1353.98
2025-11-19 05:00:00-05:00,4109.1,52.19,1353.98
2025-11-19 06:00:00-05:00,4112.99,52.12,1353.98
2025-11-19 07:00:00-05:00,4114.62,52.21,1353.98
2025-11-19 08:00:00-05:00,4110.66,51.83,1353.98
2025-11-19 09:00:00-05:00,4128.1,52.12,1353.98
2025-11-19 10:00:00-05:00,4096.69,51.71,1353.98
2025-11-19 11:00:00-05:00,4074.7,50.78,1353.98
2025-11-19 12:00:00-05:00,4078.93,50.9,1353.98
2025-11-19 13:00:00-05:00,4087.1,51.31,1353.98
2025-11-19 14:00:00-05:00,4073.7,51.11,1353.98
2025-11-19 15:00:00-05:00,4076.45,51.22,1353.98
2025-11-19 16:00:00-05:00,4078.35,51.35,1353.98
2025-11-19 18:00:00-05:00,4104.64,51.73,1353.98
2025-11-19 19:00:00-05:00,4103.12,51.59,1353.98
2025-11-19 20:00:00-05:00,4081.39,51.41,1353.98
2025-11-19 21:00:00-05:00,4067.11,51.21,1353.98
2025-11-19 22:00:00-05:00,4072.54,51.27,1353.98
2025-11-19 23:00:00-05:00,4075.75,51.32,1353.98
2025-11-20 00:00:00-05:00,4066.78,51.23,1353.98
2025-11-20 01:00:00-05:00,4068.42,51.2,1353.98
2025-11-20 02:00:00-05:00,4060.01,51.01,1353.98
2025-11-20 03:00:00-05:00,4063.57,50.69,1353.98
2025-11-20 04:00:00-05:00,4064.28,50.95,1353.98
2025-11-20 05:00:00-05:00,4060.13,50.75,1353.98
2025-11-20 06:00:00-05:00,4060.85,50.84,1353.98
2025-11-20 07:00:00-05:00,4081.83,51.19,1353.98
2025-11-20 08:00:00-05:00,4080.68,51.12,1353.98
2025-11-20 09:00:00-05:00,4093.39,51.23,1353.98
2025-11-20 10:00:00-05:00,4070.49,50.88,1353.98
2025-11-20 11:00:00-05:00,4049.13,50.38,1353.98
2025-11-20 12:00:00-05:00,4066.24,50.58,1353.98
2025-11-20 13:00:00-05:00,4060.7,50.36,1353.98
2025-11-20 14:00:00-05:00,4084.68,50.84,1353.98
2025-11-20 15:00:00-05:00,4077.57,50.51,1353.98
2025-11-20 16:00:00-05:00,4076.84,50.66,1353.98
2025-11-20 18:00:00-05:00,4079.33,50.78,1353.98
2025-11-20 19:00:00-05:00,4073.9,50.61,1353.98
2025-11-20 20:00:00-05:00,4068.56,50.36,1353.98
2025-11-20 21:00:00-05:00,4057.3,49.93,1353.98
2025-11-20 22:00:00-05:00,4056.23,49.83,1353.98
2025-11-20 23:00:00-05:00,4052.23,49.73,1353.98
2025-11-21 00:00:00-05:00,4058.66,49.58,1353.98
2025-11-21 01:00:00-05:00,4032.86,49.45,1353.98
2025-11-21 02:00:00-05:00,4031.7,49.18,1353.98
2025-11-21 03:00:00-05:00,4041.06,49.37,1353.98
2025-11-21 04:00:00-05:00,4050.72,49.22,1353.98
2025-11-21 05:00:00-05:00,4037.28,48.97,1353.98
2025-11-21 06:00:00-05:00,4036.72,48.97,1353.98
2025-11-21 07:00:00-05:00,4066.0,49.53,1353.98
2025-11-21 08:00:00-05:00,4079.56,49.86,1353.98
2025-11-21 09:00:00-05:00,4071.71,49.65,1353.98
2025-11-21 10:00:00-05:00,4069.77,49.68,1353.98
2025-11-21 11:00:00-05:00,4100.06,50.64,1353.98
2025-11-21 12:00:00-05:00,4085.59,50.33,1353.98
2025-11-21 13:00:00-05:00,4082.96,50.36,1353.98
2025-11-21 14:00:00-05:00,4087.69,50.31,1353.98
2025-11-21 15:00:00-05:00,4067.4,49.95,1353.98
2025-11-21 16:00:00-05:00,4061.72,50.01,1353.98
2025-11-23 18:00:00-05:00,4075.24,50.13,1353.98
2025-11-23 19:00:00-05:00,4067.6,50.13,1353.98
2025-11-23 20:00:00-05:00,4044.2,49.76,1353.98
2025-11-23 21:00:00-05:00,4043.67,49.8,1353.98
2025-11-23 22:00:00-05:00,4050.52,50.0,1353.98
2025-11-23 23:00:00-05:00,4044.15,49.88,1353.98
2025-11-24 00:00:00-05:00,4046.45,49.93,1353.98
2025-11-24 01:00:00-05:00,4053.51,49.86,1353.98
2025-11-24 02:00:00-05:00,4060.07,49.98,1353.98
2025-11-24 03:00:00-05:00,4063.45,50.11,1353.98
2025-11-24 04:00:00-05:00,4072.01,50.22,1353.98
2025-11-24 05:00:00-05:00,4064.01,50.1,1353.98
2025-11-24 06:00:00-05:00,4070.06,50.08,1353.98
2025-11-24 07:00:00-05:00,4080.53,50.31,1353.98
2025-11-24 08:00:00-05:00,4077.86,50.17,1353.98
2025-11-24 09:00:00-05:00,4081.51,50.32,1353.98
2025-11-24 10:00:00-05:00,4091.9,50.37,1353.98
2025-11-24 11:00:00-05:00,4097.35,50.54,1353.98
2025-11-24 12:00:00-05:00,4093.09,50.61,1353.98
2025-11-24 13:00:00-05:00,4120.62,50.96,1353.98
2025-11-24 14:00:00-05:00,4118.61,51.15,1353.98
2025-11-24 15:00:00-05:00,4132.74,51.39,1353.98
2025-11-24 16:00:00-05:00,4135.74,51.38,1353.98
2025-11-24 18:00:00-05:00,4143.91,51.38,1353.98
2025-11-24 19:00:00-05:00,4129.58,51.06,1353.98
2025-11-24 20:00:00-05:00,4134.79,51.37,1353.98
2025-11-24 21:00:00-05:00,4150.86,51.5,1353.98
2025-11-24 22:00:00-05:00,4143.25,51.46,1353.98
2025-11-24 23:00:00-05:00,4140.8,51.51,1353.98
2025-11-25 00:00:00-05:00,4151.1,51.72,1353.98
2025-11-25 01:00:00-05:00,4141.56,51.39,1353.98
2025-11-25 02:00:00-05:00,4132.74,51.27,1353.98
2025-11-25 03:00:00-05:00,4116.15,50.99,1353.98
2025-11-25 04:00:00-05:00,4128.51,51.01,1353.98
2025-11-25 05:00:00-05:00,4131.31,51.15,1353.98
2025-11-25 06:00:00-05:00,4133.55,51.22,1353.98
2025-11-25 07:00:00-05:00,4129.86,51.26,1353.98
2025-11-25 08:00:00-05:00,4147.94,51.63,1353.98
2025-11-25 09:00:00-05:00,4125.72,51.09,1353.98
2025-11-25 10:00:00-05:00,4123.14,50.78,1353.98
2025-11-25 11:00:00-05:00,4136.41,51.11,1353.98
2025-11-25 12:00:00-05:00,4146.22,51.25,1353.98
2025-11-25 13:00:00-05:00,4134.4,51.16,1353.98
2025-11-25 14:00:00-05:00,4133.8,51.24,1353.98
2025-11-25 15:00:00-05:00,4132.39,51.45,1353.98
2025-11-25 16:00:00-05:00,4130.97,51.47,1353.98
2025-11-25 18:00:00-05:00,4133.92,51.36,1353.98
2025-11-25 19:00:00-05:00,4143.12,51.49,1353.98
2025-11-25 20:00:00-05:00,4148.49,51.66,1353.98
2025-11-25 21:00:00-05:00,4161.82,51.92,1353.98
2025-11-25 22:00:00-05:00,4166.21,52.0,1353.98
2025-11-25 23:00:00-05:00,4162.01,52.03,1353.98
2025-11-26 00:00:00-05:00,4162.48,51.97,1353.98
2025-11-26 01:00:00-05:00,4150.26,51.97,1353.98
2025-11-26 02:00:00-05:00,4157.91,52.07,1353.98
2025-11-26 03:00:00-05:00,4161.29,52.24,1353.98
2025-11-26 04:00:00-05:00,4162.86,52.33,1353.98
2025-11-26 05:00:00-05:00,4160.14,52.47,1353.98
2025-11-26 06:00:00-05:00,4172.08,52.44,1353.98
2025-11-26 07:00:00-05:00,4155.24,52.22,1353.98
2025-11-26 08:00:00-05:00,4153.5,52.33,1353.98
2025-11-26 09:00:00-05:00,4142.35,52.1,1353.98
2025-11-26 10:00:00-05:00,4165.26,52.72,1353.98
2025-11-26 11:00:00-05:00,4167.21,53.06,1353.98
2025-11-26 12:00:00-05:00,4167.22,53.11,1353.98
2025-11-26 13:00:00-05:00,4164.85,53.16,1353.98
2025-11-26 14:00:00-05:00,4163.43,53.3,1353.98
2025-11-26 15:00:00-05:00,4164.13,53.34,1353.98
2025-11-26 16:00:00-05:00,4162.67,53.35,1353.98
2025-11-26 18:00:00-05:00,4164.99,53.43,1353.98
2025-11-26 19:00:00-05:00,4164.68,53.38,1353.98
2025-11-26 20:00:00-05:00,4154.36,52.89,1353.98
2025-11-26 21:00:00-05:00,4145.48,52.76,1353.98
2025-11-26 22:00:00-05:00,4147.49,52.89,1353.98
2025-11-26 23:00:00-05:00,4150.97,52.85,1353.98
2025-11-27 00:00:00-05:00,4147.2,52.96,1353.98
2025-11-27 01:00:00-05:00,4157.59,53.43,1353.98
2025-11-27 02:00:00-05:00,4160.19,53.73,1353.98
2025-11-27 03:00:00-05:00,4165.88,53.86,1353.98
2025-11-27 04:00:00-05:00,4158.68,53.38,1353.98
2025-11-27 05:00:00-05:00,4156.53,53.37,1353.98
2025-11-27 06:00:00-05:00,4157.35,53.35,1353.98
2025-11-27 07:00:00-05:00,4154.05,53.3,1353.98
2025-11-27 08:00:00-05:00,4155.04,53.08,1353.98
2025-11-27 09:00:00-05:00,4153.48,53.12,1353.98
2025-11-27 10:00:00-05:00,4158.09,53.17,1353.98
2025-11-27 11:00:00-05:00,4156.38,53.3,1353.98
2025-11-27 12:00:00-05:00,4157.86,53.43,1353.98
2025-11-27 13:00:00-05:00,4159.2,53.41,1353.98
2025-11-27 14:00:00-05:00,4159.65,53.42,1353.98
2025-11-27 18:00:00-05:00,4163.44,53.48,1353.98
2025-11-27 19:00:00-05:00,4180.66,53.56,1353.98
2025-11-27 20:00:00-05:00,4191.16,53.84,1353.98
2025-11-27 21:00:00-05:00,4189.45,54.13,1353.98
2025-11-27 22:00:00-05:00,4184.28,53.53,1353.98
2025-11-27 23:00:00-05:00,4188.7,53.75,1353.98
2025-11-28 00:00:00-05:00,4182.49,54.08,1353.98
2025-11-28 01:00:00-05:00,4187.65,54.04,1353.98
2025-11-28 02:00:00-05:00,4174.85,53.84,1353.98
2025-11-28 03:00:00-05:00,4166.5,53.82,1353.98
2025-11-28 04:00:00-05:00,4167.7,53.74,1353.98
2025-11-28 05:00:00-05:00,4164.23,53.88,1353.98
2025-11-28 06:00:00-05:00,4172.26,53.82,1353.98
2025-11-28 07:00:00-05:00,4176.55,53.88,1353.98
2025-11-28 08:00:00-05:00,4182.69,54.19,1353.98
2025-11-28 09:00:00-05:00,4198.34,55.26,1353.98
2025-11-28 10:00:00-05:00,4203.77,55.56,1353.98
2025-11-28 11:00:00-05:00,4206.32,55.74,1353.98
2025-11-28 12:00:00-05:00,4216.91,56.42,1353.98
2025-11-28 13:00:00-05:00,4220.43,56.53,1353.98
2025-11-28 14:00:00-05:00,4217.81,56.41,1353.98
2025-11-30 18:00:00-05:00,4221.98,57.01,1353.98
2025-11-30 19:00:00-05:00,4230.91,57.42,1353.98
2025-11-30 20:00:00-05:00,4255.68,57.85,1353.98
2025-11-30 21:00:00-05:00,4242.84,57.44,1353.98
2025-11-30 22:00:00-05:00,4239.4,57.25,1353.98
2025-11-30 23:00:00-05:00,4245.75,57.25,1353.98
2025-12-01 00:00:00-05:00,4229.7,56.9,1353.98
2025-12-01 01:00:00-05:00,4236.99,56.83,1353.98
2025-12-01 02:00:00-05:00,4245.39,56.93,1353.98
2025-12-01 03:00:00-05:00,4244.73,57.18,1353.98
2025-12-01 04:00:00-05:00,4250.1,57.36,1353.98
2025-12-01 05:00:00-05:00,4255.65,57.65,1353.98
2025-12-01 06:00:00-05:00,4254.61,57.48,1353.98
2025-12-01 07:00:00-05:00,4246.6,57.05,1353.98
2025-12-01 08:00:00-05:00,4247.46,57.45,1353.98
2025-12-01 09:00:00-05:00,4240.24,57.68,1353.98
2025-12-01 10:00:00-05:00,4232.59,57.68,1353.98
2025-12-01 11:00:00-05:00,4226.26,58.28,1353.98
2025-12-01 12:00:00-05:00,4232.43,58.35,1353.98
2025-12-01 13:00:00-05:00,4240.27,58.5,1353.98
2025-12-01 14:00:00-05:00,4237.01,58.13,1353.98
2025-12-01 15:00:00-05:00,4237.44,57.93,1353.98
2025-12-01 16:00:00-05:00,4231.55,57.99,1353.98
2025-12-01 18:00:00-05:00,4227.75,57.62,1353.98
2025-12-01 19:00:00-05:00,4226.85,57.55,1353.98
2025-12-01 20:00:00-05:00,4219.72,57.07,1353.98
2025-12-01 21:00:00-05:00,4221.68,57.13,1353.98
2025-12-01 22:00:00-05:00,4216.93,57.18,1353.98
2025-12-01 23:00:00-05:00,4218.8,57.19,1353.98
2025-12-02 00:00:00-05:00,4225.15,57.34,1353.98
2025-12-02 01:00:00-05:00,4212.82,57.11,1353.98
2025-12-02 02:00:00-05:00,4213.47,57.27,1353.98
2025-12-02 03:00:00-05:00,4210.31,57.08,1353.98
2025-12-02 04:00:00-05:00,4191.99,56.93,1353.98
2025-12-02 05:00:00-05:00,4185.78,57.01,1353.98
2025-12-02 06:00:00-05:00,4205.44,57.37,1353.98
2025-12-02 07:00:00-05:00,4208.86,57.46,1353.98
2025-12-02 08:00:00-05:00,4212.5,57.58,1353.98
2025-12-02 09:00:00-05:00,4218.99,58.16,1353.98
2025-12-02 10:00:00-05:00,4169.69,57.16,1353.98
2025-12-02 11:00:00-05:00,4184.85,57.69,1353.98
2025-12-02 12:00:00-05:00,4193.83,58.04,1353.98
2025-12-02 13:00:00-05:00,4191.04,58.04,1353.98
2025-12-02 14:00:00-05:00,4196.65,58.32,1353.98
2025-12-02 15:00:00-05:00,4210.16,58.57,1353.98
2025-12-02 16:00:00-05:00,4206.14,58.48,1353.98
2025-12-02 18:00:00-05:00,4212.67,58.66,1353.98
2025-12-02 19:00:00-05:00,4211.86,58.36,1353.98
2025-12-02 20:00:00-05:00,4214.49,58.31,1353.98
2025-12-02 21:00:00-05:00,4226.76,58.74,1353.98
2025-12-02 22:00:00-05:00,4221.19,58.88,1353.98
2025-12-02 23:00:00-05:00,4222.38,58.77,1353.98
2025-12-03 00:00:00-05:00,4207.91,57.95,1353.98
2025-12-03 01:00:00-05:00,4208.24,58.0,1353.98
2025-12-03 02:00:00-05:00,4206.46,58.09,1353.98
2025-12-03 03:00:00-05:00,4206.51,58.13,1353.98
2025-12-03 04:00:00-05:00,4202.16,58.19,1353.98
2025-12-03 05:00:00-05:00,4200.66,58.06,1353.98
2025-12-03 06:00:00-05:00,4208.77,58.37,1353.98
2025-12-03 07:00:00-05:00,4213.68,58.56,1353.98
2025-12-03 08:00:00-05:00,4237.24,58.94,1353.98
2025-12-03 09:00:00-05:00,4212.77,58.31,1353.98
2025-12-03 10:00:00-05:00,4216.41,58.46,1353.98
2025-12-03 11:00:00-05:00,4200.9,58.06,1353.98
2025-12-03 12:00:00-05:00,4211.21,58.38,1353.98
2025-12-03 13:00:00-05:00,4197.03,58.25,1353.98
2025-12-03 14:00:00-05:00,4207.97,58.48,1353.98
2025-12-03 15:00:00-05:00,4206.35,58.49,1353.98
2025-12-03 16:00:00-05:00,4203.23,58.49,1353.98
2025-12-03 18:00:00-05:00,4207.35,58.52,1353.98
2025-12-03 19:00:00-05:00,4211.74,58.44,1353.98
2025-12-03 20:00:00-05:00,4209.27,58.55,1353.98
2025-12-03 21:00:00-05:00,4200.62,58.34,1353.98
2025-12-03 22:00:00-05:00,4195.91,58.15,1353.98
2025-12-03 23:00:00-05:00,4197.09,58.17,1353.98
2025-12-04 00:00:00-05:00,4181.23,57.66,1353.98
2025-12-04 01:00:00-05:00,4190.23,57.47,1353.98
2025-12-04 02:00:00-05:00,4193.82,57.46,1353.98
2025-12-04 03:00:00-05:00,4185.03,56.87,1353.98
2025-12-04 04:00:00-05:00,4200.04,57.41,1353.98
2025-12-04 05:00:00-05:00,4197.43,57.45,1353.98
2025-12-04 06:00:00-05:00,4198.58,57.56,1353.98
2025-12-04 07:00:00-05:00,4190.57,57.32,1353.98
2025-12-04 08:00:00-05:00,4198.36,57.47,1353.98
2025-12-04 09:00:00-05:00,4201.48,56.81,1353.98
2025-12-04 10:00:00-05:00,4207.6,56.94,1353.98
2025-12-04 11:00:00-05:00,4215.93,57.15,1353.98
2025-12-04 12:00:00-05:00,4216.58,57.17,1353.98
2025-12-04 13:00:00-05:00,4208.08,56.92,1353.98
2025-12-04 14:00:00-05:00,4209.04,57.05,1353.98
2025-12-04 15:00:00-05:00,4210.04,57.11,1353.98
2025-12-04 16:00:00-05:00,4208.16,57.13,1353.98
2025-12-04 18:00:00-05:00,4206.18,57.04,1353.98
2025-12-04 19:00:00-05:00,4201.65,57.0,1353.98
2025-12-04 20:00:00-05:00,4203.1,57.2,1353.98
2025-12-04 21:00:00-05:00,4207.41,57.6,1353.98
2025-12-04 22:00:00-05:00,4209.66,57.45,1353.98
2025-12-04 23:00:00-05:00,4216.77,57.76,1353.98
2025-12-05 00:00:00-05:00,4220.58,58.14,1353.98
2025-12-05 01:00:00-05:00,4224.65,58.27,1353.98
2025-12-05 02:00:00-05:00,4224.55,58.22,1353.98
2025-12-05 03:00:00-05:00,4220.68,58.15,1353.98
2025-12-05 04:00:00-05:00,4223.41,58.16,1353.98
2025-12-05 05:00:00-05:00,4222.95,58.15,1353.98
2025-12-05 06:00:00-05:00,4223.68,58.18,1353.98
2025-12-05 07:00:00-05:00,4228.82,58.15,1353.98
2025-12-05 08:00:00-05:00,4234.65,58.19,1353.98
2025-12-05 09:00:00-05:00,4242.2,58.59,1353.98
2025-12-05 10:00:00-05:00,4243.94,59.09,1353.98
2025-12-05 11:00:00-05:00,4214.23,58.46,1353.98
2025-12-05 12:00:00-05:00,4217.7,58.67,1353.98
2025-12-05 13:00:00-05:00,4208.89,58.51,1353.98
2025-12-05 14:00:00-05:00,4207.67,58.45,1353.98
2025-12-05 15:00:00-05:00,4202.27,58.38,1353.98
2025-12-05 16:00:00-05:00,4198.86,58.31,1353.98
2025-12-07 18:00:00-05:00,4201.84,58.47,1353.98
2025-12-07 19:00:00-05:00,4211.0,58.58,1353.98
2025-12-07 20:00:00-05:00,4201.27,57.85,1353.98
2025-12-07 21:00:00-05:00,4208.59,57.95,1353.98
2025-12-07 22:00:00-05:00,4210.19,58.03,1353.98
2025-12-07 23:00:00-05:00,4208.66,57.96,1353.98
2025-12-08 00:00:00-05:00,4217.18,58.3,1353.98
2025-12-08 01:00:00-05:00,4217.07,58.38,1353.98
2025-12-08 02:00:00-05:00,4206.91,58.26,1353.98
2025-12-08 03:00:00-05:00,4209.85,58.45,1353.98
2025-12-08 04:00:00-05:00,4208.09,58.36,1353.98
2025-12-08 05:00:00-05:00,4203.63,58.43,1353.98
2025-12-08 06:00:00-05:00,4208.72,58.37,1353.98
2025-12-08 07:00:00-05:00,4213.88,58.53,1353.98
2025-12-08 08:00:00-05:00,4201.73,58.19,1353.98
2025-12-08 09:00:00-05:00,4196.68,58.2,1353.98
2025-12-08 10:00:00-05:00,4183.0,57.93,1353.98
2025-12-08 11:00:00-05:00,4191.6,57.99,1353.98
2025-12-08 12:00:00-05:00,4194.95,58.11,1353.98
2025-12-08 13:00:00-05:00,4187.29,57.98,1353.98
2025-12-08 14:00:00-05:00,4187.06,58.01,1353.98
2025-12-08 15:00:00-05:00,4191.61,58.13,1353.98
2025-12-08 16:00:00-05:00,4190.16,58.17,1353.98
2025-12-08 18:00:00-05:00,4194.77,58.13,1353.98
2025-12-08 19:00:00-05:00,4190.45,58.01,1353.98
2025-12-08 20:00:00-05:00,4196.25,58.14,1353.98
2025-12-08 21:00:00-05:00,4189.89,58.19,1353.98
2025-12-08 22:00:00-05:00,4194.59,58.3,1353.98
2025-12-08 23:00:00-05:00,4186.93,58.24,1353.98
2025-12-09 00:00:00-05:00,4179.88,57.71,1353.98
2025-12-09 01:00:00-05:00,4182.22,57.99,1353.98
2025-12-09 02:00:00-05:00,4182.45,58.05,1353.98
2025-12-09 03:00:00-05:00,4191.85,58.36,1353.98
2025-12-09 04:00:00-05:00,4202.98,58.54,1353.98
2025-12-09 05:00:00-05:00,4204.01,58.61,1353.98
2025-12-09 06:00:00-05:00,4203.1,58.53,1353.98
2025-12-09 07:00:00-05:00,4204.27,58.71,1353.98
2025-12-09 08:00:00-05:00,4201.41,58.87,1353.98
2025-12-09 09:00:00-05:00,4205.0,59.12,1353.98
2025-12-09 10:00:00-05:00,4212.58,60.23,1353.98
2025-12-09 11:00:00-05:00,4212.39,60.32,1353.98
2025-12-09 12:00:00-05:00,4203.0,60.19,1353.98
2025-12-09 13:00:00-05:00,4209.06,60.56,1353.98
2025-12-09 14:00:00-05:00,4212.63,60.68,1353.98
2025-12-09 15:00:00-05:00,4212.27,60.79,1353.98
2025-12-09 16:00:00-05:00,4208.17,60.67,1353.98
2025-12-09 18:00:00-05:00,4210.84,60.86,1353.98
2025-12-09 19:00:00-05:00,4208.47,60.68,1353.98
2025-12-09 20:00:00-05:00,4213.93,61.29,1353.98
2025-12-09 21:00:00-05:00,4217.17,61.24,1353.98
2025-12-09 22:00:00-05:00,4206.41,61.02,1353.98
2025-12-09 23:00:00-05:00,4207.18,61.09,1353.98
2025-12-10 00:00:00-05:00,4211.43,61.32,1353.98
2025-12-10 01:00:00-05:00,4207.43,61.4,1353.98
2025-12-10 02:00:00-05:00,4203.44,61.47,1353.98
2025-12-10 03:00:00-05:00,4198.06,61.03,1353.98
2025-12-10 04:00:00-05:00,4194.37,60.9,1353.98
2025-12-10 05:00:00-05:00,4193.35,61.08,1353.98
2025-12-10 06:00:00-05:00,4197.47,61.03,1353.98
2025-12-10 07:00:00-05:00,4196.56,61.03,1353.98
2025-12-10 08:00:00-05:00,4200.78,60.8,1353.98
2025-12-10 09:00:00-05:00,4192.6,60.4,1353.98
2025-12-10 10:00:00-05:00,4193.81,60.55,1353.98
2025-12-10 11:00:00-05:00,4204.81,60.89,1353.98
2025-12-10 12:00:00-05:00,4199.87,60.67,1353.98
2025-12-10 13:00:00-05:00,4194.75,60.37,1353.98
2025-12-10 14:00:00-05:00,4216.55,61.11,1353.98
2025-12-10 15:00:00-05:00,4230.05,61.77,1353.98
2025-12-10 16:00:00-05:00,4225.64,61.82,1353.98
2025-12-10 18:00:00-05:00,4232.47,61.92,1353.98
2025-12-10 19:00:00-05:00,4237.28,62.29,1353.98
2025-12-10 20:00:00-05:00,4238.36,62.79,1353.98
2025-12-10 21:00:00-05:00,4222.36,62.27,1353.98
2025-12-10 22:00:00-05:00,4217.02,62.07,1353.98
2025-12-10 23:00:00-05:00,4213.62,61.91,1353.98
2025-12-11 00:00:00-05:00,4207.55,61.65,1353.98
2025-12-11 01:00:00-05:00,4214.58,62.07,1353.98
2025-12-11 02:00:00-05:00,4216.16,62.04,1353.98
2025-12-11 03:00:00-05:00,4216.59,62.15,1353.98
2025-12-11 04:00:00-05:00,4218.53,62.08,1353.98
2025-12-11 05:00:00-05:00,4217.05,62.39,1353.98
2025-12-11 06:00:00-05:00,4211.26,62.03,1353.98
2025-12-11 07:00:00-05:00,4220.54,62.3,1353.98
2025-12-11 08:00:00-05:00,4221.09,62.48,1353.98
2025-12-11 09:00:00-05:00,4230.22,62.44,1353.98
2025-12-11 10:00:00-05:00,4256.18,63.29,1353.98
2025-12-11 11:00:00-05:00,4273.78,63.91,1353.98
2025-12-11 12:00:00-05:00,4278.73,64.01,1353.98
2025-12-11 13:00:00-05:00,4268.23,63.45,1353.98
2025-12-11 14:00:00-05:00,4273.68,63.78,1353.98
2025-12-11 15:00:00-05:00,4276.39,63.56,1353.98
2025-12-11 16:00:00-05:00,4280.03,63.58,1353.98
2025-12-11 18:00:00-05:00,4276.65,63.07,1353.98
2025-12-11 19:00:00-05:00,4269.53,63.29,1353.98
2025-12-11 20:00:00-05:00,4271.01,63.38,1353.98
2025-12-11 21:00:00-05:00,4270.52,63.65,1353.98
2025-12-11 22:00:00-05:00,4270.74,63.53,1353.98
2025-12-11 23:00:00-05:00,4266.56,63.44,1353.98
2025-12-12 00:00:00-05:00,4279.13,63.79,1353.98
2025-12-12 01:00:00-05:00,4282.89,63.65,1353.98
2025-12-12 02:00:00-05:00,4287.18,63.73,1353.98
2025-12-12 03:00:00-05:00,4308.34,63.99,1353.98
2025-12-12 04:00:00-05:00,4318.43,64.12,1353.98
2025-12-12 05:00:00-05:00,4329.97,64.32,1353.98
2025-12-12 06:00:00-05:00,4336.4,64.51,1353.98
2025-12-12 07:00:00-05:00,4325.82,64.06,1353.98
2025-12-12 08:00:00-05:00,4341.07,64.46,1353.98
2025-12-12 09:00:00-05:00,4347.15,64.38,1353.98
2025-12-12 10:00:00-05:00,4290.47,62.09,1353.98
2025-12-12 11:00:00-05:00,4281.85,61.29,1353.98
2025-12-12 12:00:00-05:00,4294.39,61.77,1353.98
2025-12-12 13:00:00-05:00,4294.98,61.64,1353.98
2025-12-12 14:00:00-05:00,4296.66,61.84,1353.98
2025-12-12 15:00:00-05:00,4299.48,61.85,1353.98
2025-12-12 16:00:00-05:00,4298.0,61.91,1353.98
2025-12-14 18:00:00-05:00,4302.51,61.97,1353.98
2025-12-14 19:00:00-05:00,4307.88,62.07,1353.98
2025-12-14 20:00:00-05:00,4322.56,62.6,1353.98
2025-12-14 21:00:00-05:00,4326.48,62.66,1353.98
2025-12-14 22:00:00-05:00,4327.3,62.62,1353.98
2025-12-14 23:00:00-05:00,4326.22,62.62,1353.98
2025-12-15 00:00:00-05:00,4343.58,63.06,1353.98
2025-12-15 01:00:00-05:00,4343.65,63.3,1353.98
2025-12-15 02:00:00-05:00,4339.34,63.27,1353.98
2025-12-15 03:00:00-05:00,4347.14,63.83,1353.98
2025-12-15 04:00:00-05:00,4342.64,63.68,1353.98
2025-12-15 05:00:00-05:00,4339.74,63.74,1353.98
2025-12-15 06:00:00-05:00,4342.85,63.88,1353.98
2025-12-15 07:00:00-05:00,4345.85,64.03,1353.98
2025-12-15 08:00:00-05:00,4332.32,63.78,1353.98
2025-12-15 09:00:00-05:00,4323.88,63.44,1353.98
2025-12-15 10:00:00-05:00,4318.23,63.82,1353.98
2025-12-15 11:00:00-05:00,4297.6,63.33,1353.98
2025-12-15 12:00:00-05:00,4304.49,63.47,1353.98
2025-12-15 13:00:00-05:00,4313.22,63.76,1353.98
2025-12-15 14:00:00-05:00,4314.25,64.1,1353.98
2025-12-15 15:00:00-05:00,4304.49,64.06,1353.98
2025-12-15 16:00:00-05:00,4306.5,64.09,1353.98
2025-12-15 18:00:00-05:00,4304.24,63.91,1353.98
2025-12-15 19:00:00-05:00,4307.9,63.69,1353.98
2025-12-15 20:00:00-05:00,4308.89,63.78,1353.98
2025-12-15 21:00:00-05:00,4289.77,63.04,1353.98
2025-12-15 22:00:00-05:00,4291.01,62.74,1353.98
2025-12-15 23:00:00-05:00,4289.17,62.86,1353.98
2025-12-16 00:00:00-05:00,4284.23,62.69,1353.98
2025-12-16 01:00:00-05:00,4289.34,63.09,1353.98
2025-12-16 02:00:00-05:00,4287.77,63.17,1353.98
2025-12-16 03:00:00-05:00,4284.75,63.2,1353.98
2025-12-16 04:00:00-05:00,4280.49,62.96,1353.98
2025-12-16 05:00:00-05:00,4277.44,63.02,1353.98
2025-12-16 06:00:00-05:00,4278.58,62.98,1353.98
2025-12-16 07:00:00-05:00,4294.6,63.08,1353.98
2025-12-16 08:00:00-05:00,4313.07,63.57,1353.98
2025-12-16 09:00:00-05:00,4324.64,63.48,1353.98
2025-12-16 10:00:00-05:00,4319.77,63.59,1353.98
2025-12-16 11:00:00-05:00,4300.63,63.41,1353.98
2025-12-16 12:00:00-05:00,4303.63,63.39,1353.98
2025-12-16 13:00:00-05:00,4311.4,63.81,1353.98
2025-12-16 14:00:00-05:00,4310.78,63.88,1353.98
2025-12-16 15:00:00-05:00,4304.67,63.67,1353.98
2025-12-16 16:00:00-05:00,4303.59,63.74,1353.98
2025-12-16 18:00:00-05:00,4308.06,63.8,1353.98
2025-12-16 19:00:00-05:00,4313.39,63.82,1353.98
2025-12-16 20:00:00-05:00,4326.8,65.61,1353.98
2025-12-16 21:00:00-05:00,4314.52,65.58,1353.98
2025-12-16 22:00:00-05:00,4323.84,65.87,1353.98
2025-12-16 23:00:00-05:00,4329.79,65.99,1353.98
2025-12-17 00:00:00-05:00,4334.09,66.21,1353.98
2025-12-17 01:00:00-05:00,4328.82,66.12,1353.98
2025-12-17 02:00:00-05:00,4318.07,65.66,1353.98
2025-12-17 03:00:00-05:00,4319.21,65.67,1353.98
2025-12-17 04:00:00-05:00,4317.01,65.73,1353.98
2025-12-17 05:00:00-05:00,4317.77,65.88,1353.98
2025-12-17 06:00:00-05:00,4316.5,65.91,1353.98
2025-12-17 07:00:00-05:00,4317.6,65.88,1353.98
2025-12-17 08:00:00-05:00,4342.19,65.99,1353.98
2025-12-17 09:00:00-05:00,4338.44,66.07,1353.98
2025-12-17 10:00:00-05:00,4330.3,65.66,1353.98
2025-12-17 11:00:00-05:00,4333.61,66.45,1353.98
2025-12-17 12:00:00-05:00,4342.43,66.77,1353.98
2025-12-17 13:00:00-05:00,4336.19,66.29,1353.98
2025-12-17 14:00:00-05:00,4337.11,66.51,1353.98
2025-12-17 15:00:00-05:00,4341.49,66.46,1353.98
2025-12-17 16:00:00-05:00,4338.47,66.31,1353.98
2025-12-17 18:00:00-05:00,4339.23,66.32,1353.98
2025-12-17 19:00:00-05:00,4334.85,66.33,1353.98
2025-12-17 20:00:00-05:00,4331.72,66.28,1353.98
2025-12-17 21:00:00-05:00,4333.26,66.4,1353.98
2025-12-17 22:00:00-05:00,4333.23,66.4,1353.98
2025-12-17 23:00:00-05:00,4331.93,66.31,1353.98
2025-12-18 00:00:00-05:00,4333.35,66.29,1353.98
2025-12-18 01:00:00-05:00,4334.0,66.43,1353.98
2025-12-18 02:00:00-05:00,4331.48,66.51,1353.98
2025-12-18 03:00:00-05:00,4326.61,66.03,1353.98
2025-12-18 04:00:00-05:00,4323.54,66.0,1353.98
2025-12-18 05:00:00-05:00,4325.37,66.08,1353.98
2025-12-18 06:00:00-05:00,4325.66,66.3,1353.98
2025-12-18 07:00:00-05:00,4320.92,66.05,1353.98
2025-12-18 08:00:00-05:00,4336.6,66.32,1353.98
2025-12-18 09:00:00-05:00,4328.73,65.5,1353.98
2025-12-18 10:00:00-05:00,4338.24,65.48,1353.98
2025-12-18 11:00:00-05:00,4360.42,65.82,1353.98
2025-12-18 12:00:00-05:00,4333.43,65.3,1353.98
2025-12-18 13:00:00-05:00,4331.73,65.37,1353.98
2025-12-18 14:00:00-05:00,4324.99,65.19,1353.98
2025-12-18 15:00:00-05:00,4334.96,65.42,1353.98
2025-12-18 16:00:00-05:00,4330.98,65.48,1353.98
2025-12-18 18:00:00-05:00,4335.18,65.57,1353.98
2025-12-18 19:00:00-05:00,4326.11,65.41,1353.98
2025-12-18 20:00:00-05:00,4323.35,64.91,1353.98
2025-12-18 21:00:00-05:00,4316.88,64.85,1353.98
2025-12-18 22:00:00-05:00,4318.17,65.13,1353.98
2025-12-18 23:00:00-05:00,4322.86,65.43,1353.98
2025-12-19 00:00:00-05:00,4326.09,65.86,1353.98
2025-12-19 01:00:00-05:00,4326.54,65.83,1353.98
2025-12-19 02:00:00-05:00,4322.99,65.72,1353.98
2025-12-19 03:00:00-05:00,4326.13,65.84,1353.98
2025-12-19 04:00:00-05:00,4329.6,66.03,1353.98
2025-12-19 05:00:00-05:00,4327.91,66.06,1353.98
2025-12-19 06:00:00-05:00,4327.33,65.87,1353.98
2025-12-19 07:00:00-05:00,4326.9,65.78,1353.98
2025-12-19 08:00:00-05:00,4328.48,65.85,1353.98
2025-12-19 09:00:00-05:00,4333.16,66.29,1353.98
2025-12-19 10:00:00-05:00,4347.97,66.83,1353.98
2025-12-19 11:00:00-05:00,4350.06,67.27,1353.98
2025-12-19 12:00:00-05:00,4353.64,67.39,1353.98
2025-12-19 13:00:00-05:00,4348.75,67.19,1353.98
2025-12-19 14:00:00-05:00,4345.35,67.22,1353.98
2025-12-19 15:00:00-05:00,4339.66,67.21,1353.98
2025-12-19 16:00:00-05:00,4342.73,67.17,1353.98
2025-12-21 18:00:00-05:00,4355.36,67.44,1353.98
2025-12-21 19:00:00-05:00,4365.03,67.55,1353.98
2025-12-21 20:00:00-05:00,4382.99,68.39,1353.98
2025-12-21 21:00:00-05:00,4386.08,68.76,1353.98
2025-12-21 22:00:00-05:00,4392.78,69.22,1353.98
2025-12-21 23:00:00-05:00,4398.56,69.37,1353.98
2025-12-22 00:00:00-05:00,4400.27,68.64,1353.98
2025-12-22 01:00:00-05:00,4419.36,69.21,1353.98
2025-12-22 02:00:00-05:00,4414.53,69.0,1353.98
2025-12-22 03:00:00-05:00,4408.26,68.74,1353.98
2025-12-22 04:00:00-05:00,4411.19,68.96,1353.98
2025-12-22 05:00:00-05:00,4408.78,69.02,1353.98
2025-12-22 06:00:00-05:00,4410.43,69.1,1353.98
2025-12-22 07:00:00-05:00,4415.71,69.07,1353.98
2025-12-22 08:00:00-05:00,4423.73,68.93,1353.98
2025-12-22 09:00:00-05:00,4419.24,68.9,1353.98
2025-12-22 10:00:00-05:00,4431.96,68.81,1353.98
2025-12-22 11:00:00-05:00,4438.89,68.76,1353.98
2025-12-22 12:00:00-05:00,4438.66,68.6,1353.98
2025-12-22 13:00:00-05:00,4435.34,68.36,1353.98
2025-12-22 14:00:00-05:00,4433.66,68.58,1353.98
2025-12-22 15:00:00-05:00,4438.78,68.89,1353.98
2025-12-22 16:00:00-05:00,4444.91,69.04,1353.98
2025-12-22 18:00:00-05:00,4460.3,69.14,1353.98
2025-12-22 19:00:00-05:00,4470.66,69.18,1353.98
2025-12-22 20:00:00-05:00,4486.82,69.3,1353.98
2025-12-22 21:00:00-05:00,4493.57,69.82,1353.98
2025-12-22 22:00:00-05:00,4486.91,69.61,1353.98
2025-12-22 23:00:00-05:00,4482.51,69.61,1353.98
2025-12-23 00:00:00-05:00,4475.37,69.3,1353.98
2025-12-23 01:00:00-05:00,4481.56,69.37,1353.98
2025-12-23 02:00:00-05:00,4487.1,69.55,1353.98
2025-12-23 03:00:00-05:00,4489.91,69.52,1353.98
2025-12-23 04:00:00-05:00,4480.5,69.5,1353.98
2025-12-23 05:00:00-05:00,4484.45,69.69,1353.98
2025-12-23 06:00:00-05:00,4493.61,69.74,1353.98
2025-12-23 07:00:00-05:00,4486.41,69.59,1353.98
2025-12-23 08:00:00-05:00,4479.15,70.5,1353.98
2025-12-23 09:00:00-05:00,4446.37,69.47,1353.98
2025-12-23 10:00:00-05:00,4458.54,69.76,1353.98
2025-12-23 11:00:00-05:00,4474.42,70.49,1353.98
2025-12-23 12:00:00-05:00,4472.86,70.66,1353.98
2025-12-23 13:00:00-05:00,4484.61,71.16,1353.98
2025-12-23 14:00:00-05:00,4490.95,71.18,1353.98
2025-12-23 15:00:00-05:00,4497.74,71.53,1353.98
2025-12-23 16:00:00-05:00,4484.34,71.46,1353.98
2025-12-23 18:00:00-05:00,4503.42,71.82,1353.98
2025-12-23 19:00:00-05:00,4512.01,71.9,1353.98
2025-12-23 20:00:00-05:00,4518.91,72.44,1353.98
2025-12-23 21:00:00-05:00,4477.76,71.82,1353.98
2025-12-23 22:00:00-05:00,4493.26,72.3,1353.98
2025-12-23 23:00:00-05:00,4499.44,72.26,1353.98
2025-12-24 00:00:00-05:00,4488.57,72.1,1353.98
2025-12-24 01:00:00-05:00,4493.61,72.28,1353.98
2025-12-24 02:00:00-05:00,4483.99,72.1,1353.98
2025-12-24 03:00:00-05:00,4482.32,71.48,1353.98
2025-12-24 04:00:00-05:00,4494.74,72.09,1353.98
2025-12-24 05:00:00-05:00,4489.59,72.04,1353.98
2025-12-24 06:00:00-05:00,4491.58,72.18,1353.98
2025-12-24 07:00:00-05:00,4490.82,72.34,1353.98
2025-12-24 08:00:00-05:00,4487.98,71.97,1353.98
2025-12-24 09:00:00-05:00,4464.82,70.89,1353.98
2025-12-24 10:00:00-05:00,4458.5,70.69,1353.98
2025-12-24 11:00:00-05:00,4476.92,71.73,1353.98
2025-12-24 12:00:00-05:00,4480.76,71.96,1353.98
2025-12-24 13:00:00-05:00,4480.84,71.8,1353.98
2025-12-25 19:00:00-05:00,4517.78,74.18,1353.98
2025-12-25 20:00:00-05:00,4504.11,74.6,1353.98
2025-12-25 21:00:00-05:00,4508.88,74.82,1353.98
2025-12-25 22:00:00-05:00,4502.02,74.37,1353.98
2025-12-25 23:00:00-05:00,4509.3,74.7,1353.98
2025-12-26 00:00:00-05:00,4510.14,75.03,1353.98
2025-12-26 01:00:00-05:00,4512.41,74.69,1353.98
2025-12-26 02:00:00-05:00,4511.13,74.64,1353.98
2025-12-26 03:00:00-05:00,4520.99,74.97,1353.98
2025-12-26 04:00:00-05:00,4514.29,74.83,1353.98
2025-12-26 05:00:00-05:00,4516.91,75.2,1353.98
2025-12-26 06:00:00-05:00,4513.4,74.5,1353.98
2025-12-26 07:00:00-05:00,4510.93,74.58,1353.98
2025-12-26 08:00:00-05:00,4525.93,74.7,1353.98
2025-12-26 09:00:00-05:00,4521.92,75.1,1353.98
2025-12-26 10:00:00-05:00,4546.68,75.76,1353.98
2025-12-26 11:00:00-05:00,4540.01,75.72,1353.98
2025-12-26 12:00:00-05:00,4525.34,76.47,1353.98
2025-12-26 13:00:00-05:00,4531.15,77.34,1353.98
2025-12-26 14:00:00-05:00,4523.91,77.36,1353.98
2025-12-26 15:00:00-05:00,4531.96,78.43,1353.98
2025-12-26 16:00:00-05:00,4531.51,79.12,1353.98
2025-12-28 18:00:00-05:00,4527.24,81.85,1353.98
2025-12-28 19:00:00-05:00,4497.42,76.79,1353.98
2025-12-28 20:00:00-05:00,4497.37,76.96,1353.98
2025-12-28 21:00:00-05:00,4512.52,78.32,1353.98
2025-12-28 22:00:00-05:00,4516.63,80.38,1353.98
2025-12-28 23:00:00-05:00,4515.7,79.83,1353.98
2025-12-29 00:00:00-05:00,4506.81,79.09,1353.98
2025-12-29 01:00:00-05:00,4475.16,75.89,1353.98
2025-12-29 02:00:00-05:00,4474.68,76.06,1353.98
2025-12-29 03:00:00-05:00,4461.2,74.53,1353.98
2025-12-29 04:00:00-05:00,4472.36,75.74,1353.98
2025-12-29 05:00:00-05:00,4461.08,75.56,1353.98
2025-12-29 06:00:00-05:00,4446.73,74.37,1353.98
2025-12-29 07:00:00-05:00,4464.6,75.31,1353.98
2025-12-29 08:00:00-05:00,4421.69,73.86,1353.98
2025-12-29 09:00:00-05:00,4360.45,72.68,1353.98
2025-12-29 10:00:00-05:00,4325.33,71.39,1353.98
2025-12-29 11:00:00-05:00,4341.86,72.44,1353.98
2025-12-29 12:00:00-05:00,4328.24,71.65,1353.98
2025-12-29 13:00:00-05:00,4331.55,71.71,1353.98
2025-12-29 14:00:00-05:00,4337.08,72.33,1353.98
2025-12-29 15:00:00-05:00,4334.77,72.83,1353.98
2025-12-29 16:00:00-05:00,4332.98,72.21,1353.98
2025-12-29 18:00:00-05:00,4345.77,72.54,1353.98
2025-12-29 19:00:00-05:00,4339.75,72.81,1353.98
2025-12-29 20:00:00-05:00,4359.99,73.68,1353.98
2025-12-29 21:00:00-05:00,4362.74,73.94,1353.98
2025-12-29 22:00:00-05:00,4359.38,74.36,1353.98
2025-12-29 23:00:00-05:00,4363.55,74.47,1353.98
2025-12-30 00:00:00-05:00,4377.81,75.08,1353.98
2025-12-30 01:00:00-05:00,4364.85,74.92,1353.98
2025-12-30 02:00:00-05:00,4372.69,74.9,1353.98
2025-12-30 03:00:00-05:00,4365.12,74.31,1353.98
2025-12-30 04:00:00-05:00,4372.21,74.63,1353.98
2025-12-30 05:00:00-05:00,4384.97,74.53,1353.98
2025-12-30 06:00:00-05:00,4384.35,74.86,1353.98
2025-12-30 07:00:00-05:00,4401.41,76.03,1353.98
2025-12-30 08:00:00-05:00,4388.58,76.33,1353.98
2025-12-30 09:00:00-05:00,4366.32,75.46,1353.98
2025-12-30 10:00:00-05:00,4365.31,76.06,1353.98
2025-12-30 11:00:00-05:00,4377.91,77.02,1353.98
2025-12-30 12:00:00-05:00,4370.27,77.56,1353.98
2025-12-30 13:00:00-05:00,4364.94,77.52,1353.98
2025-12-30 14:00:00-05:00,4348.63,76.23,1353.98
2025-12-30 15:00:00-05:00,4341.7,76.07,1353.98
2025-12-30 16:00:00-05:00,4338.49,76.25,1353.98
2025-12-30 18:00:00-05:00,4339.06,75.23,1353.98
2025-12-30 19:00:00-05:00,4342.43,74.72,1353.98
2025-12-30 20:00:00-05:00,4366.21,75.46,1353.98
2025-12-30 21:00:00-05:00,4348.84,73.16,1353.98
2025-12-30 22:00:00-05:00,4348.53,72.1,1353.98
2025-12-30 23:00:00-05:00,4333.01,71.72,1353.98
2025-12-31 00:00:00-05:00,4285.87,70.96,1353.98
2025-12-31 01:00:00-05:00,4328.24,71.81,1353.98
2025-12-31 02:00:00-05:00,4331.26,72.26,1353.98
2025-12-31 03:00:00-05:00,4307.44,71.03,1353.98
2025-12-31 04:00:00-05:00,4325.98,71.88,1353.98
2025-12-31 05:00:00-05:00,4306.73,71.9,1353.98
2025-12-31 06:00:00-05:00,4310.99,71.95,1353.98
2025-12-31 07:00:00-05:00,4313.96,71.9,1353.98
2025-12-31 08:00:00-05:00,4346.01,72.23,1353.98
2025-12-31 09:00:00-05:00,4346.07,73.4,1353.98
2025-12-31 10:00:00-05:00,4337.37,72.41,1353.98
2025-12-31 11:00:00-05:00,4323.16,71.73,1353.98
2025-12-31 12:00:00-05:00,4321.97,71.3,1353.98
2025-12-31 13:00:00-05:00,4319.78,71.64,1353.98
2025-12-31 14:00:00-05:00,4311.58,70.49,1353.98
2025-12-31 15:00:00-05:00,4313.55,71.08,1353.98
2025-12-31 16:00:00-05:00,4319.82,71.58,1353.98
2026-01-01 19:00:00-05:00,4354.24,72.71,1353.98
2026-01-01 20:00:00-05:00,4348.1,72.81,1353.98
2026-01-01 21:00:00-05:00,4363.02,72.88,1353.98
2026-01-01 22:00:00-05:00,4375.28,73.37,1353.98
2026-01-01 23:00:00-05:00,4373.4,73.38,1353.98
2026-01-02 00:00:00-05:00,4380.82,73.98,1353.98
2026-01-02 01:00:00-05:00,4374.88,73.94,1353.98
2026-01-02 02:00:00-05:00,4382.86,74.04,1353.98
2026-01-02 03:00:00-05:00,4387.18,74.44,1353.98
2026-01-02 04:00:00-05:00,4385.56,74.42,1353.98
2026-01-02 05:00:00-05:00,4396.18,74.5,1353.98
2026-01-02 06:00:00-05:00,4393.0,74.22,1353.98
2026-01-02 07:00:00-05:00,4394.45,74.01,1353.98
2026-01-02 08:00:00-05:00,4366.02,73.89,1353.98
2026-01-02 09:00:00-05:00,4353.6,73.59,1353.98
2026-01-02 10:00:00-05:00,4335.3,72.63,1353.98
2026-01-02 11:00:00-05:00,4326.51,72.24,1353.98
2026-01-02 12:00:00-05:00,4323.06,71.94,1353.98
2026-01-02 13:00:00-05:00,4315.18,71.89,1353.98
2026-01-02 14:00:00-05:00,4318.16,72.02,1353.98
2026-01-02 15:00:00-05:00,4331.61,72.56,1353.98
2026-01-02 16:00:00-05:00,4332.01,72.88,1353.98
2026-01-04 18:00:00-05:00,4372.65,74.05,1353.98
2026-01-04 19:00:00-05:00,4395.1,75.5,1353.98
2026-01-04 20:00:00-05:00,4401.88,75.55,1353.98
2026-01-04 21:00:00-05:00,4405.43,75.57,1353.98
2026-01-04 22:00:00-05:00,4400.13,75.2,1353.98
2026-01-04 23:00:00-05:00,4404.27,75.5,1353.98
2026-01-05 00:00:00-05:00,4412.38,75.38,1353.98
2026-01-05 01:00:00-05:00,4420.36,75.48,1353.98
2026-01-05 02:00:00-05:00,4421.97,75.5,1353.98
2026-01-05 03:00:00-05:00,4430.11,75.79,1353.98
2026-01-05 04:00:00-05:00,4434.98,76.3,1353.98
2026-01-05 05:00:00-05:00,4436.24,75.81,1353.98
2026-01-05 06:00:00-05:00,4419.39,74.79,1353.98
2026-01-05 07:00:00-05:00,4409.77,75.01,1353.98
2026-01-05 08:00:00-05:00,4416.94,75.61,1353.98
2026-01-05 09:00:00-05:00,4436.99,76.79,1353.98
2026-01-05 10:00:00-05:00,4448.64,77.16,1353.98
2026-01-05 11:00:00-05:00,4441.85,77.07,1353.98
2026-01-05 12:00:00-05:00,4443.64,76.45,1353.98
2026-01-05 13:00:00-05:00,4448.76,76.53,1353.98
2026-01-05 14:00:00-05:00,4439.94,76.11,1353.98
2026-01-05 15:00:00-05:00,4445.01,76.2,1353.98
2026-01-05 16:00:00-05:00,4446.4,76.55,1353.98
2026-01-05 18:00:00-05:00,4440.6,76.2,1353.98
2026-01-05 19:00:00-05:00,4436.5,76.33,1353.98
2026-01-05 20:00:00-05:00,4450.66,76.68,1353.98
2026-01-05 21:00:00-05:00,4454.94,77.74,1353.98
2026-01-05 22:00:00-05:00,4467.84,78.84,1353.98
2026-01-05 23:00:00-05:00,4467.5,78.7,1353.98
2026-01-06 00:00:00-05:00,4452.61,78.5,1353.98
2026-01-06 01:00:00-05:00,4465.86,78.94,1353.98
2026-01-06 02:00:00-05:00,4459.49,78.1,1353.98
2026-01-06 03:00:00-05:00,4468.43,78.58,1353.98
2026-01-06 04:00:00-05:00,4446.44,77.65,1353.98
2026-01-06 05:00:00-05:00,4451.84,77.82,1353.98
2026-01-06 06:00:00-05:00,4463.41,78.34,1353.98
2026-01-06 07:00:00-05:00,4463.74,78.41,1353.98
2026-01-06 08:00:00-05:00,4468.09,78.99,1353.98
2026-01-06 09:00:00-05:00,4487.52,80.4,1353.98
2026-01-06 10:00:00-05:00,4478.44,80.3,1353.98
2026-01-06 11:00:00-05:00,4488.4,80.68,1353.98
2026-01-06 12:00:00-05:00,4489.47,81.23,1353.98
2026-01-06 13:00:00-05:00,4488.6,81.02,1353.98
2026-01-06 14:00:00-05:00,4481.43,80.1,1353.98
2026-01-06 15:00:00-05:00,4493.91,81.29,1353.98
2026-01-06 16:00:00-05:00,4496.12,81.28,1353.98
2026-01-06 18:00:00-05:00,4493.38,82.53,1353.98
2026-01-06 19:00:00-05:00,4492.03,82.54,1353.98
2026-01-06 20:00:00-05:00,4465.69,80.41,1353.98
2026-01-06 21:00:00-05:00,4474.74,81.0,1353.98
2026-01-06 22:00:00-05:00,4474.71,80.31,1353.98
2026-01-06 23:00:00-05:00,4464.81,79.68,1353.98
2026-01-07 00:00:00-05:00,4454.48,79.13,1353.98
2026-01-07 01:00:00-05:00,4444.36,78.98,1353.98
2026-01-07 02:00:00-05:00,4461.19,79.92,1353.98
2026-01-07 03:00:00-05:00,4468.39,79.6,1353.98
2026-01-07 04:00:00-05:00,4463.52,79.49,1353.98
2026-01-07 05:00:00-05:00,4464.56,79.48,1353.98
2026-01-07 06:00:00-05:00,4447.47,78.9,1353.98
2026-01-07 07:00:00-05:00,4445.14,78.59,1353.98
2026-01-07 08:00:00-05:00,4453.01,77.56,1353.98
2026-01-07 09:00:00-05:00,4445.76,77.62,1353.98
2026-01-07 10:00:00-05:00,4446.12,77.21,1353.98
2026-01-07 11:00:00-05:00,4464.34,78.85,1353.98
2026-01-07 12:00:00-05:00,4452.27,78.08,1353.98
2026-01-07 13:00:00-05:00,4452.2,78.15,1353.98
2026-01-07 14:00:00-05:00,4457.02,78.46,1353.98
2026-01-07 15:00:00-05:00,4452.28,78.32,1353.98
2026-01-07 16:00:00-05:00,4456.45,78.22,1353.98
2026-01-07 18:00:00-05:00,4463.53,78.76,1353.98
2026-01-07 19:00:00-05:00,4450.34,77.88,1353.98
2026-01-07 20:00:00-05:00,4448.57,78.63,1353.98
2026-01-07 21:00:00-05:00,4441.47,77.98,1353.98
2026-01-07 22:00:00-05:00,4440.4,78.02,1353.98
2026-01-07 23:00:00-05:00,4431.7,77.65,1353.98
2026-01-08 00:00:00-05:00,4425.56,76.13,1353.98
2026-01-08 01:00:00-05:00,4433.44,76.29,1353.98
2026-01-08 02:00:00-05:00,4430.96,75.96,1353.98
2026-01-08 03:00:00-05:00,4431.75,75.72,1353.98
2026-01-08 04:00:00-05:00,4432.73,76.15,1353.98
2026-01-08 05:00:00-05:00,4433.41,76.03,1353.98
2026-01-08 06:00:00-05:00,4422.91,75.37,1353.98
2026-01-08 07:00:00-05:00,4427.83,75.24,1353.98
2026-01-08 08:00:00-05:00,4423.9,74.17,1353.98
2026-01-08 09:00:00-05:00,4432.96,74.51,1353.98
2026-01-08 10:00:00-05:00,4454.26,75.79,1353.98
2026-01-08 11:00:00-05:00,4463.31,76.23,1353.98
2026-01-08 12:00:00-05:00,4463.53,76.17,1353.98
2026-01-08 13:00:00-05:00,4449.65,75.74,1353.98
2026-01-08 14:00:00-05:00,4452.25,75.88,1353.98
2026-01-08 15:00:00-05:00,4476.28,76.92,1353.98
2026-01-08 16:00:00-05:00,4478.35,77.03,1353.98
2026-01-08 18:00:00-05:00,4475.81,76.69,1353.98
2026-01-08 19:00:00-05:00,4462.82,76.12,1353.98
2026-01-08 20:00:00-05:00,4468.97,76.57,1353.98
2026-01-08 21:00:00-05:00,4469.64,76.98,1353.98
2026-01-08 22:00:00-05:00,4464.22,76.52,1353.98
2026-01-08 23:00:00-05:00,4464.87,76.62,1353.98
2026-01-09 00:00:00-05:00,4468.17,77.08,1353.98
2026-01-09 01:00:00-05:00,4474.29,77.19,1353.98
2026-01-09 02:00:00-05:00,4470.32,77.17,1353.98
2026-01-09 03:00:00-05:00,4468.63,77.49,1353.98
2026-01-09 04:00:00-05:00,4471.32,77.99,1353.98
2026-01-09 05:00:00-05:00,4472.66,78.1,1353.98
2026-01-09 06:00:00-05:00,4475.56,78.0,1353.98
2026-01-09 07:00:00-05:00,4466.08,77.43,1353.98
2026-01-09 08:00:00-05:00,4482.8,78.34,1353.98
2026-01-09 09:00:00-05:00,4494.64,79.34,1353.98
2026-01-09 10:00:00-05:00,4512.45,80.16,1353.98
2026-01-09 11:00:00-05:00,4506.51,80.42,1353.98
2026-01-09 12:00:00-05:00,4484.63,79.56,1353.98
2026-01-09 13:00:00-05:00,4496.16,79.95,1353.98
2026-01-09 14:00:00-05:00,4499.38,79.89,1353.98
2026-01-09 15:00:00-05:00,4507.65,79.83,1353.98
2026-01-09 16:00:00-05:00,4510.61,79.92,1353.98
